kode,nama_ptn,nama_prodi,provinsi,kota,singkatan,rumpun,mapel_syarat,daya_tampung_snbp,peminat_snbp,daya_tampung_snbt,peminat_snbt,pg_snbt,pg_snbp,jenjang
111001.0,UNIVERSITAS SYIAH KUALA,KEDOKTERAN HEWAN,Prov. Aceh,Kota Banda Aceh,USK,Ilmu atau Sains Veteriner,"Biologi, Kimia, Matematika",50.0,389.0,80.0,689.0,587.32,88.12,S1
111002.0,UNIVERSITAS SYIAH KUALA,TEKNIK SIPIL - S1,Prov. Aceh,Kota Banda Aceh,USK,Teknik atau rekayasa,"Fisika, Matematika Tingkat Lanjut, Matematika",54.0,435.0,86.0,680.0,609.04,89.2,S1
111003.0,UNIVERSITAS SYIAH KUALA,TEKNIK MESIN - S1,Prov. Aceh,Kota Banda Aceh,USK,Teknik atau rekayasa,"Fisika, Matematika Tingkat Lanjut, Matematika",30.0,172.0,48.0,243.0,607.81,89.14,S1
111004.0,UNIVERSITAS SYIAH KUALA,TEKNIK KIMIA,Prov. Aceh,Kota Banda Aceh,USK,Teknik atau rekayasa,"Fisika, Matematika Tingkat Lanjut, Matematika",35.0,174.0,56.0,150.0,604.9,89.0,S1
111005.0,UNIVERSITAS SYIAH KUALA,ARSITEKTUR,Prov. Aceh,Kota Banda Aceh,USK,Arsitektur,"Matematika, Fisika",38.0,303.0,60.0,358.0,582.3,87.87,S1
111006.0,UNIVERSITAS SYIAH KUALA,TEKNIK ELEKTRO,Prov. Aceh,Kota Banda Aceh,USK,Teknik atau rekayasa,"Fisika, Matematika Tingkat Lanjut, Matematika",30.0,189.0,48.0,237.0,609.32,89.22,S1
111007.0,UNIVERSITAS SYIAH KUALA,AGROTEKNOLOGI,Prov. Aceh,Kota Banda Aceh,USK,Ilmu dan Sains Pertanian,"Biologi, Matematika",30.0,225.0,48.0,263.0,533.77,85.44,S1
111008.0,UNIVERSITAS SYIAH KUALA,AGROBISNIS,Prov. Aceh,Kota Banda Aceh,USK,Ilmu dan Sains Pertanian,"Biologi, Matematika",28.0,380.0,44.0,402.0,533.33,85.42,S1
111009.0,UNIVERSITAS SYIAH KUALA,PETERNAKAN,Prov. Aceh,Kota Banda Aceh,USK,Peternakan,"Biologi, Matematika",29.0,116.0,46.0,175.0,526.68,85.08,S1
111010.0,UNIVERSITAS SYIAH KUALA,TEKNOLOGI HASIL PERTANIAN,Prov. Aceh,Kota Banda Aceh,USK,"Teknologi Pangan, Teknologi Hasil Pertanian/ Peternakan/ Perikanan","Kimia, Biologi, Matematika",25.0,131.0,40.0,137.0,518.1,84.66,S1
111011.0,UNIVERSITAS SYIAH KUALA,TEKNIK PERTANIAN,Prov. Aceh,Kota Banda Aceh,USK,Teknik atau rekayasa,"Fisika, Matematika Tingkat Lanjut, Matematika",35.0,212.0,56.0,266.0,539.27,85.71,S1
111012.0,UNIVERSITAS SYIAH KUALA,PENDIDIKAN BIOLOGI,Prov. Aceh,Kota Banda Aceh,USK,Pendidikan Biologi,Biologi,33.0,274.0,52.0,219.0,519.08,84.7,S1
111013.0,UNIVERSITAS SYIAH KUALA,PENDIDIKAN MATEMATIKA,Prov. Aceh,Kota Banda Aceh,USK,Pendidikan Matematika,"Matematika, Matematika Tingkat Lanjut",33.0,246.0,52.0,197.0,524.12,84.96,S1
111014.0,UNIVERSITAS SYIAH KUALA,PENDIDIKAN FISIKA,Prov. Aceh,Kota Banda Aceh,USK,Pendidikan Fisika,Fisika,28.0,91.0,44.0,73.0,521.46,84.82,S1
111015.0,UNIVERSITAS SYIAH KUALA,PENDIDIKAN KIMIA,Prov. Aceh,Kota Banda Aceh,USK,Pendidikan Kimia,Kimia,28.0,106.0,44.0,66.0,521.67,84.83,S1
111016.0,UNIVERSITAS SYIAH KUALA,KEDOKTERAN,Prov. Aceh,Kota Banda Aceh,USK,Ilmu atau Sains Kedokteran,"Biologi, Kimia, Matematika",63.0,1219.0,100.0,2298.0,646.11,91.06,S1
111017.0,UNIVERSITAS SYIAH KUALA,KEPERAWATAN,Prov. Aceh,Kota Banda Aceh,USK,Keperawatan,"Biologi, Matematika",50.0,969.0,80.0,1179.0,563.15,86.91,S1
111018.0,UNIVERSITAS SYIAH KUALA,KEDOKTERAN GIGI,Prov. Aceh,Kota Banda Aceh,USK,Ilmu atau Sains Kedokteran Gigi,"Biologi, Kimia, Matematika",25.0,532.0,40.0,880.0,546.71,86.09,S1
111019.0,UNIVERSITAS SYIAH KUALA,MATEMATIKA,Prov. Aceh,Kota Banda Aceh,USK,Matematika,"Matematika Tingkat Lanjut, Matematika",23.0,117.0,36.0,110.0,536.82,85.59,S1
111020.0,UNIVERSITAS SYIAH KUALA,FISIKA,Prov. Aceh,Kota Banda Aceh,USK,Fisika,"Fisika, Matematika",23.0,33.0,36.0,35.0,535.02,85.5,S1
111021.0,UNIVERSITAS SYIAH KUALA,KIMIA,Prov. Aceh,Kota Banda Aceh,USK,Kimia,"Kimia, Matematika",23.0,77.0,36.0,64.0,528.38,85.17,S1
111022.0,UNIVERSITAS SYIAH KUALA,BIOLOGI,Prov. Aceh,Kota Banda Aceh,USK,Biologi,"Biologi, Matematika",23.0,151.0,36.0,162.0,532.16,85.36,S1
111023.0,UNIVERSITAS SYIAH KUALA,ILMU KELAUTAN,Prov. Aceh,Kota Banda Aceh,USK,Ilmu atau Sains Kelautan,"Biologi, Matematika, Geografi",45.0,121.0,72.0,153.0,536.2,85.56,S1
111024.0,UNIVERSITAS SYIAH KUALA,BUDIDAYA PERAIRAN,Prov. Aceh,Kota Banda Aceh,USK,"Bioteknologi, Biokewirausaha an, Bioinformatika","Biologi, Matematika",45.0,68.0,72.0,106.0,535.72,85.54,S1
111025.0,UNIVERSITAS SYIAH KUALA,TEKNIK INDUSTRI,Prov. Aceh,Kota Banda Aceh,USK,Teknik atau rekayasa,"Fisika, Matematika Tingkat Lanjut, Matematika",23.0,252.0,36.0,350.0,598.55,88.68,S1
111026.0,UNIVERSITAS SYIAH KUALA,INFORMATIKA,Prov. Aceh,Kota Banda Aceh,USK,Ilmu atau Sains Informasi,"Matematika Tingkat Lanjut, Matematika",23.0,831.0,36.0,116.0,609.04,89.2,S1
111027.0,UNIVERSITAS SYIAH KUALA,FARMASI,Prov. Aceh,Kota Banda Aceh,USK,Ilmu Farmasi,"Biologi, Kimia, Matematika",15.0,1066.0,24.0,1563.0,604.27,88.96,S1
111028.0,UNIVERSITAS SYIAH KUALA,TEKNIK GEOFISIKA,Prov. Aceh,Kota Banda Aceh,USK,Teknik atau rekayasa,"Fisika, Matematika Tingkat Lanjut, Matematika",23.0,96.0,36.0,84.0,555.45,86.52,S1
111029.0,UNIVERSITAS SYIAH KUALA,TEKNIK PERTAMBANGAN,Prov. Aceh,Kota Banda Aceh,USK,Teknik atau rekayasa,"Fisika, Matematika Tingkat Lanjut, Matematika",23.0,253.0,36.0,528.0,606.39,89.07,S1
111030.0,UNIVERSITAS SYIAH KUALA,STATISTIK,Prov. Aceh,Kota Banda Aceh,USK,Sains Data,"Matematika Tingkat Lanjut, Matematika",23.0,292.0,36.0,276.0,538.22,85.66,S1
111031.0,UNIVERSITAS SYIAH KUALA,PEMANFAATAN SUMBERDAYA PERIKANAN,Prov. Aceh,Kota Banda Aceh,USK,Ilmu atau Sains Perikanan,"Biologi, Matematika",38.0,59.0,60.0,80.0,528.87,85.19,S1
111032.0,UNIVERSITAS SYIAH KUALA,ILMU TANAH,Prov. Aceh,Kota Banda Aceh,USK,Ilmu atau Sains Lingkungan,"Biologi, Matematika",23.0,75.0,36.0,87.0,528.6,85.18,S1
111033.0,UNIVERSITAS SYIAH KUALA,TEKNIK GEOLOGI,Prov. Aceh,Kota Banda Aceh,USK,Ilmu atau Sains Kebumian,"Fisika, Matematika Tingkat Lanjut, Matematika",20.0,101.0,32.0,123.0,555.81,86.54,S1
111034.0,UNIVERSITAS SYIAH KUALA,AGROTEKNOLOGI (PSDKU GAYO LUES),Prov. Aceh,Kota Banda Aceh,USK,Ilmu dan Sains Pertanian,"Biologi, Matematika",10.0,5.0,16.0,13.0,529.32,85.22,S1
111035.0,UNIVERSITAS SYIAH KUALA,PENDIDIKAN BIOLOGI (PSDKU GAYO LUES),Prov. Aceh,Kota Banda Aceh,USK,Pendidikan Biologi,Biologi,13.0,1.0,20.0,10.0,508.4,84.17,S1
111036.0,UNIVERSITAS SYIAH KUALA,KEHUTANAN  (PSDKU GAYO LUES),Prov. Aceh,Kota Banda Aceh,USK,Kehutanan,"Biologi, Matematika",13.0,13.0,20.0,23.0,550.59,86.28,S1
111037.0,UNIVERSITAS SYIAH KUALA,PROTEKSI TANAMAN,Prov. Aceh,Kota Banda Aceh,USK,"Teknologi Pangan, Teknologi Hasil Pertanian/ Peternakan/ Perikanan","Kimia, Biologi, Matematika",15.0,53.0,24.0,54.0,527.25,85.11,S1
111038.0,UNIVERSITAS SYIAH KUALA,PERENCANAAN WILAYAH DAN KOTA,Prov. Aceh,Kota Banda Aceh,USK,Perencanaan Wilayah,"Ekonomi, Matematika",23.0,250.0,36.0,339.0,557.07,86.6,S1
111039.0,UNIVERSITAS SYIAH KUALA,KEHUTANAN,Prov. Aceh,Kota Banda Aceh,USK,Kehutanan,"Biologi, Matematika",25.0,148.0,40.0,174.0,546.64,86.08,S1
111040.0,UNIVERSITAS SYIAH KUALA,TEKNIK KOMPUTER,Prov. Aceh,Kota Banda Aceh,USK,Komputer,"Matematika Tingkat Lanjut, Matematika",30.0,701.0,48.0,769.0,609.54,89.23,S1
111041.0,UNIVERSITAS SYIAH KUALA,EKONOMI PEMBANGUNAN,Prov. Aceh,Kota Banda Aceh,USK,Ekonomi,"Ekonomi, Matematika",40.0,227.0,64.0,405.0,601.28,88.81,S1
111042.0,UNIVERSITAS SYIAH KUALA,MANAJEMEN,Prov. Aceh,Kota Banda Aceh,USK,Ilmu atau Sains Manajemen,"Ekonomi, Matematika",65.0,847.0,104.0,1294.0,609.65,89.23,S1
111043.0,UNIVERSITAS SYIAH KUALA,AKUNTANSI,Prov. Aceh,Kota Banda Aceh,USK,Ilmu atau Sains Akuntansi,"Ekonomi, Matematika",50.0,527.0,80.0,624.0,617.32,89.62,S1
111044.0,UNIVERSITAS SYIAH KUALA,HUKUM,Prov. Aceh,Kota Banda Aceh,USK,Hukum,"Sosiologi, Pendidikan Pancasila",124.0,639.0,198.0,1298.0,518.32,84.67,S1
111045.0,UNIVERSITAS SYIAH KUALA,PENDIDIKAN PANCASILA DAN KEWARGANEGARAAN,Prov. Aceh,Kota Banda Aceh,USK,Pendidikan Pancasila,Pendidikan Pancasila,28.0,191.0,44.0,208.0,499.31,83.72,S1
111046.0,UNIVERSITAS SYIAH KUALA,PENDIDIKAN SEJARAH,Prov. Aceh,Kota Banda Aceh,USK,Pendidikan Sejarah,Sejarah,28.0,183.0,44.0,195.0,490.45,83.27,S1
111047.0,UNIVERSITAS SYIAH KUALA,PENDIDIKAN EKONOMI,Prov. Aceh,Kota Banda Aceh,USK,Pendidikan Ekonomi,Ekonomi,28.0,127.0,44.0,117.0,503.12,83.91,S1
111048.0,UNIVERSITAS SYIAH KUALA,PENDIDIKAN GEOGRAFI,Prov. Aceh,Kota Banda Aceh,USK,Pendidikan Geografi,Geografi,28.0,148.0,44.0,120.0,500.92,83.8,S1
111049.0,UNIVERSITAS SYIAH KUALA,PENDIDIKAN BAHASA INDONESIA,Prov. Aceh,Kota Banda Aceh,USK,Pendidikan Bahasa Indonesia,Bahasa Indonesia,25.0,208.0,40.0,257.0,508.13,84.16,S1
111050.0,UNIVERSITAS SYIAH KUALA,PENDIDIKAN BAHASA INGGRIS,Prov. Aceh,Kota Banda Aceh,USK,Pendidikan Bahasa Inggris,Bahasa Inggris,30.0,248.0,48.0,332.0,511.76,84.34,S1
111051.0,UNIVERSITAS SYIAH KUALA,"PENDIDIKAN SENI DRAMA, TARI DAN MUSIK",Prov. Aceh,Kota Banda Aceh,USK,Pendidikan Seni,Seni Budaya,31.0,239.0,50.0,309.0,481.69,82.83,S1
111052.0,UNIVERSITAS SYIAH KUALA,PENDIDIKAN KESEJAHTERAAN KELUARGA,Prov. Aceh,Kota Banda Aceh,USK,Pendidikan Kesejahteraan Keluarga,"Seni Budaya, Biologi",28.0,372.0,44.0,440.0,479.72,82.74,S1
111053.0,UNIVERSITAS SYIAH KUALA,PENDIDIKAN JASMANI KESEHATAN DAN REKREASI,Prov. Aceh,Kota Banda Aceh,USK,Pendidikan Jasmani Kesehatan,"Pendidikan Jasmani, Biologi",31.0,66.0,50.0,172.0,485.24,83.01,S1
111054.0,UNIVERSITAS SYIAH KUALA,PENDIDIKAN BIMBINGAN DAN KONSELING,Prov. Aceh,Kota Banda Aceh,USK,Psikologi,"Sosiologi, Matematika",28.0,463.0,44.0,582.0,496.06,83.55,S1
111055.0,UNIVERSITAS SYIAH KUALA,PENDIDIKAN GURU SD,Prov. Aceh,Kota Banda Aceh,USK,Pendidikan SD,"Matematika, Bahasa Indonesia",33.0,657.0,52.0,825.0,494.54,83.48,S1
111056.0,UNIVERSITAS SYIAH KUALA,PSIKOLOGI,Prov. Aceh,Kota Banda Aceh,USK,Psikologi,"Sosiologi, Matematika",20.0,398.0,32.0,678.0,611.64,89.33,S1
111057.0,UNIVERSITAS SYIAH KUALA,ILMU POLITIK,Prov. Aceh,Kota Banda Aceh,USK,Sosial,"Sosiologi, Sejarah, Antropologi",38.0,116.0,60.0,230.0,578.38,87.67,S1
111058.0,UNIVERSITAS SYIAH KUALA,SOSIOLOGI,Prov. Aceh,Kota Banda Aceh,USK,Studi Humanitas,"Sosiologi, Pendidikan Pancasila, Antropologi",38.0,210.0,60.0,227.0,574.01,87.45,S1
111059.0,UNIVERSITAS SYIAH KUALA,ILMU KOMUNIKASI,Prov. Aceh,Kota Banda Aceh,USK,Ilmu atau Sains Komunikasi,"Sosiologi, Bahasa Indonesia, Antropologi",38.0,356.0,60.0,823.0,606.57,89.08,S1
111060.0,UNIVERSITAS SYIAH KUALA,PENDIDIKAN GURU PAUD,Prov. Aceh,Kota Banda Aceh,USK,Pendidikan PAUD,"Matematika, Bahasa Indonesia",28.0,281.0,44.0,254.0,509.83,84.24,S1
111061.0,UNIVERSITAS SYIAH KUALA,ILMU PEMERINTAHAN,Prov. Aceh,Kota Banda Aceh,USK,Urusan Publik,"Sosiologi, Pendidikan Pancasila",38.0,233.0,60.0,406.0,514.37,84.47,S1
111062.0,UNIVERSITAS SYIAH KUALA,EKONOMI ISLAM,Prov. Aceh,Kota Banda Aceh,USK,Ekonomi,"Ekonomi, Matematika",40.0,296.0,64.0,449.0,534.34,85.47,S1
111063.0,UNIVERSITAS SYIAH KUALA,MANAJEMEN (PSDKU GAYO LUES),Prov. Aceh,Kota Banda Aceh,USK,Ilmu atau Sains Manajemen,"Ekonomi, Matematika",15.0,12.0,24.0,21.0,583.32,87.92,S1
111064.0,UNIVERSITAS SYIAH KUALA,KESEHATAN HEWAN,Prov. Aceh,Kota Banda Aceh,USK,Ilmu atau Sains Veteriner,"Biologi, Kimia, Matematika",10.0,0.0,16.0,0.0,0.0,0.0,D3
111065.0,UNIVERSITAS SYIAH KUALA,AKUNTANSI PERPAJAKAN,Prov. Aceh,Kota Banda Aceh,USK,Ilmu atau Sains Akuntansi,"Ekonomi, Matematika",20.0,0.0,32.0,0.0,0.0,0.0,D4
111066.0,UNIVERSITAS SYIAH KUALA,MANAJEMEN AGROBISNIS,Prov. Aceh,Kota Banda Aceh,USK,"Bioteknologi, Biokewirausaha an, Bioinformatika","Biologi, Matematika",25.0,0.0,40.0,0.0,0.0,0.0,D3
111067.0,UNIVERSITAS SYIAH KUALA,TEKNIK LISTRIK,Prov. Aceh,Kota Banda Aceh,USK,Teknik atau rekayasa,"Fisika, Matematika Tingkat Lanjut, Matematika",8.0,0.0,12.0,0.0,0.0,0.0,D3
111068.0,UNIVERSITAS SYIAH KUALA,BUDIDAYA PETERNAKAN,Prov. Aceh,Kota Banda Aceh,USK,Peternakan,"Biologi, Matematika",10.0,0.0,16.0,0.0,0.0,0.0,D3
111069.0,UNIVERSITAS SYIAH KUALA,TEKNIK MESIN - D3,Prov. Aceh,Kota Banda Aceh,USK,Teknik atau rekayasa,"Fisika, Matematika Tingkat Lanjut, Matematika",8.0,0.0,12.0,0.0,0.0,0.0,D3
111070.0,UNIVERSITAS SYIAH KUALA,TEKNIK ELEKTRONIKA,Prov. Aceh,Kota Banda Aceh,USK,Teknik atau rekayasa,"Fisika, Matematika Tingkat Lanjut, Matematika",10.0,0.0,16.0,0.0,0.0,0.0,D3
111071.0,UNIVERSITAS SYIAH KUALA,TEKNIK SIPIL - D3,Prov. Aceh,Kota Banda Aceh,USK,Teknik atau rekayasa,"Fisika, Matematika Tingkat Lanjut, Matematika",15.0,0.0,24.0,0.0,0.0,0.0,D3
111072.0,UNIVERSITAS SYIAH KUALA,SEKRETARI,Prov. Aceh,Kota Banda Aceh,USK,Urusan Publik,"Sosiologi, Pendidikan Pancasila",13.0,0.0,20.0,0.0,0.0,0.0,D3
111073.0,UNIVERSITAS SYIAH KUALA,MANAJEMEN PERUSAHAAN,Prov. Aceh,Kota Banda Aceh,USK,Ilmu atau Sains Manajemen,"Ekonomi, Matematika",13.0,0.0,20.0,0.0,0.0,0.0,D3
111074.0,UNIVERSITAS SYIAH KUALA,PEMASARAN,Prov. Aceh,Kota Banda Aceh,USK,Ilmu atau Sains Manajemen,"Ekonomi, Matematika",9.0,0.0,14.0,0.0,0.0,0.0,D3
111075.0,UNIVERSITAS SYIAH KUALA,AKUNTANSI - D3,Prov. Aceh,Kota Banda Aceh,USK,Ilmu atau Sains Akuntansi,"Ekonomi, Matematika",20.0,0.0,32.0,0.0,0.0,0.0,D3
111076.0,UNIVERSITAS SYIAH KUALA,KEUANGAN DAN PERBANKAN,Prov. Aceh,Kota Banda Aceh,USK,Ilmu atau Sains Akuntansi,"Ekonomi, Matematika",20.0,0.0,32.0,0.0,0.0,0.0,D3
111077.0,UNIVERSITAS SYIAH KUALA,MANAJEMEN INFORMATIKA,Prov. Aceh,Kab Aceh Utara,UNIMA,Ilmu atau Sains Informasi,"Matematika Tingkat Lanjut, Matematika",15.0,0.0,24.0,0.0,0.0,0.0,D3
112001.0,UNIVERSITAS MALIKUSSALEH,TEKNIK SIPIL,Prov. Aceh,Kab Aceh Utara,UNIMA,Teknik atau rekayasa,"Fisika, Matematika Tingkat Lanjut, Matematika",150.0,268.0,120.0,303.0,584.27,87.96,S1
112002.0,UNIVERSITAS MALIKUSSALEH,TEKNIK MESIN,Prov. Aceh,Kab Aceh Utara,UNIMA,Teknik atau rekayasa,"Fisika, Matematika Tingkat Lanjut, Matematika",150.0,198.0,120.0,163.0,591.94,88.35,S1
112003.0,UNIVERSITAS MALIKUSSALEH,TEKNIK KIMIA,Prov. Aceh,Kab Aceh Utara,UNIMA,Teknik atau rekayasa,"Fisika, Matematika Tingkat Lanjut, Matematika",150.0,138.0,120.0,135.0,585.72,88.04,S1
112004.0,UNIVERSITAS MALIKUSSALEH,TEKNIK ELEKTRO,Prov. Aceh,Kab Aceh Utara,UNIMA,Teknik atau rekayasa,"Fisika, Matematika Tingkat Lanjut, Matematika",100.0,125.0,80.0,154.0,590.11,88.26,S1
112005.0,UNIVERSITAS MALIKUSSALEH,TEKNIK INDUSTRI,Prov. Aceh,Kab Aceh Utara,UNIMA,Teknik atau rekayasa,"Fisika, Matematika Tingkat Lanjut, Matematika",125.0,273.0,100.0,323.0,594.96,88.5,S1
112006.0,UNIVERSITAS MALIKUSSALEH,TEKNIK INFORMATIKA,Prov. Aceh,Kab Aceh Utara,UNIMA,Ilmu atau Sains Informasi,"Matematika Tingkat Lanjut, Matematika",125.0,621.0,100.0,666.0,605.18,89.01,S1
112007.0,UNIVERSITAS MALIKUSSALEH,TEKNIK ARSITEKTUR,Prov. Aceh,Kab Aceh Utara,UNIMA,Teknik atau rekayasa,"Fisika, Matematika Tingkat Lanjut, Matematika",100.0,130.0,80.0,122.0,599.19,88.71,S1
112008.0,UNIVERSITAS MALIKUSSALEH,AGROEKOTEKNOLOGI,Prov. Aceh,Kab Aceh Utara,UNIMA,Ilmu dan Sains Pertanian,"Biologi, Matematika",120.0,255.0,96.0,308.0,535.11,85.51,S1
112009.0,UNIVERSITAS MALIKUSSALEH,AGROBISNIS,Prov. Aceh,Kab Aceh Utara,UNIMA,Ilmu dan Sains Pertanian,"Biologi, Matematika",60.0,228.0,48.0,226.0,540.28,85.76,S1
112010.0,UNIVERSITAS MALIKUSSALEH,AKUAKULTUR,Prov. Aceh,Kab Aceh Utara,UNIMA,Ilmu atau Sains Perikanan,"Biologi, Matematika",45.0,33.0,36.0,53.0,528.58,85.18,S1
112011.0,UNIVERSITAS MALIKUSSALEH,KEDOKTERAN,Prov. Aceh,Kab Aceh Utara,UNIMA,Ilmu atau Sains Kedokteran,"Biologi, Kimia, Matematika",39.0,718.0,52.0,1256.0,629.36,90.22,S1
112012.0,UNIVERSITAS MALIKUSSALEH,PENDIDIKAN FISIKA,Prov. Aceh,Kab Aceh Utara,UNIMA,Pendidikan Fisika,Fisika,60.0,48.0,48.0,44.0,523.39,84.92,S1
112013.0,UNIVERSITAS MALIKUSSALEH,PENDIDIKAN KIMIA,Prov. Aceh,Kab Aceh Utara,UNIMA,Pendidikan Kimia,Kimia,60.0,57.0,48.0,42.0,522.34,84.87,S1
112014.0,UNIVERSITAS MALIKUSSALEH,PENDIDIKAN MATEMATIKA,Prov. Aceh,Kab Aceh Utara,UNIMA,Pendidikan Matematika,"Matematika, Matematika Tingkat Lanjut",60.0,138.0,48.0,109.0,529.21,85.21,S1
112015.0,UNIVERSITAS MALIKUSSALEH,PENDIDIKAN VOKASIONAL TEKNIK MESIN,Prov. Aceh,Kab Aceh Utara,UNIMA,Pendidikan Teknik Mesin,"Fisika, Matematika Tingkat Lanjut, Matematika",30.0,19.0,24.0,27.0,559.54,86.73,S1
112016.0,UNIVERSITAS MALIKUSSALEH,SISTEM INFORMASI,Prov. Aceh,Kab Aceh Utara,UNIMA,Ilmu atau Sains Informasi,"Matematika Tingkat Lanjut, Matematika",100.0,260.0,80.0,255.0,557.89,86.64,S1
112017.0,UNIVERSITAS MALIKUSSALEH,ILMU KELAUTAN,Prov. Aceh,Kab Aceh Utara,UNIMA,Ilmu atau Sains Kelautan,"Biologi, Matematika, Geografi",30.0,55.0,24.0,47.0,532.74,85.39,S1
112018.0,UNIVERSITAS MALIKUSSALEH,TEKNIK MATERIAL,Prov. Aceh,Kab Aceh Utara,UNIMA,Teknik atau rekayasa,"Fisika, Matematika Tingkat Lanjut, Matematika",60.0,11.0,48.0,33.0,550.25,86.26,S1
112019.0,UNIVERSITAS MALIKUSSALEH,TEKNIK LOGISTIK,Prov. Aceh,Kab Aceh Utara,UNIMA,Teknik atau rekayasa,"Fisika, Matematika Tingkat Lanjut, Matematika",50.0,34.0,40.0,66.0,529.73,85.24,S1
112020.0,UNIVERSITAS MALIKUSSALEH,MANAJEMEN,Prov. Aceh,Kab Aceh Utara,UNIMA,Ilmu atau Sains Manajemen,"Ekonomi, Matematika",150.0,731.0,120.0,597.0,577.22,87.61,S1
112021.0,UNIVERSITAS MALIKUSSALEH,AKUNTANSI,Prov. Aceh,Kab Aceh Utara,UNIMA,Ilmu atau Sains Akuntansi,"Ekonomi, Matematika",125.0,391.0,100.0,279.0,580.27,87.76,S1
112022.0,UNIVERSITAS MALIKUSSALEH,ILMU EKONOMI DAN STUDI PEMBANGUNAN,Prov. Aceh,Kab Aceh Utara,UNIMA,Ekonomi,"Ekonomi, Matematika",125.0,124.0,100.0,141.0,531.62,85.33,S1
112023.0,UNIVERSITAS MALIKUSSALEH,ADMINISTRASI PUBLIK,Prov. Aceh,Kab Aceh Utara,UNIMA,Administrasi Bisnis,"Ekonomi, Matematika",160.0,262.0,128.0,267.0,555.61,86.53,S1
112024.0,UNIVERSITAS MALIKUSSALEH,SOSIOLOGI,Prov. Aceh,Kab Aceh Utara,UNIMA,Studi Humanitas,"Sosiologi, Pendidikan Pancasila, Antropologi",80.0,185.0,64.0,115.0,565.05,87.0,S1
112025.0,UNIVERSITAS MALIKUSSALEH,ILMU POLITIK,Prov. Aceh,Kab Aceh Utara,UNIMA,Sosial,"Sosiologi, Sejarah, Antropologi",100.0,59.0,80.0,95.0,535.55,85.53,S1
112026.0,UNIVERSITAS MALIKUSSALEH,ANTROPOLOGI,Prov. Aceh,Kab Aceh Utara,UNIMA,Studi Humanitas,"Sosiologi, Pendidikan Pancasila, Antropologi",80.0,50.0,64.0,46.0,547.32,86.12,S1
112027.0,UNIVERSITAS MALIKUSSALEH,ILMU KOMUNIKASI,Prov. Aceh,Kab Aceh Utara,UNIMA,Ilmu atau Sains Komunikasi,"Sosiologi, Bahasa Indonesia, Antropologi",160.0,395.0,128.0,423.0,577.02,87.6,S1
112028.0,UNIVERSITAS MALIKUSSALEH,HUKUM,Prov. Aceh,Kab Aceh Utara,UNIMA,Hukum,"Sosiologi, Pendidikan Pancasila",225.0,398.0,180.0,395.0,549.02,86.2,S1
112029.0,UNIVERSITAS MALIKUSSALEH,EKONOMI SYARIAH,Prov. Aceh,Kab Aceh Utara,UNIMA,Ekonomi,"Ekonomi, Matematika",80.0,194.0,64.0,199.0,538.82,85.69,S1
112030.0,UNIVERSITAS MALIKUSSALEH,PSIKOLOGI,Prov. Aceh,Kab Aceh Utara,UNIMA,Psikologi,"Sosiologi, Matematika",75.0,389.0,60.0,367.0,572.22,87.36,S1
112031.0,UNIVERSITAS MALIKUSSALEH,PENDIDIKAN BAHASA INDONESIA,Prov. Aceh,Kab Aceh Utara,UNIMA,Pendidikan Bahasa Indonesia,Bahasa Indonesia,50.0,181.0,40.0,182.0,529.57,85.23,S1
112032.0,UNIVERSITAS MALIKUSSALEH,ADMINISTRASI BISNIS,Prov. Aceh,Kab Aceh Utara,UNIMA,Administrasi Bisnis,"Ekonomi, Matematika",60.0,163.0,48.0,190.0,537.57,85.63,S1
112033.0,UNIVERSITAS MALIKUSSALEH,KEWIRAUSAHAAN,Prov. Aceh,Kab Aceh Utara,UNIMA,Bisnis,"Ekonomi, Matematika",35.0,71.0,28.0,59.0,516.77,84.59,S1
112034.0,UNIVERSITAS MALIKUSSALEH,KEPERAWATAN,Prov. Aceh,Kab Aceh Utara,UNIMA,Keperawatan,"Biologi, Matematika",20.0,0.0,16.0,0.0,0.0,0.0,D3
112035.0,UNIVERSITAS MALIKUSSALEH,KESEKRETARIATAN,Prov. Aceh,Kab Aceh Utara,UNIMA,Urusan Publik,"Sosiologi, Pendidikan Pancasila",20.0,0.0,16.0,0.0,0.0,0.0,D3
113001.0,UNIVERSITAS TEUKU UMAR,TEKNIK SIPIL,Prov. Aceh,Kab Aceh Barat,UTU,Teknik atau rekayasa,"Fisika, Matematika Tingkat Lanjut, Matematika",52.0,89.0,65.0,134.0,552.81,86.39,S1
113002.0,UNIVERSITAS TEUKU UMAR,TEKNIK MESIN,Prov. Aceh,Kab Aceh Barat,UTU,Teknik atau rekayasa,"Fisika, Matematika Tingkat Lanjut, Matematika",56.0,84.0,70.0,93.0,551.28,86.31,S1
113003.0,UNIVERSITAS TEUKU UMAR,TEKNIK INDUSTRI,Prov. Aceh,Kab Aceh Barat,UTU,Teknik atau rekayasa,"Fisika, Matematika Tingkat Lanjut, Matematika",40.0,46.0,50.0,69.0,551.96,86.35,S1
113004.0,UNIVERSITAS TEUKU UMAR,AGROBISNIS,Prov. Aceh,Kab Aceh Barat,UTU,Ilmu dan Sains Pertanian,"Biologi, Matematika",48.0,111.0,60.0,90.0,542.07,85.85,S1
113005.0,UNIVERSITAS TEUKU UMAR,AGROTEKNOLOGI,Prov. Aceh,Kab Aceh Barat,UTU,Ilmu dan Sains Pertanian,"Biologi, Matematika",40.0,58.0,50.0,71.0,515.77,84.54,S1
113006.0,UNIVERSITAS TEUKU UMAR,PERIKANAN,Prov. Aceh,Kab Aceh Barat,UTU,Ilmu atau Sains Perikanan,"Biologi, Matematika",32.0,42.0,40.0,59.0,514.44,84.47,S1
113007.0,UNIVERSITAS TEUKU UMAR,KESEHATAN MASYARAKAT,Prov. Aceh,Kab Aceh Barat,UTU,Kesehatan Masyarakat,"Biologi, Matematika, Sosiologi",60.0,322.0,75.0,391.0,519.81,84.74,S1
113008.0,UNIVERSITAS TEUKU UMAR,AKUAKULTUR,Prov. Aceh,Kab Aceh Barat,UTU,Ilmu atau Sains Perikanan,"Biologi, Matematika",16.0,28.0,20.0,23.0,503.34,83.92,S1
113009.0,UNIVERSITAS TEUKU UMAR,SUMBERDAYA AKUATIK,Prov. Aceh,Kab Aceh Barat,UTU,Ilmu atau Sains Perikanan,"Biologi, Matematika",16.0,14.0,20.0,35.0,500.56,83.78,S1
113010.0,UNIVERSITAS TEUKU UMAR,TEKNOLOGI HASIL PERTANIAN,Prov. Aceh,Kab Aceh Barat,UTU,"Teknologi Pangan, Teknologi Hasil Pertanian/ Peternakan/ Perikanan","Kimia, Biologi, Matematika",36.0,55.0,45.0,68.0,514.61,84.48,S1
113011.0,UNIVERSITAS TEUKU UMAR,ILMU KELAUTAN,Prov. Aceh,Kab Aceh Barat,UTU,Ilmu atau Sains Kelautan,"Biologi, Matematika, Geografi",24.0,32.0,30.0,45.0,518.3,84.67,S1
113012.0,UNIVERSITAS TEUKU UMAR,TEKNOLOGI INFORMASI,Prov. Aceh,Kab Aceh Barat,UTU,Ilmu atau Sains Informasi,"Matematika Tingkat Lanjut, Matematika",40.0,173.0,50.0,191.0,541.68,85.83,S1
113013.0,UNIVERSITAS TEUKU UMAR,ILMU GIZI,Prov. Aceh,Kab Aceh Barat,UTU,Ilmu atau Sains Gizi,"Biologi, Kimia, Matematika",60.0,309.0,75.0,364.0,518.64,84.68,S1
113014.0,UNIVERSITAS TEUKU UMAR,EKONOMI PEMBANGUNAN,Prov. Aceh,Kab Aceh Barat,UTU,Ekonomi,"Ekonomi, Matematika",32.0,62.0,40.0,56.0,550.57,86.28,S1
113015.0,UNIVERSITAS TEUKU UMAR,ADMINISTRASI NEGARA,Prov. Aceh,Kab Aceh Barat,UTU,Administrasi Bisnis,"Ekonomi, Matematika",96.0,166.0,120.0,182.0,551.4,86.32,S1
113016.0,UNIVERSITAS TEUKU UMAR,SOSIOLOGI,Prov. Aceh,Kab Aceh Barat,UTU,Studi Humanitas,"Sosiologi, Pendidikan Pancasila, Antropologi",48.0,106.0,60.0,101.0,544.18,85.96,S1
113017.0,UNIVERSITAS TEUKU UMAR,ILMU KOMUNIKASI,Prov. Aceh,Kab Aceh Barat,UTU,Ilmu atau Sains Komunikasi,"Sosiologi, Bahasa Indonesia, Antropologi",72.0,113.0,90.0,163.0,571.8,87.34,S1
113018.0,UNIVERSITAS TEUKU UMAR,MANAJEMEN,Prov. Aceh,Kab Aceh Barat,UTU,Ilmu atau Sains Manajemen,"Ekonomi, Matematika",72.0,240.0,90.0,176.0,575.02,87.5,S1
113019.0,UNIVERSITAS TEUKU UMAR,AKUNTANSI,Prov. Aceh,Kab Aceh Barat,UTU,Ilmu atau Sains Akuntansi,"Ekonomi, Matematika",60.0,147.0,75.0,130.0,573.26,87.41,S1
113020.0,UNIVERSITAS TEUKU UMAR,HUKUM,Prov. Aceh,Kab Aceh Barat,UNSAM,Hukum,"Sosiologi, Pendidikan Pancasila",60.0,100.0,75.0,135.0,563.38,86.92,S1
114001.0,UNIVERSITAS SAMUDRA,AGROTEKNOLOGI,Prov. Aceh,Kota Langsa,UNSAM,Ilmu dan Sains Pertanian,"Biologi, Matematika",36.0,97.0,36.0,105.0,531.75,85.34,S1
114002.0,UNIVERSITAS SAMUDRA,AGROBISNIS,Prov. Aceh,Kota Langsa,UNSAM,Ilmu dan Sains Pertanian,"Biologi, Matematika",60.0,146.0,60.0,128.0,527.9,85.15,S1
114003.0,UNIVERSITAS SAMUDRA,AKUAKULTUR,Prov. Aceh,Kota Langsa,UNSAM,"Bioteknologi, Biokewirausaha an, Bioinformatika","Biologi, Matematika",24.0,27.0,24.0,43.0,511.95,84.35,S1
114004.0,UNIVERSITAS SAMUDRA,PENDIDIKAN MATEMATIKA,Prov. Aceh,Kota Langsa,UNSAM,Pendidikan Matematika,"Matematika, Matematika Tingkat Lanjut",12.0,46.0,12.0,33.0,509.92,84.25,S1
114005.0,UNIVERSITAS SAMUDRA,PENDIDIKAN FISIKA,Prov. Aceh,Kota Langsa,UNSAM,Pendidikan Fisika,Fisika,12.0,18.0,12.0,11.0,511.11,84.31,S1
114006.0,UNIVERSITAS SAMUDRA,PENDIDIKAN KIMIA,Prov. Aceh,Kota Langsa,UNSAM,Pendidikan Kimia,Kimia,12.0,16.0,12.0,20.0,507.64,84.13,S1
114007.0,UNIVERSITAS SAMUDRA,PENDIDIKAN BIOLOGI,Prov. Aceh,Kota Langsa,UNSAM,Pendidikan Biologi,Biologi,36.0,90.0,36.0,71.0,505.25,84.01,S1
114008.0,UNIVERSITAS SAMUDRA,TEKNIK MESIN,Prov. Aceh,Kota Langsa,UNSAM,Teknik atau rekayasa,"Fisika, Matematika Tingkat Lanjut, Matematika",28.0,77.0,28.0,61.0,533.75,85.44,S1
114009.0,UNIVERSITAS SAMUDRA,TEKNIK SIPIL,Prov. Aceh,Kota Langsa,UNSAM,Teknik atau rekayasa,"Fisika, Matematika Tingkat Lanjut, Matematika",36.0,83.0,36.0,98.0,535.2,85.51,S1
114010.0,UNIVERSITAS SAMUDRA,TEKNIK INDUSTRI,Prov. Aceh,Kota Langsa,UNSAM,Teknik atau rekayasa,"Fisika, Matematika Tingkat Lanjut, Matematika",36.0,75.0,36.0,132.0,553.34,86.42,S1
114011.0,UNIVERSITAS SAMUDRA,INFORMATIKA,Prov. Aceh,Kota Langsa,UNSAM,Ilmu atau Sains Informasi,"Matematika Tingkat Lanjut, Matematika",60.0,215.0,60.0,254.0,548.65,86.18,S1
114012.0,UNIVERSITAS SAMUDRA,MATEMATIKA,Prov. Aceh,Kota Langsa,UNSAM,Matematika,"Matematika Tingkat Lanjut, Matematika",12.0,26.0,12.0,18.0,510.03,84.25,S1
114013.0,UNIVERSITAS SAMUDRA,FISIKA,Prov. Aceh,Kota Langsa,UNSAM,Fisika,"Fisika, Matematika",12.0,7.0,12.0,7.0,503.2,83.91,S1
114014.0,UNIVERSITAS SAMUDRA,KIMIA,Prov. Aceh,Kota Langsa,UNSAM,Kimia,"Kimia, Matematika",12.0,22.0,12.0,18.0,497.65,83.63,S1
114015.0,UNIVERSITAS SAMUDRA,BIOLOGI,Prov. Aceh,Kota Langsa,UNSAM,Biologi,"Biologi, Matematika",12.0,41.0,12.0,33.0,496.19,83.56,S1
114016.0,UNIVERSITAS SAMUDRA,HUKUM,Prov. Aceh,Kota Langsa,UNSAM,Hukum,"Sosiologi, Pendidikan Pancasila",80.0,154.0,80.0,218.0,512.07,84.35,S1
114017.0,UNIVERSITAS SAMUDRA,EKONOMI MANAJEMEN,Prov. Aceh,Kota Langsa,UNSAM,Ilmu atau Sains Manajemen,"Ekonomi, Matematika",80.0,380.0,80.0,320.0,552.82,86.39,S1
114018.0,UNIVERSITAS SAMUDRA,EKONOMI PEMBANGUNAN,Prov. Aceh,Kota Langsa,UNSAM,Ekonomi,"Ekonomi, Matematika",32.0,80.0,32.0,95.0,539.32,85.72,S1
114019.0,UNIVERSITAS SAMUDRA,PENDIDIKAN SEJARAH,Prov. Aceh,Kota Langsa,UNSAM,Pendidikan Sejarah,Sejarah,48.0,99.0,48.0,72.0,523.59,84.93,S1
114020.0,UNIVERSITAS SAMUDRA,PENDIDIKAN GEOGRAFI,Prov. Aceh,Kota Langsa,UNSAM,Pendidikan Geografi,Geografi,48.0,77.0,48.0,55.0,509.78,84.24,S1
114021.0,UNIVERSITAS SAMUDRA,PENDIDIKAN JASMANI KESEHATAN DAN REKREASI,Prov. Aceh,Kota Langsa,UNSAM,Pendidikan Jasmani Kesehatan,"Pendidikan Jasmani, Biologi",32.0,45.0,32.0,61.0,522.55,84.88,S1
114022.0,UNIVERSITAS SAMUDRA,PENDIDIKAN GURU SD,Prov. Aceh,Kota Langsa,UNSAM,Pendidikan SD,"Matematika, Bahasa Indonesia",112.0,496.0,112.0,415.0,510.48,84.27,S1
114023.0,UNIVERSITAS SAMUDRA,PENDIDIKAN BAHASA INGGRIS,Prov. Aceh,Kota Langsa,UNSAM,Pendidikan Bahasa Inggris,Bahasa Inggris,32.0,79.0,32.0,64.0,521.95,84.85,S1
114024.0,UNIVERSITAS SAMUDRA,PENDIDIKAN BAHASA INDONESIA,Prov. Aceh,Kota Langsa,UNSAM,Pendidikan Bahasa Indonesia,Bahasa Indonesia,48.0,121.0,48.0,102.0,546.16,86.06,S1
114025.0,UNIVERSITAS SAMUDRA,AKUNTANSI,Prov. Aceh,Kota Langsa,UNSAM,Ilmu atau Sains Akuntansi,"Ekonomi, Matematika",48.0,151.0,48.0,104.0,591.72,88.34,S1
115001.0,ISBI ACEH,SENI KARAWITAN,Prov. Aceh,Kab Aceh Besar,ISBI ACEH,Seni,Seni Budaya,12.0,1.0,16.0,3.0,496.92,83.6,S1
115002.0,ISBI ACEH,SENI TARI,Prov. Aceh,Kab Aceh Besar,ISBI ACEH,Seni,Seni Budaya,12.0,4.0,16.0,12.0,510.45,84.27,S1
115003.0,ISBI ACEH,SENI TEATER,Prov. Aceh,Kab Aceh Besar,ISBI ACEH,Seni,Seni Budaya,9.0,1.0,12.0,3.0,505.51,84.03,S1
115004.0,ISBI ACEH,SENI RUPA MURNI,Prov. Aceh,Kab Aceh Besar,ISBI ACEH,Seni,Seni Budaya,12.0,3.0,16.0,6.0,510.87,84.29,S1
115005.0,ISBI ACEH,KRIYA SENI,Prov. Aceh,Kab Aceh Besar,ISBI ACEH,Desain,"Seni Budaya, Matematika",12.0,0.0,16.0,8.0,490.98,83.3,S1
115006.0,ISBI ACEH,DESAIN KOMUNIKASI VISUAL (DKV),Prov. Aceh,Kab Aceh Besar,ISBI ACEH,Desain,"Seni Budaya, Matematika",24.0,6.0,32.0,21.0,545.33,86.02,S1
116001.0,UNIVERSITAS ISLAM NEGERI AR-RANIRY,PENDIDIKAN TEKNIK ELEKTRO,Prov. Aceh,Kota Banda Aceh,UINI ARRANIRY,Pendidikan Teknik,"Fisika, Matematika Tingkat Lanjut, Matematika",42.0,24.0,42.0,17.0,506.34,84.07,S1
116002.0,UNIVERSITAS ISLAM NEGERI AR-RANIRY,PENDIDIKAN TEKNOLOGI INFORMASI,Prov. Aceh,Kota Banda Aceh,UINI ARRANIRY,Pendidikan Informatika,"Matematika Tingkat Lanjut, Matematika",70.0,56.0,70.0,41.0,508.12,84.16,S1
116003.0,UNIVERSITAS ISLAM NEGERI AR-RANIRY,ARSITEKTUR,Prov. Aceh,Kota Banda Aceh,UINI ARRANIRY,Arsitektur,"Matematika, Fisika",50.0,45.0,50.0,64.0,551.35,86.32,S1
116004.0,UNIVERSITAS ISLAM NEGERI AR-RANIRY,TEKNIK LINGKUNGAN,Prov. Aceh,Kota Banda Aceh,UINI ARRANIRY,Ilmu atau Sains Lingkungan,"Biologi, Matematika",50.0,34.0,50.0,42.0,534.05,85.45,S1
116005.0,UNIVERSITAS ISLAM NEGERI AR-RANIRY,BIOLOGI,Prov. Aceh,Kota Banda Aceh,UINI ARRANIRY,Biologi,"Biologi, Matematika",24.0,35.0,24.0,24.0,498.99,83.7,S1
116006.0,UNIVERSITAS ISLAM NEGERI AR-RANIRY,KIMIA,Prov. Aceh,Kota Banda Aceh,UINI ARRANIRY,Kimia,"Kimia, Matematika",12.0,8.0,12.0,6.0,495.7,83.54,S1
116007.0,UNIVERSITAS ISLAM NEGERI AR-RANIRY,TEKNOLOGI INFORMASI,Prov. Aceh,Kota Banda Aceh,UINI ARRANIRY,Ilmu atau Sains Informasi,"Matematika Tingkat Lanjut, Matematika",60.0,129.0,60.0,180.0,558.59,86.68,S1
116008.0,UNIVERSITAS ISLAM NEGERI AR-RANIRY,HUKUM,Prov. Aceh,Kota Banda Aceh,UINI ARRANIRY,Hukum,"Sosiologi, Pendidikan Pancasila",70.0,94.0,70.0,123.0,533.19,85.41,S1
116009.0,UNIVERSITAS ISLAM NEGERI AR-RANIRY,PENDIDIKAN BIMBINGAN DAN KONSELING,Prov. Aceh,Kota Banda Aceh,UINI ARRANIRY,Psikologi,"Sosiologi, Matematika",70.0,115.0,70.0,100.0,500.02,83.75,S1
116010.0,UNIVERSITAS ISLAM NEGERI AR-RANIRY,PERPUSTAKAAN,Prov. Aceh,Kota Banda Aceh,UINI ARRANIRY,Ilmu atau Sains Komunikasi,"Sosiologi, Bahasa Indonesia, Antropologi",56.0,112.0,56.0,62.0,506.04,84.05,S1
116013.0,UNIVERSITAS ISLAM NEGERI AR-RANIRY,EKONOMI,Prov. Aceh,Kota Banda Aceh,UINI ARRANIRY,Ekonomi,"Ekonomi, Matematika",56.0,90.0,56.0,125.0,532.23,85.36,S1
116014.0,UNIVERSITAS ISLAM NEGERI AR-RANIRY,ILMU POLITIK,Prov. Aceh,Kota Banda Aceh,UINI ARRANIRY,Sosial,"Sosiologi, Sejarah, Antropologi",42.0,31.0,42.0,15.0,524.73,84.99,S1
116015.0,UNIVERSITAS ISLAM NEGERI AR-RANIRY,ADMINISTRASI NEGARA,Prov. Aceh,Kota Banda Aceh,UINI ARRANIRY,Administrasi Bisnis,"Ekonomi, Matematika",70.0,101.0,70.0,70.0,529.0,85.2,S1
116016.0,UNIVERSITAS ISLAM NEGERI AR-RANIRY,PSIKOLOGI,Prov. Aceh,Kota Banda Aceh,UINI ARRANIRY,Psikologi,"Sosiologi, Matematika",84.0,170.0,84.0,116.0,546.66,86.08,S1
116017.0,UNIVERSITAS ISLAM NEGERI AR-RANIRY,ILMU KESEJAHTERAAN SOSIAL,Prov. Aceh,Kota Banda Aceh,UINI ARRANIRY,Studi Humanitas,"Sosiologi, Pendidikan Pancasila, Antropologi",36.0,31.0,36.0,18.0,504.65,83.98,S1
116018.0,UNIVERSITAS ISLAM NEGERI AR-RANIRY,TEKNIK FISIKA,Prov. Aceh,Kota Banda Aceh,UINI ARRANIRY,Teknik atau rekayasa,"Fisika, Matematika Tingkat Lanjut, Matematika",20.0,0.0,20.0,0.0,0.0,0.0,S1
121001.0,UNIVERSITAS SUMATERA UTARA,KEDOKTERAN,Prov. Sumatera Utara,Kota Medan,USU,Ilmu atau Sains Kedokteran,"Biologi, Kimia, Matematika",50.0,1714.0,76.0,2612.0,664.98,92.0,S1
121002.0,UNIVERSITAS SUMATERA UTARA,TEKNIK SIPIL,Prov. Sumatera Utara,Kota Medan,USU,Teknik atau rekayasa,"Fisika, Matematika Tingkat Lanjut, Matematika",45.0,878.0,45.0,103.0,624.44,89.97,S1
121003.0,UNIVERSITAS SUMATERA UTARA,TEKNIK MESIN,Prov. Sumatera Utara,Kota Medan,USU,Teknik atau rekayasa,"Fisika, Matematika Tingkat Lanjut, Matematika",30.0,367.0,30.0,705.0,611.2,89.31,S1
121004.0,UNIVERSITAS SUMATERA UTARA,TEKNIK ELEKTRO,Prov. Sumatera Utara,Kota Medan,USU,Teknik atau rekayasa,"Fisika, Matematika Tingkat Lanjut, Matematika",41.0,585.0,41.0,664.0,622.8,89.89,S1
121005.0,UNIVERSITAS SUMATERA UTARA,TEKNIK INDUSTRI,Prov. Sumatera Utara,Kota Medan,USU,Teknik atau rekayasa,"Fisika, Matematika Tingkat Lanjut, Matematika",48.0,1065.0,48.0,1263.0,628.31,90.17,S1
121006.0,UNIVERSITAS SUMATERA UTARA,TEKNIK KIMIA,Prov. Sumatera Utara,Kota Medan,USU,Teknik atau rekayasa,"Fisika, Matematika Tingkat Lanjut, Matematika",36.0,573.0,36.0,479.0,621.87,89.84,S1
121007.0,UNIVERSITAS SUMATERA UTARA,KEDOKTERAN GIGI,Prov. Sumatera Utara,Kota Medan,USU,Ilmu atau Sains Kedokteran Gigi,"Biologi, Kimia, Matematika",30.0,968.0,45.0,1237.0,648.95,91.2,S1
121008.0,UNIVERSITAS SUMATERA UTARA,MATEMATIKA,Prov. Sumatera Utara,Kota Medan,USU,Matematika,"Matematika Tingkat Lanjut, Matematika",45.0,448.0,40.0,350.0,570.58,87.28,S1
121009.0,UNIVERSITAS SUMATERA UTARA,KIMIA - S1,Prov. Sumatera Utara,Kota Medan,USU,Kimia,"Kimia, Matematika",45.0,348.0,40.0,283.0,566.37,87.07,S1
121010.0,UNIVERSITAS SUMATERA UTARA,FARMASI,Prov. Sumatera Utara,Kota Medan,USU,Ilmu Farmasi,"Biologi, Kimia, Matematika",41.0,1827.0,60.0,2123.0,634.23,90.46,S1
121011.0,UNIVERSITAS SUMATERA UTARA,FISIKA - S1,Prov. Sumatera Utara,Kota Medan,USU,Fisika,"Fisika, Matematika",45.0,220.0,40.0,150.0,548.49,86.17,S1
121012.0,UNIVERSITAS SUMATERA UTARA,KESEHATAN MASYARAKAT,Prov. Sumatera Utara,Kota Medan,USU,Kesehatan Masyarakat,"Biologi, Matematika, Sosiologi",80.0,1643.0,120.0,1937.0,574.33,87.47,S1
121013.0,UNIVERSITAS SUMATERA UTARA,AGROEKOTEKNOLOGI,Prov. Sumatera Utara,Kota Medan,USU,Ilmu dan Sains Pertanian,"Biologi, Matematika",90.0,969.0,120.0,1019.0,537.72,85.64,S1
121014.0,UNIVERSITAS SUMATERA UTARA,KETEKNIKAN PERTANIAN,Prov. Sumatera Utara,Kota Medan,USU,Ilmu dan Sains Pertanian,"Biologi, Matematika",30.0,573.0,30.0,657.0,516.33,84.57,S1
121015.0,UNIVERSITAS SUMATERA UTARA,BIOLOGI,Prov. Sumatera Utara,Kota Medan,USU,Biologi,"Biologi, Matematika",45.0,567.0,40.0,450.0,538.18,85.66,S1
121016.0,UNIVERSITAS SUMATERA UTARA,AGROBISNIS,Prov. Sumatera Utara,Kota Medan,USU,Ilmu dan Sains Pertanian,"Biologi, Matematika",60.0,1057.0,60.0,1109.0,534.64,85.48,S1
121017.0,UNIVERSITAS SUMATERA UTARA,ILMU DAN TEKNOLOGI PANGAN,Prov. Sumatera Utara,Kota Medan,USU,"Teknologi Pangan, Teknologi Hasil Pertanian/ Peternakan/ Perikanan","Kimia, Biologi, Matematika",30.0,749.0,30.0,715.0,565.7,87.04,S1
121018.0,UNIVERSITAS SUMATERA UTARA,PETERNAKAN,Prov. Sumatera Utara,Kota Medan,USU,Peternakan,"Biologi, Matematika",40.0,372.0,40.0,406.0,516.74,84.59,S1
121019.0,UNIVERSITAS SUMATERA UTARA,ARSITEKTUR,Prov. Sumatera Utara,Kota Medan,USU,Arsitektur,"Matematika, Fisika",33.0,578.0,33.0,671.0,638.43,90.67,S1
121020.0,UNIVERSITAS SUMATERA UTARA,KEPERAWATAN,Prov. Sumatera Utara,Kota Medan,USU,Keperawatan,"Biologi, Matematika",72.0,1366.0,96.0,1414.0,626.28,90.06,S1
121021.0,UNIVERSITAS SUMATERA UTARA,KEHUTANAN,Prov. Sumatera Utara,Kota Medan,USU,Kehutanan,"Biologi, Matematika",90.0,783.0,90.0,836.0,564.0,86.95,S1
121022.0,UNIVERSITAS SUMATERA UTARA,ILMU KOMPUTER,Prov. Sumatera Utara,Kota Medan,USU,Komputer,"Matematika Tingkat Lanjut, Matematika",30.0,1598.0,45.0,1839.0,640.51,90.78,S1
121023.0,UNIVERSITAS SUMATERA UTARA,TEKNOLOGI INFORMASI,Prov. Sumatera Utara,Kota Medan,USU,Ilmu atau Sains Informasi,"Matematika Tingkat Lanjut, Matematika",30.0,1657.0,45.0,177.0,622.82,89.89,S1
121024.0,UNIVERSITAS SUMATERA UTARA,MANAJEMEN SUMBERDAYA PERAIRAN,Prov. Sumatera Utara,Kota Medan,USU,"Bioteknologi, Biokewirausaha an, Bioinformatika","Biologi, Matematika",30.0,456.0,40.0,490.0,535.68,85.53,S1
121025.0,UNIVERSITAS SUMATERA UTARA,TEKNIK LINGKUNGAN,Prov. Sumatera Utara,Kota Medan,USU,Ilmu atau Sains Lingkungan,"Biologi, Matematika",20.0,694.0,20.0,648.0,593.33,88.42,S1
121026.0,UNIVERSITAS SUMATERA UTARA,ILMU GIZI,Prov. Sumatera Utara,Kota Medan,USU,Ilmu atau Sains Gizi,"Biologi, Kimia, Matematika",8.0,675.0,12.0,945.0,575.54,87.53,S1
121027.0,UNIVERSITAS SUMATERA UTARA,HUKUM,Prov. Sumatera Utara,Kota Medan,USU,Hukum,"Sosiologi, Pendidikan Pancasila",100.0,1295.0,150.0,3073.0,580.36,87.77,S1
121028.0,UNIVERSITAS SUMATERA UTARA,SEJARAH,Prov. Sumatera Utara,Kota Medan,USU,Sejarah,Sejarah,54.0,193.0,48.0,245.0,509.46,84.22,S1
121029.0,UNIVERSITAS SUMATERA UTARA,ANTROPOLOGI SOSIAL,Prov. Sumatera Utara,Kota Medan,USU,Studi Humanitas,"Sosiologi, Pendidikan Pancasila, Antropologi",33.0,269.0,33.0,340.0,560.92,86.8,S1
121030.0,UNIVERSITAS SUMATERA UTARA,AKUNTANSI - S1,Prov. Sumatera Utara,Kota Medan,USU,Ilmu atau Sains Akuntansi,"Ekonomi, Matematika",50.0,1463.0,75.0,1461.0,612.75,89.39,S1
121031.0,UNIVERSITAS SUMATERA UTARA,SOSIOLOGI,Prov. Sumatera Utara,Kota Medan,USU,Studi Humanitas,"Sosiologi, Pendidikan Pancasila, Antropologi",39.0,539.0,44.0,500.0,571.13,87.31,S1
121032.0,UNIVERSITAS SUMATERA UTARA,ILMU KESEJAHTERAAN SOSIAL,Prov. Sumatera Utara,Kota Medan,USU,Studi Humanitas,"Sosiologi, Pendidikan Pancasila, Antropologi",33.0,487.0,44.0,610.0,525.66,85.03,S1
121033.0,UNIVERSITAS SUMATERA UTARA,ADMINISTRASI NEGARA,Prov. Sumatera Utara,Kota Medan,USU,Administrasi Bisnis,"Ekonomi, Matematika",22.0,496.0,33.0,837.0,585.67,88.03,S1
121034.0,UNIVERSITAS SUMATERA UTARA,ILMU KOMUNIKASI,Prov. Sumatera Utara,Kota Medan,USU,Ilmu atau Sains Komunikasi,"Sosiologi, Bahasa Indonesia, Antropologi",22.0,740.0,33.0,1665.0,592.74,88.39,S1
121035.0,UNIVERSITAS SUMATERA UTARA,MANAJEMEN,Prov. Sumatera Utara,Kota Medan,USU,Ilmu atau Sains Manajemen,"Ekonomi, Matematika",50.0,2083.0,75.0,2365.0,610.48,89.27,S1
121036.0,UNIVERSITAS SUMATERA UTARA,EKONOMI PEMBANGUNAN,Prov. Sumatera Utara,Kota Medan,USU,Ekonomi,"Ekonomi, Matematika",53.0,579.0,70.0,913.0,598.96,88.7,S1
121037.0,UNIVERSITAS SUMATERA UTARA,ILMU POLITIK,Prov. Sumatera Utara,Kota Medan,USU,Sosial,"Sosiologi, Sejarah, Antropologi",33.0,395.0,33.0,641.0,578.83,87.69,S1
121038.0,UNIVERSITAS SUMATERA UTARA,SASTRA INDONESIA,Prov. Sumatera Utara,Kota Medan,USU,Susastra atau Sastra,"Bahasa Indonesia, Bahasa Inggris, Bahasa Asing Lainnya",35.0,223.0,40.0,372.0,511.83,84.34,S1
121039.0,UNIVERSITAS SUMATERA UTARA,SASTRA DAERAH UNTUK SASTRA MELAYU,Prov. Sumatera Utara,Kota Medan,USU,Susastra atau Sastra,"Bahasa Indonesia, Bahasa Inggris, Bahasa Asing Lainnya",38.0,4.0,34.0,27.0,501.79,83.84,S1
121040.0,UNIVERSITAS SUMATERA UTARA,SASTRA INGGRIS,Prov. Sumatera Utara,Kota Medan,USU,Susastra atau Sastra,"Bahasa Indonesia, Bahasa Inggris, Bahasa Asing Lainnya",64.0,298.0,74.0,788.0,585.3,88.02,S1
121041.0,UNIVERSITAS SUMATERA UTARA,SASTRA DAERAH UNTUK SASTRA BATAK,Prov. Sumatera Utara,Kota Medan,USU,Susastra atau Sastra,"Bahasa Indonesia, Bahasa Inggris, Bahasa Asing Lainnya",35.0,18.0,32.0,44.0,505.01,84.0,S1
121042.0,UNIVERSITAS SUMATERA UTARA,SASTRA ARAB,Prov. Sumatera Utara,Kota Medan,USU,Susastra atau Sastra,"Bahasa Indonesia, Bahasa Inggris, Bahasa Asing Lainnya",65.0,50.0,52.0,130.0,508.13,84.16,S1
121043.0,UNIVERSITAS SUMATERA UTARA,ETNO MUSIKOLOGI,Prov. Sumatera Utara,Kota Medan,USU,Seni,Seni Budaya,45.0,17.0,40.0,108.0,512.76,84.39,S1
121044.0,UNIVERSITAS SUMATERA UTARA,SASTRA JEPANG,Prov. Sumatera Utara,Kota Medan,USU,Susastra atau Sastra,"Bahasa Indonesia, Bahasa Inggris, Bahasa Asing Lainnya",59.0,116.0,52.0,276.0,583.7,87.94,S1
121045.0,UNIVERSITAS SUMATERA UTARA,PERPUSTAKAAN - S1,Prov. Sumatera Utara,Kota Medan,USU,Ilmu atau Sains Komunikasi,"Sosiologi, Bahasa Indonesia, Antropologi",40.0,288.0,40.0,456.0,528.52,85.18,S1
121046.0,UNIVERSITAS SUMATERA UTARA,SASTRA CINA,Prov. Sumatera Utara,Kota Medan,USU,Susastra atau Sastra,"Bahasa Indonesia, Bahasa Inggris, Bahasa Asing Lainnya",30.0,36.0,30.0,90.0,512.3,84.37,S1
121047.0,UNIVERSITAS SUMATERA UTARA,ADMINISTRASI BISNIS,Prov. Sumatera Utara,Kota Medan,USU,Bisnis,"Ekonomi, Matematika",22.0,571.0,33.0,941.0,580.29,87.76,S1
121048.0,UNIVERSITAS SUMATERA UTARA,PSIKOLOGI,Prov. Sumatera Utara,Kota Medan,USU,Psikologi,"Sosiologi, Matematika",75.0,907.0,75.0,2148.0,609.8,89.24,S1
121049.0,UNIVERSITAS SUMATERA UTARA,KEWIRAUSAHAAN,Prov. Sumatera Utara,Kota Medan,USU,Bisnis,"Ekonomi, Matematika",10.0,298.0,15.0,476.0,505.38,84.02,S1
121050.0,UNIVERSITAS SUMATERA UTARA,METROLOGI DAN INSTRUMENTASI,Prov. Sumatera Utara,Kota Medan,USU,Fisika,"Fisika, Matematika",20.0,0.0,30.0,0.0,0.0,0.0,D3
121051.0,UNIVERSITAS SUMATERA UTARA,KIMIA - D3,Prov. Sumatera Utara,Kota Medan,USU,Kimia,"Kimia, Matematika",16.0,0.0,24.0,0.0,0.0,0.0,D3
121052.0,UNIVERSITAS SUMATERA UTARA,STATISTIK,Prov. Sumatera Utara,Kota Medan,USU,Sains Data,"Matematika Tingkat Lanjut, Matematika",20.0,0.0,30.0,0.0,0.0,0.0,D3
121053.0,UNIVERSITAS SUMATERA UTARA,PERPUSTAKAAN - D3,Prov. Sumatera Utara,Kota Medan,USU,Urusan Publik,"Sosiologi, Pendidikan Pancasila",10.0,0.0,15.0,0.0,0.0,0.0,D3
121054.0,UNIVERSITAS SUMATERA UTARA,ADMINISTRASI PERPAJAKAN,Prov. Sumatera Utara,Kota Medan,USU,Administrasi Bisnis,"Ekonomi, Matematika",20.0,0.0,30.0,0.0,0.0,0.0,D3
121055.0,UNIVERSITAS SUMATERA UTARA,KEUANGAN,Prov. Sumatera Utara,Kota Medan,USU,Ilmu atau Sains Akuntansi,"Ekonomi, Matematika",20.0,0.0,30.0,0.0,0.0,0.0,D3
121056.0,UNIVERSITAS SUMATERA UTARA,BAHASA JEPANG,Prov. Sumatera Utara,Kota Medan,USU,Linguistik,"Bahasa Indonesia, Bahasa Inggris",20.0,0.0,30.0,0.0,0.0,0.0,D3
121057.0,UNIVERSITAS SUMATERA UTARA,PERJALANAN WISATA,Prov. Sumatera Utara,Kota Medan,USU,Pariwisata,"Ekonomi, Matematika",20.0,0.0,30.0,0.0,0.0,0.0,D3
121058.0,UNIVERSITAS SUMATERA UTARA,ANALIS FARMASI DAN MAKANAN,Prov. Sumatera Utara,Kota Medan,USU,Ilmu Farmasi,"Biologi, Kimia, Matematika",10.0,0.0,15.0,0.0,0.0,0.0,D3
121059.0,UNIVERSITAS SUMATERA UTARA,BAHASA INGGRIS,Prov. Sumatera Utara,Kota Medan,USU,Linguistik,"Bahasa Indonesia, Bahasa Inggris",20.0,0.0,30.0,0.0,0.0,0.0,D3
121060.0,UNIVERSITAS SUMATERA UTARA,TEKNIK INFORMATIKA,Prov. Sumatera Utara,Kota Medan,USU,Teknik atau rekayasa,"Fisika, Matematika Tingkat Lanjut, Matematika",24.0,0.0,36.0,0.0,0.0,0.0,D3
121061.0,UNIVERSITAS SUMATERA UTARA,KESEKRETARIATAN,Prov. Sumatera Utara,Kota Medan,USU,Urusan Publik,"Sosiologi, Pendidikan Pancasila",15.0,0.0,23.0,0.0,0.0,0.0,D3
121062.0,UNIVERSITAS SUMATERA UTARA,FISIKA - D3,Prov. Sumatera Utara,Kota Medan,USU,Fisika,"Fisika, Matematika",20.0,0.0,30.0,0.0,0.0,0.0,D3
121063.0,UNIVERSITAS SUMATERA UTARA,AKUNTANSI - D3,Prov. Sumatera Utara,Kota Medan,USU,Ilmu atau Sains Akuntansi,"Ekonomi, Matematika",20.0,0.0,30.0,0.0,0.0,0.0,D3
122001.0,UNIVERSITAS NEGERI MEDAN,PENDIDIKAN MATEMATIKA,Prov. Sumatera Utara,Kota Medan,UNIMED,Pendidikan Matematika,"Matematika, Matematika Tingkat Lanjut",96.0,774.0,96.0,774.0,536.67,85.58,S1
122002.0,UNIVERSITAS NEGERI MEDAN,PENDIDIKAN BIOLOGI,Prov. Sumatera Utara,Kota Medan,UNIMED,Pendidikan Biologi,Biologi,106.0,749.0,106.0,749.0,510.84,84.29,S1
122003.0,UNIVERSITAS NEGERI MEDAN,PENDIDIKAN FISIKA,Prov. Sumatera Utara,Kota Medan,UNIMED,Pendidikan Fisika,Fisika,106.0,261.0,106.0,261.0,537.31,85.62,S1
122004.0,UNIVERSITAS NEGERI MEDAN,PENDIDIKAN KIMIA,Prov. Sumatera Utara,Kota Medan,UNIMED,Pendidikan Kimia,Kimia,149.0,344.0,149.0,344.0,528.05,85.15,S1
122005.0,UNIVERSITAS NEGERI MEDAN,PENDIDIKAN TEKNIK BANGUNAN,Prov. Sumatera Utara,Kota Medan,UNIMED,Pendidikan Teknik,"Fisika, Matematika Tingkat Lanjut, Matematika",64.0,127.0,64.0,127.0,531.23,85.31,S1
122006.0,UNIVERSITAS NEGERI MEDAN,PENDIDIKAN TEKNIK MESIN,Prov. Sumatera Utara,Kota Medan,UNIMED,Pendidikan Teknik,"Fisika, Matematika Tingkat Lanjut, Matematika",64.0,237.0,64.0,237.0,538.61,85.68,S1
122007.0,UNIVERSITAS NEGERI MEDAN,PENDIDIKAN TEKNIK ELEKTRO,Prov. Sumatera Utara,Kota Medan,UNIMED,Pendidikan Teknik,"Fisika, Matematika Tingkat Lanjut, Matematika",53.0,140.0,53.0,140.0,531.28,85.31,S1
122008.0,UNIVERSITAS NEGERI MEDAN,KIMIA,Prov. Sumatera Utara,Kota Medan,UNIMED,Kimia,"Kimia, Matematika",48.0,183.0,48.0,183.0,539.09,85.7,S1
122009.0,UNIVERSITAS NEGERI MEDAN,BIOLOGI,Prov. Sumatera Utara,Kota Medan,UNIMED,Biologi,"Biologi, Matematika",80.0,431.0,80.0,431.0,534.89,85.49,S1
122010.0,UNIVERSITAS NEGERI MEDAN,ILMU KEOLAHRAGAAN,Prov. Sumatera Utara,Kota Medan,UNIMED,Ilmu atau Sains Keolahragaan,"PJOK, Biologi",124.0,219.0,124.0,219.0,534.98,85.5,S1
122011.0,UNIVERSITAS NEGERI MEDAN,MATEMATIKA,Prov. Sumatera Utara,Kota Medan,UNIMED,Matematika,"Matematika Tingkat Lanjut, Matematika",53.0,301.0,53.0,301.0,535.86,85.54,S1
122012.0,UNIVERSITAS NEGERI MEDAN,FISIKA,Prov. Sumatera Utara,Kota Medan,UNIMED,Fisika,"Fisika, Matematika",43.0,126.0,43.0,126.0,537.12,85.61,S1
122013.0,UNIVERSITAS NEGERI MEDAN,PENDIDIKAN TEKNIK OTOMOTIF,Prov. Sumatera Utara,Kota Medan,UNIMED,Pendidikan Teknik Otomotif,"Fisika, Matematika Tingkat Lanjut, Matematika",64.0,159.0,64.0,159.0,530.67,85.28,S1
122014.0,UNIVERSITAS NEGERI MEDAN,ILMU GIZI,Prov. Sumatera Utara,Kota Medan,UNIMED,Ilmu atau Sains Gizi,"Biologi, Kimia, Matematika",69.0,1092.0,69.0,1092.0,531.94,85.35,S1
122015.0,UNIVERSITAS NEGERI MEDAN,TEKNIK ELEKTRO,Prov. Sumatera Utara,Kota Medan,UNIMED,Teknik atau rekayasa,"Fisika, Matematika Tingkat Lanjut, Matematika",53.0,398.0,53.0,398.0,565.19,87.01,S1
122016.0,UNIVERSITAS NEGERI MEDAN,TEKNIK SIPIL,Prov. Sumatera Utara,Kota Medan,UNIMED,Teknik atau rekayasa,"Fisika, Matematika Tingkat Lanjut, Matematika",64.0,684.0,64.0,684.0,560.33,86.77,S1
122017.0,UNIVERSITAS NEGERI MEDAN,PENDIDIKAN TEKNIK INFORMATIKA DAN KOMPUTER,Prov. Sumatera Utara,Kota Medan,UNIMED,Pendidikan Informatika,"Matematika Tingkat Lanjut, Matematika",64.0,815.0,64.0,815.0,526.77,85.09,S1
122018.0,UNIVERSITAS NEGERI MEDAN,ILMU KOMPUTER,Prov. Sumatera Utara,Kota Medan,UNIMED,Komputer,"Matematika Tingkat Lanjut, Matematika",59.0,1212.0,59.0,1212.0,573.07,87.4,S1
122019.0,UNIVERSITAS NEGERI MEDAN,PENDIDIKAN IPA,Prov. Sumatera Utara,Kota Medan,UNIMED,Pendidikan IPA,"Matematika, Biologi",48.0,426.0,48.0,426.0,501.87,83.84,S1
122021.0,UNIVERSITAS NEGERI MEDAN,PENDIDIKAN SEJARAH,Prov. Sumatera Utara,Kota Medan,UNIMED,Pendidikan Sejarah,Sejarah,85.0,478.0,85.0,478.0,502.56,83.88,S1
122022.0,UNIVERSITAS NEGERI MEDAN,PENDIDIKAN PANCASILA DAN KEWARGANEGARAAN,Prov. Sumatera Utara,Kota Medan,UNIMED,Pendidikan Pancasila,Pendidikan Pancasila,85.0,468.0,85.0,468.0,503.41,83.92,S1
122023.0,UNIVERSITAS NEGERI MEDAN,PENDIDIKAN GEOGRAFI,Prov. Sumatera Utara,Kota Medan,UNIMED,Pendidikan Geografi,Geografi,85.0,441.0,85.0,441.0,494.71,83.49,S1
122024.0,UNIVERSITAS NEGERI MEDAN,PENDIDIKAN JASMANI KESEHATAN DAN REKREASI,Prov. Sumatera Utara,Kota Medan,UNIMED,Pendidikan Jasmani Kesehatan,"Pendidikan Jasmani, Biologi",196.0,534.0,196.0,534.0,495.38,83.52,S1
122025.0,UNIVERSITAS NEGERI MEDAN,PENDIDIKAN KEPELATIHAN OLAHRAGA,Prov. Sumatera Utara,Kota Medan,UNIMED,Pendidikan Jasmani Kesehatan,"Pendidikan Jasmani, Biologi",196.0,333.0,196.0,333.0,500.21,83.76,S1
122026.0,UNIVERSITAS NEGERI MEDAN,PENDIDIKAN LUAR SEKOLAH,Prov. Sumatera Utara,Kota Medan,UNIMED,Pendidikan Luar Sekolah,"Bahasa Indonesia, Matematika",60.0,102.0,60.0,102.0,495.24,83.51,S1
122027.0,UNIVERSITAS NEGERI MEDAN,PENDIDIKAN EKONOMI,Prov. Sumatera Utara,Kota Medan,UNIMED,Pendidikan Ekonomi,Ekonomi,40.0,307.0,40.0,307.0,498.04,83.65,S1
122028.0,UNIVERSITAS NEGERI MEDAN,MANAJEMEN,Prov. Sumatera Utara,Kota Medan,UNIMED,Ilmu atau Sains Manajemen,"Ekonomi, Matematika",64.0,1595.0,64.0,1595.0,582.19,87.86,S1
122029.0,UNIVERSITAS NEGERI MEDAN,AKUNTANSI,Prov. Sumatera Utara,Kota Medan,UNIMED,Ilmu atau Sains Akuntansi,"Ekonomi, Matematika",53.0,910.0,53.0,910.0,580.49,87.77,S1
122030.0,UNIVERSITAS NEGERI MEDAN,PENDIDIKAN BAHASA DAN SASTRA INDONESIA,Prov. Sumatera Utara,Kota Medan,UNIMED,Pendidikan Bahasa Indonesia,Bahasa Indonesia,131.0,781.0,131.0,781.0,499.94,83.75,S1
122031.0,UNIVERSITAS NEGERI MEDAN,PENDIDIKAN BAHASA INGGRIS,Prov. Sumatera Utara,Kota Medan,UNIMED,Pendidikan Bahasa Inggris,Bahasa Inggris,133.0,804.0,133.0,804.0,510.92,84.3,S1
122032.0,UNIVERSITAS NEGERI MEDAN,PENDIDIKAN BAHASA PERANCIS,Prov. Sumatera Utara,Kota Medan,UNIMED,Pendidikan Bahasa Perancis,"Bahasa Indonesia, Bahasa Prancis",85.0,55.0,85.0,55.0,489.4,83.22,S1
122033.0,UNIVERSITAS NEGERI MEDAN,PENDIDIKAN BAHASA JERMAN,Prov. Sumatera Utara,Kota Medan,UNIMED,Pendidikan Bahasa Jerman,"Bahasa Indoneisa, Bahasa Jerman",85.0,104.0,85.0,104.0,481.93,82.85,S1
122034.0,UNIVERSITAS NEGERI MEDAN,PENDIDIKAN SENI RUPA,Prov. Sumatera Utara,Kota Medan,UNIMED,Pendidikan Seni,Seni Budaya,64.0,93.0,64.0,93.0,491.43,83.32,S1
122035.0,UNIVERSITAS NEGERI MEDAN,SASTRA INDONESIA,Prov. Sumatera Utara,Kota Medan,UNIMED,Susastra atau Sastra,"Bahasa Indonesia, Bahasa Inggris, Bahasa Asing Lainnya",64.0,301.0,64.0,301.0,514.07,84.45,S1
122036.0,UNIVERSITAS NEGERI MEDAN,SASTRA INGGRIS,Prov. Sumatera Utara,Kota Medan,UNIMED,Susastra atau Sastra,"Bahasa Indonesia, Bahasa Inggris, Bahasa Asing Lainnya",64.0,601.0,64.0,601.0,516.72,84.59,S1
122038.0,UNIVERSITAS NEGERI MEDAN,PENDIDIKAN GURU SD,Prov. Sumatera Utara,Kota Medan,UNIMED,Pendidikan SD,"Matematika, Bahasa Indonesia",250.0,2794.0,250.0,2794.0,498.64,83.68,S1
122039.0,UNIVERSITAS NEGERI MEDAN,PENDIDIKAN TATA BOGA,Prov. Sumatera Utara,Kota Medan,UNIMED,Pendidikan Tataboga,"Biologi, Kimia",53.0,541.0,53.0,541.0,489.99,83.25,S1
122040.0,UNIVERSITAS NEGERI MEDAN,PENDIDIKAN TATA RIAS,Prov. Sumatera Utara,Kota Medan,UNIMED,Pendidikan Seni,Seni Budaya,64.0,405.0,64.0,405.0,488.4,83.17,S1
122041.0,UNIVERSITAS NEGERI MEDAN,PENDIDIKAN ANTROPOLOGI,Prov. Sumatera Utara,Kota Medan,UNIMED,Pendidikan Antropologi,Sosiologi,85.0,269.0,85.0,269.0,489.08,83.2,S1
122042.0,UNIVERSITAS NEGERI MEDAN,PENDIDIKAN GURU PAUD,Prov. Sumatera Utara,Kota Medan,UNIMED,Pendidikan PAUD,"Matematika, Bahasa Indonesia",106.0,375.0,106.0,375.0,476.16,82.56,S1
122043.0,UNIVERSITAS NEGERI MEDAN,PENDIDIKAN BIMBINGAN DAN KONSELING,Prov. Sumatera Utara,Kota Medan,UNIMED,Psikologi,"Sosiologi, Matematika",106.0,1026.0,106.0,1026.0,480.93,82.8,S1
122044.0,UNIVERSITAS NEGERI MEDAN,PENDIDIKAN AKUNTANSI,Prov. Sumatera Utara,Kota Medan,UNIMED,Pendidikan Ekonomi,Ekonomi,40.0,251.0,40.0,251.0,508.95,84.2,S1
122046.0,UNIVERSITAS NEGERI MEDAN,PENDIDIKAN ADMINISTRASI PERKANTORAN,Prov. Sumatera Utara,Kota Medan,UNIMED,Pendidikan Ekonomi,Ekonomi,40.0,617.0,40.0,617.0,511.68,84.33,S1
122047.0,UNIVERSITAS NEGERI MEDAN,PENDIDIKAN BISNIS,Prov. Sumatera Utara,Kota Medan,UNIMED,Pendidikan Ekonomi,Ekonomi,40.0,315.0,40.0,315.0,497.92,83.65,S1
122048.0,UNIVERSITAS NEGERI MEDAN,PENDIDIKAN TARI,Prov. Sumatera Utara,Kota Medan,UNIMED,Pendidikan Seni,Seni Budaya,80.0,87.0,80.0,87.0,489.06,83.2,S1
122049.0,UNIVERSITAS NEGERI MEDAN,PENDIDIKAN MUSIK,Prov. Sumatera Utara,Kota Medan,UNIMED,Pendidikan Seni,Seni Budaya,80.0,208.0,80.0,208.0,492.92,83.4,S1
122050.0,UNIVERSITAS NEGERI MEDAN,PENDIDIKAN TATA BUSANA,Prov. Sumatera Utara,Kota Medan,UNIMED,Pendidikan Seni,Seni Budaya,53.0,639.0,53.0,639.0,489.03,83.2,S1
122051.0,UNIVERSITAS NEGERI MEDAN,SENI PERTUNJUKAN,Prov. Sumatera Utara,Kota Medan,UNIMED,Seni,Seni Budaya,43.0,21.0,43.0,21.0,491.74,83.34,S1
122052.0,UNIVERSITAS NEGERI MEDAN,EKONOMI,Prov. Sumatera Utara,Kota Medan,UNIMED,Ekonomi,"Ekonomi, Matematika",40.0,458.0,40.0,458.0,535.5,85.53,S1
122053.0,UNIVERSITAS NEGERI MEDAN,BISNIS DIGITAL,Prov. Sumatera Utara,Kota Medan,UNIMED,Bisnis,"Ekonomi, Matematika",41.0,636.0,41.0,636.0,557.47,86.62,S1
122054.0,UNIVERSITAS NEGERI MEDAN,KEWIRAUSAHAAN,Prov. Sumatera Utara,Kota Medan,UNIMED,Bisnis,"Ekonomi, Matematika",40.0,392.0,40.0,392.0,510.11,84.26,S1
122055.0,UNIVERSITAS NEGERI MEDAN,TEKNIK MESIN,Prov. Sumatera Utara,Kota Medan,UNIMED,Teknik atau rekayasa,"Fisika, Matematika Tingkat Lanjut, Matematika",43.0,0.0,43.0,0.0,0.0,0.0,D3
122056.0,UNIVERSITAS NEGERI MEDAN,MANAJEMEN KONSTRUKSI,Prov. Sumatera Utara,Kota Medan,UNIMED,Ilmu atau Sains Manajemen,"Ekonomi, Matematika",64.0,0.0,64.0,0.0,0.0,0.0,D4
122057.0,UNIVERSITAS NEGERI MEDAN,ARSITEKTUR,Prov. Sumatera Utara,Kota Medan,UNIMED,Arsitektur,"Matematika, Fisika",43.0,0.0,43.0,0.0,0.0,0.0,S1
122058.0,UNIVERSITAS NEGERI MEDAN,STATISTIK,Prov. Sumatera Utara,Kota Medan,UNIMED,Sains Data,"Matematika Tingkat Lanjut, Matematika",43.0,0.0,43.0,0.0,0.0,0.0,S1
123001.0,UNIVERSITAS ISLAM NEGERI SUMATERA UTARA,ILMU KOMPUTER,Prov. Sumatera Utara,Kab Deli Serdang,UINSU,Komputer,"Matematika Tingkat Lanjut, Matematika",84.0,360.0,84.0,360.0,583.53,87.93,S1
123002.0,UNIVERSITAS ISLAM NEGERI SUMATERA UTARA,SISTEM INFORMASI,Prov. Sumatera Utara,Kab Deli Serdang,UINSU,Ilmu atau Sains Informasi,"Matematika Tingkat Lanjut, Matematika",84.0,222.0,84.0,222.0,575.36,87.52,S1
123003.0,UNIVERSITAS ISLAM NEGERI SUMATERA UTARA,MATEMATIKA,Prov. Sumatera Utara,Kab Deli Serdang,UINSU,Matematika,"Matematika Tingkat Lanjut, Matematika",45.0,46.0,45.0,46.0,522.99,84.9,S1
123004.0,UNIVERSITAS ISLAM NEGERI SUMATERA UTARA,BIOLOGI,Prov. Sumatera Utara,Kab Deli Serdang,UINSU,Biologi,"Biologi, Matematika",45.0,91.0,45.0,91.0,500.38,83.77,S1
123005.0,UNIVERSITAS ISLAM NEGERI SUMATERA UTARA,FISIKA,Prov. Sumatera Utara,Kab Deli Serdang,UINSU,Fisika,"Fisika, Matematika",45.0,29.0,45.0,29.0,502.12,83.86,S1
123006.0,UNIVERSITAS ISLAM NEGERI SUMATERA UTARA,KESEHATAN MASYARAKAT,Prov. Sumatera Utara,Kab Deli Serdang,UINSU,Kesehatan Masyarakat,"Biologi, Matematika, Sosiologi",180.0,579.0,180.0,579.0,503.83,83.94,S1
123007.0,UNIVERSITAS ISLAM NEGERI SUMATERA UTARA,PERPUSTAKAAN,Prov. Sumatera Utara,Kab Deli Serdang,UINSU,Ilmu atau Sains Komunikasi,"Sosiologi, Bahasa Indonesia, Antropologi",60.0,97.0,60.0,97.0,502.36,83.87,S1
123008.0,UNIVERSITAS ISLAM NEGERI SUMATERA UTARA,ILMU KOMUNIKASI,Prov. Sumatera Utara,Kab Deli Serdang,UINSU,Ilmu atau Sains Komunikasi,"Sosiologi, Bahasa Indonesia, Antropologi",72.0,325.0,72.0,325.0,621.54,89.83,S1
123009.0,UNIVERSITAS ISLAM NEGERI SUMATERA UTARA,MANAJEMEN,Prov. Sumatera Utara,Kab Deli Serdang,UINSU,Ilmu atau Sains Manajemen,"Ekonomi, Matematika",120.0,467.0,120.0,467.0,627.98,90.15,S1
123010.0,UNIVERSITAS ISLAM NEGERI SUMATERA UTARA,HUKUM,Prov. Sumatera Utara,Kab Deli Serdang,UINSU,Hukum,"Sosiologi, Pendidikan Pancasila",96.0,288.0,96.0,288.0,608.22,89.16,S1
131001.0,UNIVERSITAS RIAU,FISIKA,Prov. Riau,Kota Pekanbaru,UNRI,Fisika,"Fisika, Matematika",36.0,92.0,48.0,91.0,541.96,85.85,S1
131002.0,UNIVERSITAS RIAU,KIMIA,Prov. Riau,Kota Pekanbaru,UNRI,Kimia,"Kimia, Matematika",36.0,228.0,48.0,190.0,558.82,86.69,S1
131003.0,UNIVERSITAS RIAU,MATEMATIKA,Prov. Riau,Kota Pekanbaru,UNRI,Matematika,"Matematika Tingkat Lanjut, Matematika",24.0,198.0,32.0,172.0,567.86,87.14,S1
131004.0,UNIVERSITAS RIAU,BIOLOGI,Prov. Riau,Kota Pekanbaru,UNRI,Biologi,"Biologi, Matematika",36.0,316.0,48.0,337.0,555.18,86.51,S1
131005.0,UNIVERSITAS RIAU,MANAJEMEN SUMBERDAYA PERAIRAN,Prov. Riau,Kota Pekanbaru,UNRI,"Bioteknologi, Biokewirausaha an, Bioinformatika","Biologi, Matematika",48.0,195.0,64.0,193.0,527.2,85.11,S1
131006.0,UNIVERSITAS RIAU,BUDIDAYA PERAIRAN,Prov. Riau,Kota Pekanbaru,UNRI,"Teknologi Pangan, Teknologi Hasil Pertanian/ Peternakan/ Perikanan","Kimia, Biologi, Matematika",48.0,126.0,64.0,137.0,509.64,84.23,S1
131007.0,UNIVERSITAS RIAU,ILMU KELAUTAN,Prov. Riau,Kota Pekanbaru,UNRI,Ilmu atau Sains Kelautan,"Biologi, Matematika, Geografi",48.0,191.0,64.0,191.0,508.88,84.19,S1
131008.0,UNIVERSITAS RIAU,TEKNOLOGI HASIL PERIKANAN,Prov. Riau,Kota Pekanbaru,UNRI,"Teknologi Pangan, Teknologi Hasil Pertanian/ Peternakan/ Perikanan","Kimia, Biologi, Matematika",48.0,161.0,64.0,162.0,527.17,85.11,S1
131009.0,UNIVERSITAS RIAU,PEMANFAATAN SUMBERDAYA PERIKANAN,Prov. Riau,Kota Pekanbaru,UNRI,Ilmu atau Sains Perikanan,"Biologi, Matematika",24.0,84.0,32.0,98.0,502.85,83.89,S1
131010.0,UNIVERSITAS RIAU,SOSIAL EKONOMI PERIKANAN,Prov. Riau,Kota Pekanbaru,UNRI,Ilmu atau Sains Perikanan,"Biologi, Matematika",36.0,73.0,48.0,64.0,518.28,84.66,S1
131011.0,UNIVERSITAS RIAU,AGROTEKNOLOGI,Prov. Riau,Kota Pekanbaru,UNRI,Ilmu dan Sains Pertanian,"Biologi, Matematika",60.0,603.0,80.0,725.0,532.57,85.38,S1
131012.0,UNIVERSITAS RIAU,SOSIAL EKONOMI PERTANIAN,Prov. Riau,Kota Pekanbaru,UNRI,Ilmu dan Sains Pertanian,"Biologi, Matematika",36.0,651.0,48.0,612.0,545.09,86.0,S1
131013.0,UNIVERSITAS RIAU,TEKNOLOGI HASIL PERTANIAN,Prov. Riau,Kota Pekanbaru,UNRI,"Teknologi Pangan, Teknologi Hasil Pertanian/ Peternakan/ Perikanan","Kimia, Biologi, Matematika",24.0,174.0,32.0,295.0,520.68,84.78,S1
131014.0,UNIVERSITAS RIAU,KEHUTANAN,Prov. Riau,Kota Pekanbaru,UNRI,Kehutanan,"Biologi, Matematika",36.0,345.0,48.0,429.0,558.99,86.7,S1
131015.0,UNIVERSITAS RIAU,TEKNIK SIPIL - S1,Prov. Riau,Kota Pekanbaru,UNRI,Teknik atau rekayasa,"Fisika, Matematika Tingkat Lanjut, Matematika",36.0,562.0,48.0,750.0,607.41,89.12,S1
131016.0,UNIVERSITAS RIAU,TEKNIK KIMIA - S1,Prov. Riau,Kota Pekanbaru,UNRI,Teknik atau rekayasa,"Fisika, Matematika Tingkat Lanjut, Matematika",24.0,464.0,32.0,416.0,612.03,89.35,S1
131017.0,UNIVERSITAS RIAU,TEKNIK MESIN - S1,Prov. Riau,Kota Pekanbaru,UNRI,Teknik atau rekayasa,"Fisika, Matematika Tingkat Lanjut, Matematika",18.0,387.0,24.0,511.0,604.36,88.97,S1
131018.0,UNIVERSITAS RIAU,TEKNIK ELEKTRO - S1,Prov. Riau,Kota Pekanbaru,UNRI,Teknik atau rekayasa,"Fisika, Matematika Tingkat Lanjut, Matematika",24.0,354.0,32.0,437.0,603.69,88.93,S1
131019.0,UNIVERSITAS RIAU,KEDOKTERAN,Prov. Riau,Kota Pekanbaru,UNRI,Ilmu atau Sains Kedokteran,"Biologi, Kimia, Matematika",45.0,1535.0,60.0,2032.0,663.03,91.9,S1
131020.0,UNIVERSITAS RIAU,KEPERAWATAN,Prov. Riau,Kota Pekanbaru,UNRI,Keperawatan,"Biologi, Matematika",84.0,1313.0,112.0,153.0,610.57,89.28,S1
131021.0,UNIVERSITAS RIAU,PENDIDIKAN MATEMATIKA,Prov. Riau,Kota Pekanbaru,UNRI,Pendidikan Matematika,"Matematika, Matematika Tingkat Lanjut",36.0,465.0,48.0,354.0,539.18,85.71,S1
131022.0,UNIVERSITAS RIAU,PENDIDIKAN BIOLOGI,Prov. Riau,Kota Pekanbaru,UNRI,Pendidikan Biologi,Biologi,24.0,433.0,32.0,403.0,546.29,86.06,S1
131023.0,UNIVERSITAS RIAU,PENDIDIKAN FISIKA,Prov. Riau,Kota Pekanbaru,UNRI,Pendidikan Fisika,Fisika,24.0,151.0,32.0,112.0,543.82,85.94,S1
131024.0,UNIVERSITAS RIAU,PENDIDIKAN KIMIA,Prov. Riau,Kota Pekanbaru,UNRI,Pendidikan Kimia,Kimia,24.0,160.0,32.0,118.0,545.23,86.01,S1
131025.0,UNIVERSITAS RIAU,TEKNIK LINGKUNGAN,Prov. Riau,Kota Pekanbaru,UNRI,Ilmu atau Sains Lingkungan,"Biologi, Matematika",24.0,339.0,32.0,575.0,596.29,88.56,S1
131026.0,UNIVERSITAS RIAU,TEKNIK ARSITEKTUR,Prov. Riau,Kota Pekanbaru,UNRI,Teknik atau rekayasa,"Fisika, Matematika Tingkat Lanjut, Matematika",24.0,287.0,32.0,350.0,606.27,89.06,S1
131027.0,UNIVERSITAS RIAU,SISTEM INFORMASI,Prov. Riau,Kota Pekanbaru,UNRI,Ilmu atau Sains Informasi,"Matematika Tingkat Lanjut, Matematika",36.0,970.0,48.0,1002.0,545.56,86.03,S1
131028.0,UNIVERSITAS RIAU,TEKNIK INFORMATIKA,Prov. Riau,Kota Pekanbaru,UNRI,Ilmu atau Sains Informasi,"Matematika Tingkat Lanjut, Matematika",24.0,1158.0,32.0,1556.0,612.86,89.39,S1
131029.0,UNIVERSITAS RIAU,TEKNOLOGI INDUSTRI PERTANIAN,Prov. Riau,Kota Pekanbaru,UNRI,Ilmu dan Sains Pertanian,"Biologi, Matematika",24.0,247.0,32.0,386.0,522.76,84.89,S1
131030.0,UNIVERSITAS RIAU,STATISTIK,Prov. Riau,Kota Pekanbaru,UNRI,Sains Data,"Matematika Tingkat Lanjut, Matematika",12.0,255.0,16.0,289.0,563.41,86.92,S1
131031.0,UNIVERSITAS RIAU,HUBUNGAN INTERNASIONAL,Prov. Riau,Kota Pekanbaru,UNRI,Ilmu atau Sains Komunikasi,"Sosiologi, Bahasa Indonesia, Antropologi",60.0,746.0,80.0,767.0,609.42,89.22,S1
131032.0,UNIVERSITAS RIAU,ILMU PEMERINTAHAN,Prov. Riau,Kota Pekanbaru,UNRI,Urusan Publik,"Sosiologi, Pendidikan Pancasila",48.0,865.0,64.0,892.0,556.71,86.59,S1
131033.0,UNIVERSITAS RIAU,ADMINISTRASI NEGARA,Prov. Riau,Kota Pekanbaru,UNRI,Administrasi Bisnis,"Ekonomi, Matematika",60.0,864.0,80.0,835.0,575.09,87.5,S1
131034.0,UNIVERSITAS RIAU,ADMINISTRASI BISNIS,Prov. Riau,Kota Pekanbaru,UNRI,Administrasi Bisnis,"Ekonomi, Matematika",36.0,493.0,48.0,595.0,565.47,87.02,S1
131035.0,UNIVERSITAS RIAU,SOSIOLOGI,Prov. Riau,Kota Pekanbaru,UNRI,Studi Humanitas,"Sosiologi, Pendidikan Pancasila, Antropologi",48.0,541.0,64.0,466.0,513.14,84.41,S1
131036.0,UNIVERSITAS RIAU,ILMU KOMUNIKASI,Prov. Riau,Kota Pekanbaru,UNRI,Ilmu atau Sains Komunikasi,"Sosiologi, Bahasa Indonesia, Antropologi",48.0,1226.0,64.0,1588.0,611.33,89.32,S1
131037.0,UNIVERSITAS RIAU,PARIWISATA,Prov. Riau,Kota Pekanbaru,UNRI,Pariwisata,"Ekonomi, Matematika",24.0,485.0,32.0,427.0,587.41,88.12,D4
131038.0,UNIVERSITAS RIAU,EKONOMI PEMBANGUNAN,Prov. Riau,Kota Pekanbaru,UNRI,Ekonomi,"Ekonomi, Matematika",48.0,403.0,64.0,546.0,607.09,89.1,S1
131039.0,UNIVERSITAS RIAU,MANAJEMEN,Prov. Riau,Kota Pekanbaru,UNRI,Ilmu atau Sains Manajemen,"Ekonomi, Matematika",84.0,1808.0,112.0,2146.0,614.44,89.47,S1
131040.0,UNIVERSITAS RIAU,AKUNTANSI - S1,Prov. Riau,Kota Pekanbaru,UNRI,Ilmu atau Sains Akuntansi,"Ekonomi, Matematika",84.0,144.0,112.0,1196.0,611.13,89.31,S1
131041.0,UNIVERSITAS RIAU,HUKUM,Prov. Riau,Kota Pekanbaru,UNRI,Hukum,"Sosiologi, Pendidikan Pancasila",84.0,1223.0,112.0,1343.0,562.45,86.87,S1
131042.0,UNIVERSITAS RIAU,PENDIDIKAN EKONOMI,Prov. Riau,Kota Pekanbaru,UNRI,Pendidikan Ekonomi,Ekonomi,36.0,429.0,48.0,318.0,513.3,84.42,S1
131043.0,UNIVERSITAS RIAU,PENDIDIKAN PANCASILA DAN KEWARGANEGARAAN,Prov. Riau,Kota Pekanbaru,UNRI,Pendidikan Pancasila,Pndidikan Pancasila,24.0,252.0,32.0,241.0,508.95,84.2,S1
131044.0,UNIVERSITAS RIAU,PENDIDIKAN SEJARAH,Prov. Riau,Kota Pekanbaru,UNRI,Pendidikan Sejarah,Sejarah,24.0,318.0,32.0,275.0,514.39,84.47,S1
131045.0,UNIVERSITAS RIAU,"PENDIDIKAN BAHASA, SASTRA INDONESIA DAN DAERAH",Prov. Riau,Kota Pekanbaru,UNRI,Pendidikan Bahasa Indonesia,Bahasa Indonesia,36.0,624.0,48.0,553.0,516.56,84.58,S1
131046.0,UNIVERSITAS RIAU,PENDIDIKAN BAHASA INGGRIS,Prov. Riau,Kota Pekanbaru,UNRI,Pendidikan Bahasa Inggris,Bahasa Inggris,36.0,609.0,48.0,606.0,512.56,84.38,S1
131047.0,UNIVERSITAS RIAU,PENDIDIKAN BAHASA JEPANG,Prov. Riau,Kota Pekanbaru,UNRI,Pendidikan Bahasa Jepang,Bahasa Jepang,12.0,82.0,16.0,94.0,509.97,84.25,S1
131048.0,UNIVERSITAS RIAU,PENDIDIKAN LUAR SEKOLAH,Prov. Riau,Kota Pekanbaru,UNRI,Pendidikan Luar Sekolah,"Bahasa Indonesia, Matematika",24.0,81.0,32.0,81.0,507.38,84.12,S1
131049.0,UNIVERSITAS RIAU,PENDIDIKAN BIMBINGAN DAN KONSELING,Prov. Riau,Kota Pekanbaru,UNRI,Psikologi,"Sosiologi, Matematika",24.0,616.0,32.0,577.0,500.99,83.8,S1
131050.0,UNIVERSITAS RIAU,PENDIDIKAN JASMANI KESEHATAN DAN REKREASI,Prov. Riau,Kota Pekanbaru,UNRI,Pendidikan Jasmani Kesehatan,"Pendidikan Jasmani, Biologi",24.0,90.0,32.0,138.0,510.19,84.26,S1
131051.0,UNIVERSITAS RIAU,PENDIDIKAN KEPELATIHAN OLAHRAGA,Prov. Riau,Kota Pekanbaru,UNRI,Pendidikan Jasmani Kesehatan,"Pendidikan Jasmani, Biologi",24.0,57.0,32.0,102.0,510.11,84.26,S1
131052.0,UNIVERSITAS RIAU,PENDIDIKAN GURU SD,Prov. Riau,Kota Pekanbaru,UNRI,Pendidikan SD,"Matematika, Bahasa Indonesia",36.0,1536.0,48.0,1385.0,509.55,84.23,S1
131053.0,UNIVERSITAS RIAU,PENDIDIKAN GURU PAUD,Prov. Riau,Kota Pekanbaru,UNRI,Pendidikan PAUD,"Matematika, Bahasa Indonesia",24.0,230.0,32.0,214.0,512.26,84.36,S1
131054.0,UNIVERSITAS RIAU,PERPAJAKAN,Prov. Riau,Kota Pekanbaru,UNRI,Ilmu atau Sains Akuntansi,"Ekonomi, Matematika",36.0,0.0,48.0,0.0,0.0,0.0,D3
131055.0,UNIVERSITAS RIAU,TEKNIK KIMIA - D3,Prov. Riau,Kota Pekanbaru,UNRI,Teknik atau rekayasa,"Fisika, Matematika Tingkat Lanjut, Matematika",27.0,0.0,36.0,0.0,0.0,0.0,D3
131056.0,UNIVERSITAS RIAU,AKUNTANSI - D3,Prov. Riau,Kota Pekanbaru,UNRI,Ilmu atau Sains Akuntansi,"Ekonomi, Matematika",36.0,0.0,48.0,0.0,0.0,0.0,D3
131057.0,UNIVERSITAS RIAU,TEKNIK ELEKTRO - D3,Prov. Riau,Kota Pekanbaru,UNRI,Teknik atau rekayasa,"Fisika, Matematika Tingkat Lanjut, Matematika",18.0,0.0,24.0,0.0,0.0,0.0,D3
131058.0,UNIVERSITAS RIAU,TEKNIK MESIN - D3,Prov. Riau,Kota Pekanbaru,UNRI,Teknik atau rekayasa,"Fisika, Matematika Tingkat Lanjut, Matematika",18.0,0.0,24.0,0.0,0.0,0.0,D3
131059.0,UNIVERSITAS RIAU,TEKNOLOGI PULP DAN KERTAS,Prov. Riau,Kota Pekanbaru,UNRI,Teknik atau rekayasa,"Fisika, Matematika Tingkat Lanjut, Matematika",18.0,0.0,24.0,0.0,0.0,0.0,D3
131060.0,UNIVERSITAS RIAU,TEKNIK SIPIL - D3,Prov. Riau,Kota Pekanbaru,UNRI,Teknik atau rekayasa,"Fisika, Matematika Tingkat Lanjut, Matematika",30.0,0.0,40.0,0.0,0.0,0.0,D3
131061.0,UNIVERSITAS RIAU,MANAJEMEN INFORMATIKA,Prov. Riau,Kota Pekanbaru,UNRI,Ilmu atau Sains Informasi,"Matematika Tingkat Lanjut, Matematika",24.0,0.0,32.0,0.0,0.0,0.0,D3
131062.0,UNIVERSITAS RIAU,KEDOKTERAN HEWAN,Prov. Riau,Kota Pekanbaru,UNRI,Ilmu atau Sains Veteriner,"Biologi, Kimia, Matematika",12.0,0.0,16.0,0.0,0.0,0.0,S1
132001.0,UNIVERSITAS ISLAM NEGERI SULTAN SYARIF KASIM,PETERNAKAN,Prov. Riau,Kota Pekanbaru,UIN SUSKA,Peternakan,"Biologi, Matematika",30.0,81.0,75.0,66.0,497.23,83.61,S1
132002.0,UNIVERSITAS ISLAM NEGERI SULTAN SYARIF KASIM,MATEMATIKA,Prov. Riau,Kota Pekanbaru,UIN SUSKA,Matematika,"Matematika Tingkat Lanjut, Matematika",12.0,31.0,30.0,29.0,496.46,83.57,S1
132003.0,UNIVERSITAS ISLAM NEGERI SULTAN SYARIF KASIM,SISTEM INFORMASI,Prov. Riau,Kota Pekanbaru,UIN SUSKA,Ilmu atau Sains Informasi,"Matematika Tingkat Lanjut, Matematika",12.0,206.0,30.0,176.0,510.78,84.29,S1
132004.0,UNIVERSITAS ISLAM NEGERI SULTAN SYARIF KASIM,TEKNIK ELEKTRO,Prov. Riau,Kota Pekanbaru,UIN SUSKA,Teknik atau rekayasa,"Fisika, Matematika Tingkat Lanjut, Matematika",18.0,105.0,45.0,86.0,511.94,84.35,S1
132005.0,UNIVERSITAS ISLAM NEGERI SULTAN SYARIF KASIM,TEKNIK INDUSTRI,Prov. Riau,Kota Pekanbaru,UIN SUSKA,Teknik atau rekayasa,"Fisika, Matematika Tingkat Lanjut, Matematika",12.0,199.0,30.0,182.0,517.15,84.61,S1
132006.0,UNIVERSITAS ISLAM NEGERI SULTAN SYARIF KASIM,TEKNIK INFORMATIKA,Prov. Riau,Kota Pekanbaru,UIN SUSKA,Ilmu atau Sains Informasi,"Matematika Tingkat Lanjut, Matematika",15.0,261.0,38.0,308.0,521.34,84.82,S1
132007.0,UNIVERSITAS ISLAM NEGERI SULTAN SYARIF KASIM,PENDIDIKAN MATEMATIKA,Prov. Riau,Kota Pekanbaru,UIN SUSKA,Pendidikan Matematika,"Matematika, Matematika Tingkat Lanjut",18.0,102.0,45.0,73.0,500.91,83.8,S1
132008.0,UNIVERSITAS ISLAM NEGERI SULTAN SYARIF KASIM,PENDIDIKAN KIMIA,Prov. Riau,Kota Pekanbaru,UIN SUSKA,Pendidikan Kimia,Kimia,15.0,33.0,38.0,25.0,504.62,83.98,S1
132009.0,UNIVERSITAS ISLAM NEGERI SULTAN SYARIF KASIM,AGROTEKNOLOGI,Prov. Riau,Kota Pekanbaru,UIN SUSKA,Ilmu dan Sains Pertanian,"Biologi, Matematika",30.0,154.0,75.0,134.0,514.44,84.47,S1
132010.0,UNIVERSITAS ISLAM NEGERI SULTAN SYARIF KASIM,ILMU GIZI,Prov. Riau,Kota Pekanbaru,UIN SUSKA,Ilmu atau Sains Gizi,"Biologi, Kimia, Matematika",4.0,203.0,10.0,213.0,581.7,87.84,S1
132011.0,UNIVERSITAS ISLAM NEGERI SULTAN SYARIF KASIM,AKUNTANSI,Prov. Riau,Kota Pekanbaru,UIN SUSKA,Ilmu atau Sains Akuntansi,"Ekonomi, Matematika",49.0,259.0,123.0,172.0,530.88,85.29,S1
132012.0,UNIVERSITAS ISLAM NEGERI SULTAN SYARIF KASIM,ADMINISTRASI NEGARA,Prov. Riau,Kota Pekanbaru,UIN SUSKA,Administrasi Bisnis,"Ekonomi, Matematika",49.0,254.0,123.0,223.0,514.26,84.46,S1
132013.0,UNIVERSITAS ISLAM NEGERI SULTAN SYARIF KASIM,MANAJEMEN,Prov. Riau,Kota Pekanbaru,UIN SUSKA,Ilmu atau Sains Manajemen,"Ekonomi, Matematika",49.0,520.0,123.0,357.0,528.5,85.18,S1
132014.0,UNIVERSITAS ISLAM NEGERI SULTAN SYARIF KASIM,PSIKOLOGI,Prov. Riau,Kota Pekanbaru,UIN SUSKA,Psikologi,"Sosiologi, Matematika",25.0,507.0,63.0,456.0,524.97,85.0,S1
132015.0,UNIVERSITAS ISLAM NEGERI SULTAN SYARIF KASIM,HUKUM,Prov. Riau,Kota Pekanbaru,UIN SUSKA,Hukum,"Sosiologi, Pendidikan Pancasila",32.0,209.0,80.0,194.0,507.48,84.12,S1
132020.0,UNIVERSITAS ISLAM NEGERI SULTAN SYARIF KASIM,PENDIDIKAN EKONOMI,Prov. Riau,Kota Pekanbaru,UIN SUSKA,Pendidikan Ekonomi,Ekonomi,24.0,117.0,60.0,86.0,502.74,83.89,S1
132031.0,UNIVERSITAS ISLAM NEGERI SULTAN SYARIF KASIM,ILMU KOMUNIKASI,Prov. Riau,Kota Pekanbaru,UIN SUSKA,Ilmu atau Sains Komunikasi,"Sosiologi, Bahasa Indonesia, Antropologi",21.0,407.0,53.0,321.0,515.12,84.51,S1
132035.0,UNIVERSITAS ISLAM NEGERI SULTAN SYARIF KASIM,PENDIDIKAN BAHASA INDONESIA,Prov. Riau,Kota Pekanbaru,UIN SUSKA,Pendidikan Bahasa Indonesia,Bahasa Indonesia,18.0,243.0,45.0,161.0,497.55,83.63,S1
132036.0,UNIVERSITAS ISLAM NEGERI SULTAN SYARIF KASIM,PENDIDIKAN GEOGRAFI,Prov. Riau,Kota Pekanbaru,UIN SUSKA,Pendidikan Geografi,Geografi,18.0,135.0,45.0,79.0,495.56,83.53,S1
133001.0,UNIVERSITAS MARITIM RAJA ALI HAJI,TEKNIK ELEKTRO,Prov. Kepulauan Riau,Kota Tanjung Pinang,UMRAH,Teknik atau rekayasa,"Fisika, Matematika Tingkat Lanjut, Matematika",100.0,82.0,80.0,75.0,514.06,84.45,S1
133002.0,UNIVERSITAS MARITIM RAJA ALI HAJI,TEKNIK INFORMATIKA,Prov. Kepulauan Riau,Kota Tanjung Pinang,UMRAH,Ilmu atau Sains Informasi,"Matematika Tingkat Lanjut, Matematika",68.0,240.0,54.0,199.0,547.92,86.15,S1
133003.0,UNIVERSITAS MARITIM RAJA ALI HAJI,ILMU KELAUTAN,Prov. Kepulauan Riau,Kota Tanjung Pinang,UMRAH,Ilmu atau Sains Kelautan,"Biologi, Matematika, Geografi",45.0,61.0,36.0,48.0,504.3,83.97,S1
133004.0,UNIVERSITAS MARITIM RAJA ALI HAJI,MANAJEMEN SUMBERDAYA PERAIRAN,Prov. Kepulauan Riau,Kota Tanjung Pinang,UMRAH,"Bioteknologi, Biokewirausaha an, Bioinformatika","Biologi, Matematika",40.0,53.0,32.0,35.0,510.81,84.29,S1
133005.0,UNIVERSITAS MARITIM RAJA ALI HAJI,PENDIDIKAN MATEMATIKA,Prov. Kepulauan Riau,Kota Tanjung Pinang,UMRAH,Pendidikan Matematika,"Matematika, Matematika Tingkat Lanjut",68.0,71.0,54.0,43.0,512.34,84.37,S1
133006.0,UNIVERSITAS MARITIM RAJA ALI HAJI,PENDIDIKAN BIOLOGI,Prov. Kepulauan Riau,Kota Tanjung Pinang,UMRAH,Pendidikan Biologi,Biolgi,68.0,85.0,54.0,62.0,494.38,83.47,S1
133007.0,UNIVERSITAS MARITIM RAJA ALI HAJI,PENDIDIKAN KIMIA,Prov. Kepulauan Riau,Kota Tanjung Pinang,UMRAH,Pendidikan Kimia,Kimia,68.0,31.0,54.0,23.0,495.33,83.52,S1
133008.0,UNIVERSITAS MARITIM RAJA ALI HAJI,BUDIDAYA PERAIRAN,Prov. Kepulauan Riau,Kota Tanjung Pinang,UMRAH,"Bioteknologi, Biokewirausaha an, Bioinformatika","Biologi, Matematika",20.0,23.0,16.0,25.0,498.64,83.68,S1
133009.0,UNIVERSITAS MARITIM RAJA ALI HAJI,TEKNOLOGI HASIL PERIKANAN,Prov. Kepulauan Riau,Kota Tanjung Pinang,UMRAH,"Teknologi Pangan, Teknologi Hasil Pertanian/ Peternakan/ Perikanan","Kimia, Biologi, Matematika",50.0,22.0,40.0,22.0,507.71,84.14,S1
133010.0,UNIVERSITAS MARITIM RAJA ALI HAJI,SOSIAL EKONOMI PERIKANAN,Prov. Kepulauan Riau,Kota Tanjung Pinang,UMRAH,Ilmu atau Sains Perikanan,"Biologi, Matematika",40.0,10.0,32.0,15.0,477.59,82.63,S1
133011.0,UNIVERSITAS MARITIM RAJA ALI HAJI,TEKNIK PERKAPALAN,Prov. Kepulauan Riau,Kota Tanjung Pinang,UMRAH,Teknik atau rekayasa,"Fisika, Matematika Tingkat Lanjut, Matematika",100.0,65.0,80.0,46.0,512.95,84.4,S1
133012.0,UNIVERSITAS MARITIM RAJA ALI HAJI,PENDIDIKAN BAHASA INDONESIA,Prov. Kepulauan Riau,Kota Tanjung Pinang,UMRAH,Pendidikan Bahasa Indonesia,Bahasa Indonesia,84.0,134.0,68.0,81.0,493.08,83.4,S1
133013.0,UNIVERSITAS MARITIM RAJA ALI HAJI,AKUNTANSI,Prov. Kepulauan Riau,Kota Tanjung Pinang,UMRAH,Ilmu atau Sains Akuntansi,"Ekonomi, Matematika",125.0,256.0,100.0,109.0,530.43,85.27,S1
133014.0,UNIVERSITAS MARITIM RAJA ALI HAJI,ADMINISTRASI NEGARA,Prov. Kepulauan Riau,Kota Tanjung Pinang,UMRAH,Administrasi Bisnis,"Ekonomi, Matematika",90.0,223.0,72.0,119.0,522.21,84.86,S1
133015.0,UNIVERSITAS MARITIM RAJA ALI HAJI,ILMU PEMERINTAHAN,Prov. Kepulauan Riau,Kota Tanjung Pinang,UMRAH,Urusan Publik,"Sosiologi, Pendidikan Pancasila",68.0,185.0,54.0,124.0,505.96,84.05,S1
133016.0,UNIVERSITAS MARITIM RAJA ALI HAJI,SOSIOLOGI,Prov. Kepulauan Riau,Kota Tanjung Pinang,UMRAH,Studi Humanitas,"Sosiologi, Pendidikan Pancasila, Antropologi",68.0,138.0,54.0,76.0,505.53,84.03,S1
133017.0,UNIVERSITAS MARITIM RAJA ALI HAJI,PENDIDIKAN BAHASA INGGRIS,Prov. Kepulauan Riau,Kota Tanjung Pinang,UMRAH,Pendidikan Bahasa Inggris,Bahasa Inggris,84.0,95.0,68.0,62.0,509.29,84.21,S1
133018.0,UNIVERSITAS MARITIM RAJA ALI HAJI,MANAJEMEN,Prov. Kepulauan Riau,Kota Tanjung Pinang,UMRAH,Ilmu atau Sains Manajemen,"Ekonomi, Matematika",125.0,450.0,100.0,218.0,529.64,85.23,S1
133019.0,UNIVERSITAS MARITIM RAJA ALI HAJI,HUKUM,Prov. Kepulauan Riau,Kota Tanjung Pinang,UMRAH,Hukum,"Sosiologi, Pendidikan Pancasila",90.0,184.0,72.0,128.0,515.83,84.54,S1
133020.0,UNIVERSITAS MARITIM RAJA ALI HAJI,HUBUNGAN INTERNASIONAL,Prov. Kepulauan Riau,Kota Tanjung Pinang,UMRAH,Ilmu atau Sains Komunikasi,"Sosiologi, Bahasa Indonesia, Antropologi",45.0,75.0,36.0,61.0,527.86,85.14,S1
141001.0,UNIVERSITAS ANDALAS,AGROBISNIS,Prov. Sumatera Barat,Kota Padang,UNAND,Ilmu dan Sains Pertanian,"Biologi, Matematika",70.0,665.0,80.0,800.0,532.47,85.37,S1
141002.0,UNIVERSITAS ANDALAS,AGROTEKNOLOGI,Prov. Sumatera Barat,Kota Padang,UNAND,Ilmu dan Sains Pertanian,"Biologi, Matematika",50.0,420.0,80.0,540.0,529.84,85.24,S1
141003.0,UNIVERSITAS ANDALAS,KEDOKTERAN,Prov. Sumatera Barat,Kota Padang,UNAND,Ilmu atau Sains Kedokteran,"Biologi, Kimia, Matematika",50.0,1343.0,88.0,2756.0,668.88,92.19,S1
141004.0,UNIVERSITAS ANDALAS,KEPERAWATAN,Prov. Sumatera Barat,Kota Padang,UNAND,Keperawatan,"Biologi, Matematika",36.0,807.0,63.0,1409.0,624.63,89.98,S1
141005.0,UNIVERSITAS ANDALAS,KESEHATAN MASYARAKAT,Prov. Sumatera Barat,Kota Padang,UNAND,Kesehatan Masyarakat,"Biologi, Matematika, Sosiologi",40.0,891.0,70.0,1508.0,570.97,87.3,S1
141006.0,UNIVERSITAS ANDALAS,KEDOKTERAN GIGI,Prov. Sumatera Barat,Kota Padang,UNAND,Ilmu atau Sains Kedokteran Gigi,"Biologi, Kimia, Matematika",20.0,594.0,35.0,1111.0,642.25,90.86,S1
141007.0,UNIVERSITAS ANDALAS,KIMIA,Prov. Sumatera Barat,Kota Padang,UNAND,Kimia,"Kimia, Matematika",36.0,205.0,48.0,256.0,565.9,87.05,S1
141008.0,UNIVERSITAS ANDALAS,BIOLOGI,Prov. Sumatera Barat,Kota Padang,UNAND,Biologi,"Biologi, Matematika",36.0,212.0,48.0,233.0,559.91,86.75,S1
141009.0,UNIVERSITAS ANDALAS,MATEMATIKA,Prov. Sumatera Barat,Kota Padang,UNAND,Matematika,"Matematika Tingkat Lanjut, Matematika",36.0,206.0,48.0,239.0,561.83,86.84,S1
141010.0,UNIVERSITAS ANDALAS,FISIKA,Prov. Sumatera Barat,Kota Padang,UNAND,Fisika,"Fisika, Matematika",36.0,77.0,48.0,116.0,547.52,86.13,S1
141011.0,UNIVERSITAS ANDALAS,TEKNIK KOMPUTER,Prov. Sumatera Barat,Kota Padang,UNAND,Komputer,"Matematika Tingkat Lanjut, Matematika",20.0,469.0,40.0,914.0,463.11,81.91,S1
141012.0,UNIVERSITAS ANDALAS,PETERNAKAN,Prov. Sumatera Barat,Kota Padang,UNAND,Peternakan,"Biologi, Matematika",160.0,343.0,160.0,598.0,512.13,84.36,S1
141013.0,UNIVERSITAS ANDALAS,TEKNIK MESIN,Prov. Sumatera Barat,Kota Padang,UNAND,Teknik atau rekayasa,"Fisika, Matematika Tingkat Lanjut, Matematika",30.0,366.0,60.0,634.0,645.08,91.0,S1
141014.0,UNIVERSITAS ANDALAS,TEKNIK SIPIL,Prov. Sumatera Barat,Kota Padang,UNAND,Teknik atau rekayasa,"Fisika, Matematika Tingkat Lanjut, Matematika",45.0,630.0,70.0,1046.0,644.87,90.99,S1
141015.0,UNIVERSITAS ANDALAS,TEKNIK INDUSTRI,Prov. Sumatera Barat,Kota Padang,UNAND,Teknik atau rekayasa,"Fisika, Matematika Tingkat Lanjut, Matematika",39.0,572.0,52.0,967.0,644.93,91.0,S1
141016.0,UNIVERSITAS ANDALAS,TEKNIK LINGKUNGAN,Prov. Sumatera Barat,Kota Padang,UNAND,Ilmu atau Sains Lingkungan,"Biologi, Matematika",30.0,415.0,50.0,599.0,623.22,89.91,S1
141017.0,UNIVERSITAS ANDALAS,TEKNIK ELEKTRO,Prov. Sumatera Barat,Kota Padang,UNAND,Teknik atau rekayasa,"Fisika, Matematika Tingkat Lanjut, Matematika",37.0,355.0,68.0,632.0,646.26,91.06,S1
141018.0,UNIVERSITAS ANDALAS,FARMASI,Prov. Sumatera Barat,Kota Padang,UNAND,Ilmu Farmasi,"Biologi, Kimia, Matematika",34.0,1425.0,68.0,2458.0,639.28,90.71,S1
141019.0,UNIVERSITAS ANDALAS,TEKNIK PERTANIAN DAN BIOSISTEM,Prov. Sumatera Barat,Kota Padang,UNAND,Teknik atau rekayasa,"Fisika, Matematika Tingkat Lanjut, Matematika",36.0,206.0,48.0,276.0,600.61,88.78,S1
141020.0,UNIVERSITAS ANDALAS,TEKNOLOGI HASIL PERTANIAN,Prov. Sumatera Barat,Kota Padang,UNAND,"Teknologi Pangan, Teknologi Hasil Pertanian/ Peternakan/ Perikanan","Kimia, Biologi, Matematika",42.0,211.0,56.0,233.0,521.64,84.83,S1
141021.0,UNIVERSITAS ANDALAS,SISTEM INFORMASI,Prov. Sumatera Barat,Kota Padang,UNAND,Ilmu atau Sains Informasi,"Matematika Tingkat Lanjut, Matematika",20.0,633.0,40.0,1174.0,558.96,86.7,S1
141022.0,UNIVERSITAS ANDALAS,PSIKOLOGI,Prov. Sumatera Barat,Kota Padang,UNAND,Psikologi,"Sosiologi, Matematika",30.0,748.0,52.0,1392.0,624.11,89.96,S1
141023.0,UNIVERSITAS ANDALAS,ILMU TANAH,Prov. Sumatera Barat,Kota Padang,UNAND,Ilmu atau Sains Lingkungan,"Biologi, Matematika",60.0,171.0,55.0,297.0,508.86,84.19,S1
141024.0,UNIVERSITAS ANDALAS,AGROEKOTEKNOLOGI,Prov. Sumatera Barat,Kota Padang,UNAND,Ilmu dan Sains Pertanian,"Biologi, Matematika",82.0,142.0,53.0,182.0,533.07,85.4,S1
141025.0,UNIVERSITAS ANDALAS,PETERNAKAN (KAMPUS 2 PAYAKUMBUH),Prov. Sumatera Barat,Kota Padang,UNAND,Peternakan,"Biologi, Matematika",40.0,78.0,50.0,139.0,513.28,84.41,S1
141026.0,UNIVERSITAS ANDALAS,KEBIDANAN,Prov. Sumatera Barat,Kota Padang,UNAND,Kebidanan,"Biologi, Matematika",20.0,553.0,35.0,808.0,599.9,88.75,S1
141027.0,UNIVERSITAS ANDALAS,ILMU GIZI,Prov. Sumatera Barat,Kota Padang,UNAND,Ilmu atau Sains Gizi,"Biologi, Kimia, Matematika",24.0,692.0,42.0,993.0,614.02,89.45,S1
141028.0,UNIVERSITAS ANDALAS,PROTEKSI TANAMAN,Prov. Sumatera Barat,Kota Padang,UNAND,Ilmu dan Sains Pertanian,"Biologi, Matematika",45.0,123.0,53.0,214.0,514.18,84.46,S1
141029.0,UNIVERSITAS ANDALAS,PENYULUHAN PERTANIAN,Prov. Sumatera Barat,Kota Padang,UNAND,Ilmu dan Sains Pertanian,"Biologi, Matematika",20.0,101.0,22.0,164.0,512.33,84.37,S1
141030.0,UNIVERSITAS ANDALAS,TEKNOLOGI INDUSTRI PERTANIAN,Prov. Sumatera Barat,Kota Padang,UNAND,Ilmu dan Sains Pertanian,"Biologi, Matematika",24.0,152.0,32.0,287.0,584.79,87.99,S1
141031.0,UNIVERSITAS ANDALAS,ILMU BIOMEDIS,Prov. Sumatera Barat,Kota Padang,UNAND,Biologi,"Biologi, Matematika",10.0,359.0,18.0,675.0,531.24,85.31,S1
141032.0,UNIVERSITAS ANDALAS,EKONOMI,Prov. Sumatera Barat,Kota Padang,UNAND,Ekonomi,"Ekonomi, Matematika",45.0,332.0,65.0,574.0,595.87,88.54,S1
141033.0,UNIVERSITAS ANDALAS,HUKUM,Prov. Sumatera Barat,Kota Padang,UNAND,Hukum,"Sosiologi, Pendidikan Pancasila",165.0,1339.0,220.0,2201.0,577.34,87.62,S1
141034.0,UNIVERSITAS ANDALAS,SEJARAH,Prov. Sumatera Barat,Kota Padang,UNAND,Sejarah,Sejarah,36.0,118.0,48.0,166.0,507.06,84.1,S1
141035.0,UNIVERSITAS ANDALAS,SOSIOLOGI,Prov. Sumatera Barat,Kota Padang,UNAND,Studi Humanitas,"Sosiologi, Pendidikan Pancasila, Antropologi",48.0,335.0,48.0,430.0,559.64,86.73,S1
141036.0,UNIVERSITAS ANDALAS,ANTROPOLOGI SOSIAL,Prov. Sumatera Barat,Kota Padang,UNAND,Studi Humanitas,"Sosiologi, Pendidikan Pancasila, Antropologi",40.0,233.0,40.0,296.0,552.52,86.38,S1
141037.0,UNIVERSITAS ANDALAS,MANAJEMEN,Prov. Sumatera Barat,Kota Padang,UNAND,Ilmu atau Sains Manajemen,"Ekonomi, Matematika",50.0,996.0,90.0,1821.0,613.29,89.41,S1
141038.0,UNIVERSITAS ANDALAS,AKUNTANSI - S1,Prov. Sumatera Barat,Kota Padang,UNAND,Ilmu atau Sains Akuntansi,"Ekonomi, Matematika",50.0,664.0,90.0,926.0,609.32,89.22,S1
141039.0,UNIVERSITAS ANDALAS,ILMU POLITIK,Prov. Sumatera Barat,Kota Padang,UNAND,Sosial,"Sosiologi, Sejarah, Antropologi",40.0,302.0,40.0,451.0,575.62,87.53,S1
141040.0,UNIVERSITAS ANDALAS,ADMINISTRASI PUBLIK,Prov. Sumatera Barat,Kota Padang,UNAND,Administrasi Bisnis,"Ekonomi, Matematika",20.0,584.0,35.0,799.0,580.63,87.78,S1
141041.0,UNIVERSITAS ANDALAS,SASTRA INDONESIA,Prov. Sumatera Barat,Kota Padang,UNAND,Susastra atau Sastra,"Bahasa Indonesia, Bahasa Inggris, Bahasa Asing Lainnya",36.0,143.0,48.0,204.0,506.6,84.08,S1
141042.0,UNIVERSITAS ANDALAS,SASTRA INGGRIS,Prov. Sumatera Barat,Kota Padang,UNAND,Susastra atau Sastra,"Bahasa Indonesia, Bahasa Inggris, Bahasa Asing Lainnya",45.0,285.0,60.0,433.0,580.8,87.79,S1
141043.0,UNIVERSITAS ANDALAS,SASTRA MINANGKABAU,Prov. Sumatera Barat,Kota Padang,UNAND,Susastra atau Sastra,"Bahasa Indonesia, Bahasa Inggris, Bahasa Asing Lainnya",29.0,48.0,38.0,98.0,496.7,83.59,S1
141044.0,UNIVERSITAS ANDALAS,SASTRA JEPANG,Prov. Sumatera Barat,Kota Padang,UNAND,Susastra atau Sastra,"Bahasa Indonesia, Bahasa Inggris, Bahasa Asing Lainnya",33.0,102.0,44.0,210.0,580.22,87.76,S1
141045.0,UNIVERSITAS ANDALAS,HUBUNGAN INTERNASIONAL,Prov. Sumatera Barat,Kota Padang,UNAND,Ilmu atau Sains Komunikasi,"Sosiologi, Bahasa Indonesia, Antropologi",16.0,451.0,28.0,619.0,598.59,88.68,S1
141046.0,UNIVERSITAS ANDALAS,ILMU KOMUNIKASI,Prov. Sumatera Barat,Kota Padang,UNAND,Ilmu atau Sains Komunikasi,"Sosiologi, Bahasa Indonesia, Antropologi",30.0,882.0,52.0,1478.0,590.43,88.27,S1
141047.0,UNIVERSITAS ANDALAS,MANAJEMEN (KAMPUS 2 PAYAKUMBUH),Prov. Sumatera Barat,Kota Padang,UNAND,Ilmu atau Sains Manajemen,"Ekonomi, Matematika",24.0,171.0,41.0,277.0,609.16,89.21,S1
141048.0,UNIVERSITAS ANDALAS,EKONOMI (KAMPUS 2 PAYAKUMBUH),Prov. Sumatera Barat,Kota Padang,UNAND,Ekonomi,"Ekonomi, Matematika",24.0,97.0,41.0,149.0,591.9,88.35,S1
141049.0,UNIVERSITAS ANDALAS,AKUNTANSI - D3,Prov. Sumatera Barat,Kota Padang,UNAND,Ilmu atau Sains Akuntansi,"Ekonomi, Matematika",25.0,0.0,35.0,0.0,0.0,0.0,D3
141050.0,UNIVERSITAS ANDALAS,ADMINISTRASI PERKANTORAN,Prov. Sumatera Barat,Kota Padang,UNAND,Administrasi Bisnis,"Ekonomi, Matematika",15.0,0.0,25.0,0.0,0.0,0.0,D3
141051.0,UNIVERSITAS ANDALAS,PERBANKAN DAN KEUANGAN,Prov. Sumatera Barat,Kota Padang,UNAND,Ilmu atau Sains Akuntansi,"Ekonomi, Matematika",30.0,0.0,45.0,0.0,0.0,0.0,D3
141052.0,UNIVERSITAS ANDALAS,MANAJEMEN PEMASARAN,Prov. Sumatera Barat,Kota Padang,UNAND,Ilmu atau Sains Manajemen,"Ekonomi, Matematika",15.0,0.0,25.0,0.0,0.0,0.0,D3
141053.0,UNIVERSITAS ANDALAS,INFORMATIKA,Prov. Sumatera Barat,Kota Padang,UNAND,Ilmu atau Sains Informasi,"Matematika Tingkat Lanjut, Matematika",10.0,0.0,20.0,0.0,0.0,0.0,S1
142001.0,UNIVERSITAS NEGERI PADANG,PENDIDIKAN MATEMATIKA,Prov. Sumatera Barat,Kota Padang,UNP,Pendidikan Matematika,"Matematika, Matematika Tingkat Lanjut",48.0,397.0,64.0,490.0,510.94,84.3,S1
142002.0,UNIVERSITAS NEGERI PADANG,MATEMATIKA,Prov. Sumatera Barat,Kota Padang,UNP,Matematika,"Matematika Tingkat Lanjut, Matematika",33.0,152.0,44.0,201.0,516.55,84.58,S1
142003.0,UNIVERSITAS NEGERI PADANG,PENDIDIKAN BIOLOGI,Prov. Sumatera Barat,Kota Padang,UNP,Pendidikan Biologi,Biologi,48.0,401.0,64.0,501.0,494.83,83.49,S1
142004.0,UNIVERSITAS NEGERI PADANG,BIOLOGI,Prov. Sumatera Barat,Kota Padang,UNP,Biologi,"Biologi, Matematika",45.0,246.0,60.0,405.0,506.88,84.09,S1
142005.0,UNIVERSITAS NEGERI PADANG,PENDIDIKAN FISIKA,Prov. Sumatera Barat,Kota Padang,UNP,Pendidikan Fisika,Fisika,51.0,182.0,68.0,159.0,493.76,83.44,S1
142006.0,UNIVERSITAS NEGERI PADANG,FISIKA,Prov. Sumatera Barat,Kota Padang,UNP,Fisika,"Fisika, Matematika",33.0,70.0,44.0,64.0,505.91,84.05,S1
142007.0,UNIVERSITAS NEGERI PADANG,PENDIDIKAN KIMIA,Prov. Sumatera Barat,Kota Padang,UNP,Pendidikan Kimia,Kimia,45.0,202.0,60.0,165.0,492.76,83.39,S1
142008.0,UNIVERSITAS NEGERI PADANG,KIMIA,Prov. Sumatera Barat,Kota Padang,UNP,Kimia,"Kimia, Matematika",45.0,162.0,60.0,229.0,510.9,84.3,S1
142009.0,UNIVERSITAS NEGERI PADANG,PENDIDIKAN TEKNIK BANGUNAN,Prov. Sumatera Barat,Kota Padang,UNP,Pendidikan Teknik,"Fisika, Matematika Tingkat Lanjut, Matematika",20.0,70.0,26.0,109.0,516.83,84.59,S1
142010.0,UNIVERSITAS NEGERI PADANG,PENDIDIKAN TEKNIK ELEKTRO,Prov. Sumatera Barat,Kota Padang,UNP,Pendidikan Teknik,"Fisika, Matematika Tingkat Lanjut, Matematika",22.0,110.0,29.0,165.0,516.4,84.57,S1
142011.0,UNIVERSITAS NEGERI PADANG,PENDIDIKAN TEKNIK ELEKTRONIKA,Prov. Sumatera Barat,Kota Padang,UNP,Pendidikan Teknik,"Fisika, Matematika Tingkat Lanjut, Matematika",20.0,84.0,26.0,102.0,511.23,84.31,S1
142012.0,UNIVERSITAS NEGERI PADANG,PENDIDIKAN TEKNIK MESIN,Prov. Sumatera Barat,Kota Padang,UNP,Pendidikan Teknik,"Fisika, Matematika Tingkat Lanjut, Matematika",29.0,108.0,39.0,184.0,513.27,84.41,S1
142013.0,UNIVERSITAS NEGERI PADANG,PENDIDIKAN TEKNIK OTOMOTIF,Prov. Sumatera Barat,Kota Padang,UNP,Pendidikan Teknik,"Fisika, Matematika Tingkat Lanjut, Matematika",33.0,229.0,44.0,224.0,516.41,84.57,S1
142014.0,UNIVERSITAS NEGERI PADANG,PENDIDIKAN TEKNIK INFORMATIKA,Prov. Sumatera Barat,Kota Padang,UNP,Pendidikan Informatika,"Matematika Tingkat Lanjut, Matematika",24.0,507.0,32.0,895.0,509.23,84.21,S1
142015.0,UNIVERSITAS NEGERI PADANG,ILMU KEOLAHRAGAAN,Prov. Sumatera Barat,Kota Padang,UNP,Ilmu atau Sains Keolahragaan,"PJOK, Biologi",48.0,24.0,64.0,164.0,490.08,83.25,S1
142016.0,UNIVERSITAS NEGERI PADANG,TEKNIK PERTAMBANGAN (NK),Prov. Sumatera Barat,Kota Padang,UNP,Teknik atau rekayasa,"Fisika, Matematika Tingkat Lanjut, Matematika",12.0,677.0,16.0,13.0,516.97,84.6,S1
142017.0,UNIVERSITAS NEGERI PADANG,TEKNIK ELEKTRO INDUSTRI,Prov. Sumatera Barat,Kota Padang,UNP,Teknik atau rekayasa,"Fisika, Matematika Tingkat Lanjut, Matematika",22.0,247.0,29.0,372.0,529.79,85.24,D4
142018.0,UNIVERSITAS NEGERI PADANG,PENDIDIKAN IPA,Prov. Sumatera Barat,Kota Padang,UNP,Pendidikan IPA,"Matematika, Biologi",41.0,305.0,54.0,358.0,502.2,83.86,S1
142019.0,UNIVERSITAS NEGERI PADANG,TEKNIK SIPIL,Prov. Sumatera Barat,Kota Padang,UNP,Teknik atau rekayasa,"Fisika, Matematika Tingkat Lanjut, Matematika",29.0,512.0,39.0,980.0,535.83,85.54,S1
142020.0,UNIVERSITAS NEGERI PADANG,STATISTIK - S1,Prov. Sumatera Barat,Kota Padang,UNP,Sains Data,"Matematika Tingkat Lanjut, Matematika",18.0,347.0,24.0,435.0,517.34,84.62,S1
142021.0,UNIVERSITAS NEGERI PADANG,TEKNIK MESIN - S1,Prov. Sumatera Barat,Kota Padang,UNP,Teknik atau rekayasa,"Fisika, Matematika Tingkat Lanjut, Matematika",29.0,350.0,39.0,626.0,523.28,84.91,S1
142022.0,UNIVERSITAS NEGERI PADANG,ANIMASI,Prov. Sumatera Barat,Kota Padang,UNP,Desain,"Seni Budaya, Matematika",12.0,77.0,16.0,144.0,515.57,84.53,D4
142023.0,UNIVERSITAS NEGERI PADANG,INFORMATIKA,Prov. Sumatera Barat,Kota Padang,UNP,Ilmu atau Sains Informasi,"Matematika Tingkat Lanjut, Matematika",24.0,579.0,32.0,1272.0,544.69,85.98,S1
142024.0,UNIVERSITAS NEGERI PADANG,ADMINISTRASI PENDIDIKAN,Prov. Sumatera Barat,Kota Padang,UNP,Manajemen Pendidikan,"Ekonomi, Sosiologi",68.0,830.0,90.0,845.0,511.0,84.3,S1
142025.0,UNIVERSITAS NEGERI PADANG,PENDIDIKAN LUAR BIASA,Prov. Sumatera Barat,Kota Padang,UNP,Pendidikan Luar Sekolah,"Bahasa Indonesia, Matematika",69.0,303.0,92.0,334.0,487.46,83.12,S1
142026.0,UNIVERSITAS NEGERI PADANG,TEKNOLOGI PENDIDIKAN,Prov. Sumatera Barat,Kota Padang,UNP,Pendidikan Informatika,"Matematika Tingkat Lanjut, Matematika",48.0,415.0,64.0,501.0,497.76,83.64,S1
142027.0,UNIVERSITAS NEGERI PADANG,PENDIDIKAN LUAR SEKOLAH,Prov. Sumatera Barat,Kota Padang,UNP,Pendidikan Luar Sekolah,"Bahasa Indonesia, Matematika",48.0,147.0,64.0,211.0,531.32,85.32,S1
142028.0,UNIVERSITAS NEGERI PADANG,PENDIDIKAN BIMBINGAN DAN KONSELING,Prov. Sumatera Barat,Kota Padang,UNP,Psikologi,"Sosiologi, Matematika",54.0,836.0,72.0,949.0,505.72,84.04,S1
142029.0,UNIVERSITAS NEGERI PADANG,PSIKOLOGI,Prov. Sumatera Barat,Kota Padang,UNP,Psikologi,"Sosiologi, Matematika",75.0,147.0,100.0,1799.0,531.32,85.32,S1
142030.0,UNIVERSITAS NEGERI PADANG,PENDIDIKAN GURU SD,Prov. Sumatera Barat,Kota Padang,UNP,Pendidikan SD,"Matematika, Bahasa Indonesia",120.0,2308.0,160.0,3244.0,502.24,83.86,S1
142031.0,UNIVERSITAS NEGERI PADANG,PENDIDIKAN GURU PAUD,Prov. Sumatera Barat,Kota Padang,UNP,Pendidikan PAUD,"Matematika, Bahasa Indonesia",50.0,470.0,66.0,560.0,495.96,83.55,S1
142032.0,UNIVERSITAS NEGERI PADANG,PENDIDIKAN BAHASA DAN SASTRA INDONESIA,Prov. Sumatera Barat,Kota Padang,UNP,Pendidikan Bahasa Indonesia,Bahasa Indonesia,57.0,507.0,76.0,467.0,499.64,83.73,S1
142033.0,UNIVERSITAS NEGERI PADANG,SASTRA INDONESIA,Prov. Sumatera Barat,Kota Padang,UNP,Susastra atau Sastra,"Bahasa Indonesia, Bahasa Inggris, Bahasa Asing Lainnya",36.0,325.0,48.0,460.0,499.39,83.72,S1
142034.0,UNIVERSITAS NEGERI PADANG,PENDIDIKAN BAHASA INGGRIS,Prov. Sumatera Barat,Kota Padang,UNP,Pendidikan Bahasa Inggris,Bahasa Inggris,60.0,452.0,80.0,475.0,511.24,84.31,S1
142035.0,UNIVERSITAS NEGERI PADANG,SASTRA INGGRIS,Prov. Sumatera Barat,Kota Padang,UNP,Susastra atau Sastra,"Bahasa Indonesia, Bahasa Inggris, Bahasa Asing Lainnya",36.0,317.0,48.0,536.0,511.45,84.32,S1
142036.0,UNIVERSITAS NEGERI PADANG,PENDIDIKAN SENI RUPA,Prov. Sumatera Barat,Kota Padang,UNP,Pendidikan Seni,Seni Budaya,39.0,94.0,52.0,92.0,497.95,83.65,S1
142037.0,UNIVERSITAS NEGERI PADANG,PENDIDIKAN SENDRATASIK,Prov. Sumatera Barat,Kota Padang,UNP,Pendidikan Seni,Seni Budaya,45.0,73.0,60.0,97.0,492.45,83.37,S1
142038.0,UNIVERSITAS NEGERI PADANG,PENDIDIKAN GEOGRAFI,Prov. Sumatera Barat,Kota Padang,UNP,Pendidikan Geografi,Geografi,36.0,307.0,48.0,238.0,487.54,83.13,S1
142039.0,UNIVERSITAS NEGERI PADANG,PENDIDIKAN SEJARAH,Prov. Sumatera Barat,Kota Padang,UNP,Pendidikan Sejarah,Sejarah,48.0,380.0,64.0,386.0,503.82,83.94,S1
142040.0,UNIVERSITAS NEGERI PADANG,PENDIDIKAN SOSIOLOGI,Prov. Sumatera Barat,Kota Padang,UNP,Pendidikan Sosiologi,Sosiologi,60.0,640.0,80.0,603.0,502.64,83.88,S1
142041.0,UNIVERSITAS NEGERI PADANG,PENDIDIKAN PANCASILA DAN KEWARGANEGARAAN,Prov. Sumatera Barat,Kota Padang,UNP,Pendidikan Pancasila,Pendidikan Pancasila,37.0,314.0,50.0,374.0,498.38,83.67,S1
142042.0,UNIVERSITAS NEGERI PADANG,ADMINISTRASI NEGARA,Prov. Sumatera Barat,Kota Padang,UNP,Administrasi Bisnis,"Ekonomi, Matematika",105.0,1322.0,140.0,1839.0,492.77,83.39,S1
142043.0,UNIVERSITAS NEGERI PADANG,PENDIDIKAN EKONOMI,Prov. Sumatera Barat,Kota Padang,UNP,Pendidikan Ekonomi,Ekonomi,48.0,413.0,64.0,421.0,496.15,83.56,S1
142044.0,UNIVERSITAS NEGERI PADANG,MANAJEMEN,Prov. Sumatera Barat,Kota Padang,UNP,Ilmu atau Sains Manajemen,"Ekonomi, Matematika",48.0,1609.0,64.0,2632.0,522.57,84.88,S1
142045.0,UNIVERSITAS NEGERI PADANG,AKUNTANSI - S1,Prov. Sumatera Barat,Kota Padang,UNP,Ilmu atau Sains Akuntansi,"Ekonomi, Matematika",27.0,700.0,36.0,1044.0,529.57,85.23,S1
142046.0,UNIVERSITAS NEGERI PADANG,EKONOMI PEMBANGUNAN,Prov. Sumatera Barat,Kota Padang,UNP,Ekonomi,"Ekonomi, Matematika",38.0,569.0,50.0,775.0,522.16,84.86,S1
142047.0,UNIVERSITAS NEGERI PADANG,PENDIDIKAN KESEJAHTERAAN KELUARGA,Prov. Sumatera Barat,Kota Padang,UNP,Pendidikan Kesejahteraan Keluarga,"Seni Budaya, Biologi",54.0,558.0,72.0,637.0,500.18,83.76,S1
142048.0,UNIVERSITAS NEGERI PADANG,PENDIDIKAN TATA RIAS DAN KECANTIKAN,Prov. Sumatera Barat,Kota Padang,UNP,Seni,Seni Budaya,36.0,400.0,48.0,533.0,496.69,83.58,D4
142049.0,UNIVERSITAS NEGERI PADANG,PENDIDIKAN JASMANI KESEHATAN DAN REKREASI,Prov. Sumatera Barat,Kota Padang,UNP,Pendidikan Jasmani Kesehatan,"Pendidikan Jasmani, Biologi",120.0,201.0,160.0,390.0,487.12,83.11,S1
142050.0,UNIVERSITAS NEGERI PADANG,PENDIDIKAN KEPELATIHAN OLAHRAGA,Prov. Sumatera Barat,Kota Padang,UNP,Pendidikan Jasmani Kesehatan,"Pendidikan Jasmani, Biologi",84.0,150.0,112.0,371.0,491.72,83.34,S1
142051.0,UNIVERSITAS NEGERI PADANG,GEOGRAFI,Prov. Sumatera Barat,Kota Padang,UNP,"Geografi, Geografi Lingkungan, Sains Informasi Geografi","Geografi, Matematika, Fisika",36.0,274.0,48.0,378.0,509.22,84.21,S1
142052.0,UNIVERSITAS NEGERI PADANG,MANAJEMEN PERHOTELAN,Prov. Sumatera Barat,Kota Padang,UNP,Ilmu atau Sains Manajemen,"Ekonomi, Matematika",48.0,705.0,64.0,716.0,511.41,84.32,D4
142053.0,UNIVERSITAS NEGERI PADANG,DESAIN KOMUNIKASI VISUAL (DKV),Prov. Sumatera Barat,Kota Padang,UNP,Desain,"Seni Budaya, Matematika",53.0,177.0,70.0,369.0,516.28,84.56,S1
142054.0,UNIVERSITAS NEGERI PADANG,PENDIDIKAN BAHASA JEPANG,Prov. Sumatera Barat,Kota Padang,UNP,Pendidikan Bahasa Jepang,Bahasa Jepang,27.0,105.0,36.0,153.0,497.76,83.64,S1
142055.0,UNIVERSITAS NEGERI PADANG,PENDIDIKAN MUSIK,Prov. Sumatera Barat,Kota Padang,UNP,Pendidikan Seni,Seni Budaya,18.0,37.0,24.0,60.0,496.05,83.55,S1
142056.0,UNIVERSITAS NEGERI PADANG,PENDIDIKAN AGAMA ISLAM,Prov. Sumatera Barat,Kota Padang,UNP,Pendidikan Agama Islam,Agama Islam,48.0,708.0,64.0,675.0,499.22,83.71,S1
142057.0,UNIVERSITAS NEGERI PADANG,PERPUSTAKAAN DAN ILMU INFORMASI,Prov. Sumatera Barat,Kota Padang,UNP,Ilmu atau Sains Komunikasi,"Sosiologi, Bahasa Indonesia, Antropologi",24.0,711.0,32.0,972.0,497.83,83.64,S1
142058.0,UNIVERSITAS NEGERI PADANG,PENDIDIKAN TARI,Prov. Sumatera Barat,Kota Padang,UNP,Pendidikan Seni,Seni Budaya,21.0,86.0,28.0,100.0,498.13,83.66,S1
142059.0,UNIVERSITAS NEGERI PADANG,TEKNIK SIPIL BANGUNAN GEDUNG,Prov. Sumatera Barat,Kota Padang,UNP,Teknik atau rekayasa,"Fisika, Matematika Tingkat Lanjut, Matematika",20.0,0.0,26.0,0.0,0.0,0.0,D3
142060.0,UNIVERSITAS NEGERI PADANG,MANAJEMEN PAJAK,Prov. Sumatera Barat,Kota Padang,UNP,Ilmu atau Sains Akuntansi,"Ekonomi, Matematika",27.0,0.0,36.0,0.0,0.0,0.0,D3
142062.0,UNIVERSITAS NEGERI PADANG,"INFORMASI, PERPUSTAKAAN & KEARSIPAN",Prov. Sumatera Barat,Kota Padang,UNP,Urusan Publik,"Sosiologi, Pendidikan Pancasila",24.0,0.0,32.0,0.0,0.0,0.0,D3
142063.0,UNIVERSITAS NEGERI PADANG,TEKNIK LISTRIK,Prov. Sumatera Barat,Kota Padang,UNP,Teknik atau rekayasa,"Fisika, Matematika Tingkat Lanjut, Matematika",22.0,0.0,29.0,0.0,0.0,0.0,D3
142064.0,UNIVERSITAS NEGERI PADANG,TATA BOGA,Prov. Sumatera Barat,Kota Padang,UNP,Seni,Seni Budaya,24.0,0.0,32.0,0.0,0.0,0.0,D3
142065.0,UNIVERSITAS NEGERI PADANG,TEKNIK OTOMOTIF (KAMPUS KABUPATEN SAWAHLUNTO),Prov. Sumatera Barat,Kota Padang,UNP,Teknik atau rekayasa,"Fisika, Matematika Tingkat Lanjut, Matematika",12.0,0.0,16.0,0.0,0.0,0.0,D3
142066.0,UNIVERSITAS NEGERI PADANG,KEPERAWATAN,Prov. Sumatera Barat,Kota Padang,UNP,Keperawatan,"Biologi, Matematika",60.0,0.0,80.0,0.0,0.0,0.0,D3
142068.0,UNIVERSITAS NEGERI PADANG,TEKNIK PERTAMBANGAN,Prov. Sumatera Barat,Kota Padang,UNP,Ilmu atau Sains Kebumian,"Fisika, Matematika Tingkat Lanjut, Matematika",11.0,0.0,14.0,0.0,0.0,0.0,D3
142069.0,UNIVERSITAS NEGERI PADANG,MANAJEMEN PERDAGANGAN,Prov. Sumatera Barat,Kota Padang,UNP,Administrasi Bisnis,"Ekonomi, Matematika",27.0,0.0,36.0,0.0,0.0,0.0,D3
142070.0,UNIVERSITAS NEGERI PADANG,AKUNTANSI - D3,Prov. Sumatera Barat,Kota Padang,UNP,Ilmu atau Sains Akuntansi,"Ekonomi, Matematika",27.0,0.0,36.0,0.0,0.0,0.0,D3
142071.0,UNIVERSITAS NEGERI PADANG,TEKNIK OTOMOTIF,Prov. Sumatera Barat,Kota Padang,UNP,Teknik atau rekayasa,"Fisika, Matematika Tingkat Lanjut, Matematika",24.0,0.0,32.0,0.0,0.0,0.0,D3
142072.0,UNIVERSITAS NEGERI PADANG,TEKNIK MESIN - D3,Prov. Sumatera Barat,Kota Padang,UNP,Teknik atau rekayasa,"Fisika, Matematika Tingkat Lanjut, Matematika",29.0,0.0,39.0,0.0,0.0,0.0,D3
142073.0,UNIVERSITAS NEGERI PADANG,STATISTIK - D3,Prov. Sumatera Barat,Kota Padang,UNP,Sains Data,"Matematika Tingkat Lanjut, Matematika",18.0,0.0,24.0,0.0,0.0,0.0,D3
142074.0,UNIVERSITAS NEGERI PADANG,TEKNIK PERTAMBANGAN (KAMPUS KABUPATEN SAWAHLUNTO),Prov. Sumatera Barat,Kota Padang,UNP,Ilmu atau Sains Kebumian,"Fisika, Matematika Tingkat Lanjut, Matematika",9.0,0.0,12.0,0.0,0.0,0.0,D3
142075.0,UNIVERSITAS NEGERI PADANG,TATA BUSANA,Prov. Sumatera Barat,Kota Padang,UNP,Seni,Seni Budaya,18.0,0.0,24.0,0.0,0.0,0.0,D3
142076.0,UNIVERSITAS NEGERI PADANG,PENGINDERAAN JAUH DAN SISTEM INFORMASI GEOGRAFIS,Prov. Sumatera Barat,Kota Padang,UNP,"Geografi, Geografi Lingkungan, Sains Informasi Geografi","Geografi, Matematika, Fisika",18.0,0.0,24.0,0.0,0.0,0.0,D4
142077.0,UNIVERSITAS NEGERI PADANG,TEKNOLOGI REKAYASA SISTEM ELEKTRONIKA,Prov. Sumatera Barat,Kota Padang,UNP,Teknik atau rekayasa,"Fisika, Matematika Tingkat Lanjut, Matematika",12.0,0.0,16.0,0.0,0.0,0.0,D4
142078.0,UNIVERSITAS NEGERI PADANG,AGROBISNIS,Prov. Sumatera Barat,Kota Padang,UNP,"Bioteknologi, Biokewirausaha an, Bioinformatika","Biologi, Matematika",21.0,0.0,28.0,0.0,0.0,0.0,S1
142079.0,UNIVERSITAS NEGERI PADANG,AGROTEKNOLOGI,Prov. Sumatera Barat,Kota Padang,UNP,"Bioteknologi, Biokewirausaha an, Bioinformatika","Biologi, Matematika",21.0,0.0,28.0,0.0,0.0,0.0,S1
142080.0,UNIVERSITAS NEGERI PADANG,PETERNAKAN,Prov. Sumatera Barat,Kota Padang,UNP,Peternakan,"Biologi, Matematika",21.0,0.0,28.0,0.0,0.0,0.0,S1
142081.0,UNIVERSITAS NEGERI PADANG,HUKUM,Prov. Sumatera Barat,Kota Padang,UNP,Hukum,"Sosiologi, Pendidikan Pancasila",12.0,0.0,16.0,0.0,0.0,0.0,S1
142082.0,UNIVERSITAS NEGERI PADANG,ILMU KOMUNIKASI,Prov. Sumatera Barat,Kota Padang,UNP,Ilmu atau Sains Komunikasi,"Sosiologi, Bahasa Indonesia, Antropologi",12.0,0.0,16.0,0.0,0.0,0.0,S1
142083.0,UNIVERSITAS NEGERI PADANG,TEKNIK GEOLOGI,Prov. Sumatera Barat,Kota Padang,UNP,Ilmu atau Sains Kebumian,"Fisika, Matematika Tingkat Lanjut, Matematika",9.0,0.0,12.0,0.0,0.0,0.0,S1
142084.0,UNIVERSITAS NEGERI PADANG,PARIWISATA,Prov. Sumatera Barat,Kota Padang,UNP,Pariwisata,"Ekonomi, Matematika",12.0,0.0,16.0,0.0,0.0,0.0,S1
143001.0,ISI PADANG PANJANG,SENI KARAWITAN,Prov. Sumatera Barat,Kota Padang,ISI PADANG PANJANG,Seni,Seni Budaya,24.0,10.0,24.0,16.0,487.81,83.14,S1
143002.0,ISI PADANG PANJANG,SENI TARI,Prov. Sumatera Barat,Kota Padang,ISI PADANG PANJANG,Seni,Seni Budaya,48.0,26.0,48.0,54.0,500.17,83.76,S1
143003.0,ISI PADANG PANJANG,SENI MUSIK,Prov. Sumatera Barat,Kota Padang,ISI PADANG PANJANG,Seni,Seni Budaya,32.0,26.0,32.0,44.0,500.62,83.78,S1
143004.0,ISI PADANG PANJANG,SENI TEATER,Prov. Sumatera Barat,Kota Padang,ISI PADANG PANJANG,Seni,Seni Budaya,10.0,3.0,10.0,10.0,504.43,83.97,S1
143005.0,ISI PADANG PANJANG,SENI KRIYA,Prov. Sumatera Barat,Kota Padang,ISI PADANG PANJANG,Desain,"Seni Budaya, Matematika",16.0,10.0,16.0,16.0,499.24,83.71,S1
143006.0,ISI PADANG PANJANG,TELEVISI DAN FILM,Prov. Sumatera Barat,Kota Padang,ISI PADANG PANJANG,Ilmu atau Sains Komunikasi,"Sosiologi, Bahasa Indonesia, Antropologi",60.0,56.0,60.0,98.0,484.82,82.99,S1
143007.0,ISI PADANG PANJANG,SENI MURNI,Prov. Sumatera Barat,Kota Padang,ISI PADANG PANJANG,Seni,Seni Budaya,16.0,6.0,16.0,19.0,495.12,83.51,S1
143008.0,ISI PADANG PANJANG,FOTOGRAFI,Prov. Sumatera Barat,Kota Padang,ISI PADANG PANJANG,Ilmu atau Sains Komunikasi,"Sosiologi, Bahasa Indonesia, Antropologi",36.0,29.0,36.0,55.0,501.28,83.81,S1
143009.0,ISI PADANG PANJANG,DESAIN KOMUNIKASI VISUAL (DKV),Prov. Sumatera Barat,Kota Padang,ISI PADANG PANJANG,Desain,"Seni Budaya, Matematika",60.0,64.0,60.0,145.0,503.82,83.94,S1
143010.0,ISI PADANG PANJANG,ANTROPOLOGI BUDAYA,Prov. Sumatera Barat,Kota Padang,ISI PADANG PANJANG,Studi Humanitas,"Sosiologi, Pendidikan Pancasila, Antropologi",36.0,29.0,36.0,63.0,501.54,83.83,S1
143011.0,ISI PADANG PANJANG,PENDIDIKAN KRIYA,Prov. Sumatera Barat,Kota Padang,ISI PADANG PANJANG,Pendidikan Seni,Seni Budaya,24.0,28.0,24.0,35.0,503.03,83.9,S1
143012.0,ISI PADANG PANJANG,DESAIN MODE,Prov. Sumatera Barat,Kota Padang,ISI PADANG PANJANG,Desain,"Seni Budaya, Matematika",36.0,31.0,36.0,41.0,498.98,83.7,D4
143013.0,ISI PADANG PANJANG,DESAIN PRODUK,Prov. Sumatera Barat,Kota Padang,ISI PADANG PANJANG,Desain,"Seni Budaya, Matematika",16.0,5.0,16.0,12.0,505.22,84.01,S1
143014.0,ISI PADANG PANJANG,PARIWISATA,Prov. Sumatera Barat,Kota Padang,ISI PADANG PANJANG,Pariwisata,"Ekonomi, Matematika",36.0,93.0,36.0,118.0,502.22,83.86,S1
143015.0,ISI PADANG PANJANG,HUMANITAS,Prov. Sumatera Barat,Kota Padang,ISI PADANG PANJANG,Studi Humanitas,"Sosiologi, Pendidikan Pancasila, Antropologi",16.0,0.0,16.0,0.0,0.0,0.0,S1
143016.0,ISI PADANG PANJANG,PENDIDIKAN VOKASIONAL TATA RIAS,Prov. Sumatera Barat,Kota Padang,ISI PADANG PANJANG,Pendidikan Seni,Seni Budaya,24.0,0.0,24.0,0.0,0.0,0.0,S1
143017.0,ISI PADANG PANJANG,MUSIK FILM,Prov. Sumatera Barat,Kota Padang,ISI PADANG PANJANG,Seni,Seni Budaya,24.0,0.0,24.0,0.0,0.0,0.0,D4
143018.0,ISI PADANG PANJANG,SENI TARI MELAYU,Prov. Sumatera Barat,Kota Padang,ISI PADANG PANJANG,Seni,Seni Budaya,16.0,0.0,16.0,0.0,0.0,0.0,D4
143019.0,ISI PADANG PANJANG,SENI TARI MINANG,Prov. Sumatera Barat,Kota Padang,ISI PADANG PANJANG,Seni,Seni Budaya,16.0,0.0,16.0,0.0,0.0,0.0,D4
143020.0,ISI PADANG PANJANG,ANIMASI,Prov. Sumatera Barat,Kota Padang,ISI PADANG PANJANG,Desain,"Seni Budaya, Matematika",24.0,0.0,24.0,0.0,0.0,0.0,D4
143021.0,ISI PADANG PANJANG,PRODUKSI MEDIA,Prov. Sumatera Barat,Kota Padang,ISI PADANG PANJANG,Desain,"Seni Budaya, Matematika",16.0,0.0,16.0,0.0,0.0,0.0,D4
144001.0,UNIVERSITAS ISLAM NEGERI IMAM BONJOL PADANG,MATEMATIKA,Prov. Sumatera Barat,Kota Padang,UIN IB,Matematika,"Matematika Tingkat Lanjut, Matematika",80.0,0.0,64.0,0.0,0.0,0.0,S1
144002.0,UNIVERSITAS ISLAM NEGERI IMAM BONJOL PADANG,SISTEM INFORMASI,Prov. Sumatera Barat,Kota Padang,UIN IB,Ilmu atau Sains Informasi,"Matematika Tingkat Lanjut, Matematika",100.0,0.0,80.0,0.0,0.0,0.0,S1
151001.0,UNIVERSITAS JAMBI,PENDIDIKAN KIMIA,Prov. Jambi,Kab Muaro Jambi,UNJA,Pendidikan Kimia,Kimia,20.0,96.0,60.0,86.0,542.29,85.86,S1
151002.0,UNIVERSITAS JAMBI,PENDIDIKAN MATEMATIKA,Prov. Jambi,Kab Muaro Jambi,UNJA,Pendidikan Matematika,"Matematika, Matematika Tingkat Lanjut",26.0,230.0,78.0,209.0,545.39,86.02,S1
151003.0,UNIVERSITAS JAMBI,PENDIDIKAN FISIKA,Prov. Jambi,Kab Muaro Jambi,UNJA,Pendidikan Fisika,Fisika,20.0,75.0,60.0,73.0,540.65,85.78,S1
151004.0,UNIVERSITAS JAMBI,PENDIDIKAN BIOLOGI,Prov. Jambi,Kab Muaro Jambi,UNJA,Pendidikan Biologi,Biologi,28.0,244.0,84.0,227.0,540.65,85.78,S1
151005.0,UNIVERSITAS JAMBI,AGROEKOTEKNOLOGI,Prov. Jambi,Kab Muaro Jambi,UNJA,Ilmu dan Sains Pertanian,"Biologi, Matematika",80.0,276.0,200.0,379.0,555.1,86.51,S1
151006.0,UNIVERSITAS JAMBI,AGROBISNIS - S1,Prov. Jambi,Kab Muaro Jambi,UNJA,Ilmu dan Sains Pertanian,"Biologi, Matematika",60.0,481.0,150.0,472.0,554.7,86.49,S1
151007.0,UNIVERSITAS JAMBI,TEKNOLOGI HASIL PERTANIAN,Prov. Jambi,Kab Muaro Jambi,UNJA,"Teknologi Pangan, Teknologi Hasil Pertanian/ Peternakan/ Perikanan","Kimia, Biologi, Matematika",24.0,139.0,72.0,202.0,538.47,85.67,S1
151008.0,UNIVERSITAS JAMBI,PENDIDIKAN OLAHRAGA DAN KESEHATAN,Prov. Jambi,Kab Muaro Jambi,UNJA,Pendidikan Jasmani Kesehatan,"Pendidikan Jasmani, Biologi",40.0,97.0,120.0,176.0,498.44,83.67,S1
151009.0,UNIVERSITAS JAMBI,KEHUTANAN,Prov. Jambi,Kab Muaro Jambi,UNJA,Kehutanan,"Biologi, Matematika",24.0,162.0,60.0,305.0,560.86,86.79,S1
151010.0,UNIVERSITAS JAMBI,PETERNAKAN,Prov. Jambi,Kab Muaro Jambi,UNJA,Peternakan,"Biologi, Matematika",55.0,261.0,138.0,253.0,510.91,84.3,S1
151011.0,UNIVERSITAS JAMBI,KEDOKTERAN,Prov. Jambi,Kab Muaro Jambi,UNJA,Ilmu atau Sains Kedokteran,"Biologi, Kimia, Matematika",24.0,944.0,96.0,1716.0,641.34,90.82,S1
151012.0,UNIVERSITAS JAMBI,KIMIA,Prov. Jambi,Kab Muaro Jambi,UNJA,Kimia,"Kimia, Matematika",20.0,57.0,48.0,60.0,555.15,86.51,S1
151017.0,UNIVERSITAS JAMBI,KEPERAWATAN,Prov. Jambi,Kab Muaro Jambi,UNJA,Keperawatan,"Biologi, Matematika",32.0,553.0,80.0,623.0,588.83,88.19,S1
151018.0,UNIVERSITAS JAMBI,FARMASI,Prov. Jambi,Kab Muaro Jambi,UNJA,Ilmu Farmasi,"Biologi, Kimia, Matematika",20.0,542.0,60.0,809.0,595.25,88.51,S1
151019.0,UNIVERSITAS JAMBI,PEMANFAATAN SUMBERDAYA PERIKANAN,Prov. Jambi,Kab Muaro Jambi,UNJA,Ilmu atau Sains Perikanan,"Biologi, Matematika",19.0,113.0,48.0,106.0,502.31,83.87,S1
151020.0,UNIVERSITAS JAMBI,SISTEM INFORMASI,Prov. Jambi,Kab Muaro Jambi,UNJA,Ilmu atau Sains Informasi,"Matematika Tingkat Lanjut, Matematika",30.0,1018.0,90.0,993.0,539.07,85.7,S1
151021.0,UNIVERSITAS JAMBI,TEKNIK PERTAMBANGAN,Prov. Jambi,Kab Muaro Jambi,UNJA,Teknik atau rekayasa,"Fisika, Matematika Tingkat Lanjut, Matematika",12.0,278.0,30.0,478.0,607.15,89.11,S1
151022.0,UNIVERSITAS JAMBI,TEKNIK GEOLOGI,Prov. Jambi,Kab Muaro Jambi,UNJA,Ilmu atau Sains Kebumian,"Fisika, Matematika Tingkat Lanjut, Matematika",12.0,82.0,30.0,121.0,602.02,88.85,S1
151023.0,UNIVERSITAS JAMBI,BIOLOGI,Prov. Jambi,Kab Muaro Jambi,UNJA,Biologi,"Biologi, Matematika",20.0,115.0,48.0,126.0,550.83,86.29,S1
151024.0,UNIVERSITAS JAMBI,FISIKA,Prov. Jambi,Kab Muaro Jambi,UNJA,Fisika,"Fisika, Matematika",13.0,39.0,30.0,24.0,548.47,86.17,S1
151025.0,UNIVERSITAS JAMBI,MATEMATIKA,Prov. Jambi,Kab Muaro Jambi,UNJA,Matematika,"Matematika Tingkat Lanjut, Matematika",20.0,67.0,48.0,62.0,563.97,86.95,S1
151026.0,UNIVERSITAS JAMBI,KESEHATAN MASYARAKAT,Prov. Jambi,Kab Muaro Jambi,UNJA,Kesehatan Masyarakat,"Biologi, Matematika, Sosiologi",60.0,703.0,150.0,872.0,568.22,87.16,S1
151027.0,UNIVERSITAS JAMBI,TEKNIK LINGKUNGAN,Prov. Jambi,Kab Muaro Jambi,UNJA,Ilmu atau Sains Lingkungan,"Biologi, Matematika",10.0,121.0,25.0,208.0,556.94,86.6,S1
151028.0,UNIVERSITAS JAMBI,KEPELATIHAN OLAHRAGA,Prov. Jambi,Kab Muaro Jambi,UNJA,Ilmu atau Sains Keolahragaan,"PJOK, Biologi",16.0,29.0,48.0,74.0,494.41,83.47,S1
151029.0,UNIVERSITAS JAMBI,TEKNIK ELEKTRO,Prov. Jambi,Kab Muaro Jambi,UNJA,Teknik atau rekayasa,"Fisika, Matematika Tingkat Lanjut, Matematika",10.0,90.0,25.0,134.0,610.11,89.26,S1
151030.0,UNIVERSITAS JAMBI,TEKNIK GEOFISIKA,Prov. Jambi,Kab Muaro Jambi,UNJA,Teknik atau rekayasa,"Fisika, Matematika Tingkat Lanjut, Matematika",13.0,33.0,30.0,41.0,602.66,88.88,S1
151031.0,UNIVERSITAS JAMBI,TEKNIK KIMIA,Prov. Jambi,Kab Muaro Jambi,UNJA,Teknik atau rekayasa,"Fisika, Matematika Tingkat Lanjut, Matematika",10.0,49.0,25.0,84.0,612.45,89.37,S1
151032.0,UNIVERSITAS JAMBI,TEKNIK SIPIL,Prov. Jambi,Kab Muaro Jambi,UNJA,Teknik atau rekayasa,"Fisika, Matematika Tingkat Lanjut, Matematika",12.0,169.0,30.0,233.0,610.75,89.29,S1
151033.0,UNIVERSITAS JAMBI,TEKNIK PERTANIAN,Prov. Jambi,Kab Muaro Jambi,UNJA,Teknik atau rekayasa,"Fisika, Matematika Tingkat Lanjut, Matematika",16.0,110.0,48.0,222.0,540.04,85.75,S1
151034.0,UNIVERSITAS JAMBI,TEKNOLOGI INDUSTRI PERTANIAN,Prov. Jambi,Kab Muaro Jambi,UNJA,Ilmu dan Sains Pertanian,"Biologi, Matematika",16.0,76.0,48.0,127.0,538.61,85.68,S1
151035.0,UNIVERSITAS JAMBI,PENDIDIKAN EKONOMI,Prov. Jambi,Kab Muaro Jambi,UNJA,Pendidikan Ekonomi,Ekonomi,24.0,235.0,72.0,195.0,520.2,84.76,S1
151036.0,UNIVERSITAS JAMBI,"PENDIDIKAN BAHASA, SASTRA INDONESIA DAN DAERAH",Prov. Jambi,Kab Muaro Jambi,UNJA,Pendidikan Bahasa Indonesia,Bahasa Indonesia,32.0,360.0,96.0,288.0,520.01,84.75,S1
151037.0,UNIVERSITAS JAMBI,PENDIDIKAN BAHASA INGGRIS,Prov. Jambi,Kab Muaro Jambi,UNJA,Pendidikan Bahasa Inggris,Bahasa Inggris,30.0,360.0,90.0,353.0,579.67,87.73,S1
151038.0,UNIVERSITAS JAMBI,HUKUM,Prov. Jambi,Kab Muaro Jambi,UNJA,Hukum,"Sosiologi, Pendidikan Pancasila",95.0,862.0,238.0,1129.0,523.59,84.93,S1
151039.0,UNIVERSITAS JAMBI,EKONOMI PEMBANGUNAN,Prov. Jambi,Kab Muaro Jambi,UNJA,Ekonomi,"Ekonomi, Matematika",40.0,380.0,80.0,450.0,595.96,88.55,S1
151040.0,UNIVERSITAS JAMBI,MANAJEMEN,Prov. Jambi,Kab Muaro Jambi,UNJA,Ilmu atau Sains Manajemen,"Ekonomi, Matematika",40.0,1164.0,80.0,1191.0,597.6,88.63,S1
151041.0,UNIVERSITAS JAMBI,AKUNTANSI - S1,Prov. Jambi,Kab Muaro Jambi,UNJA,Ilmu atau Sains Akuntansi,"Ekonomi, Matematika",40.0,671.0,80.0,616.0,597.61,88.63,S1
151042.0,UNIVERSITAS JAMBI,PENDIDIKAN GURU SD,Prov. Jambi,Kab Muaro Jambi,UNJA,Pendidikan SD,"Matematika, Bahasa Indonesia",45.0,983.0,135.0,1046.0,523.36,84.92,S1
151043.0,UNIVERSITAS JAMBI,PENDIDIKAN BIMBINGAN DAN KONSELING,Prov. Jambi,Kab Muaro Jambi,UNJA,Psikologi,"Sosiologi, Matematika",26.0,288.0,78.0,362.0,509.89,84.24,S1
151044.0,UNIVERSITAS JAMBI,PENDIDIKAN GURU PAUD,Prov. Jambi,Kab Muaro Jambi,UNJA,Pendidikan PAUD,"Matematika, Bahasa Indonesia",20.0,171.0,60.0,224.0,520.2,84.76,S1
151045.0,UNIVERSITAS JAMBI,PENDIDIKAN BAHASA ARAB,Prov. Jambi,Kab Muaro Jambi,UNJA,Pendidikan Bahasa Arab,"Bahasa Indonesia, Bahasa Arab",16.0,76.0,48.0,57.0,506.9,84.1,S1
151046.0,UNIVERSITAS JAMBI,PENDIDIKAN SEJARAH,Prov. Jambi,Kab Muaro Jambi,UNJA,Pendidikan Sejarah,Sejarah,18.0,156.0,54.0,203.0,523.73,84.94,S1
151047.0,UNIVERSITAS JAMBI,SASTRA INDONESIA,Prov. Jambi,Kab Muaro Jambi,UNJA,Susastra atau Sastra,"Bahasa Indonesia, Bahasa Inggris, Bahasa Asing Lainnya",16.0,63.0,48.0,93.0,548.0,86.15,S1
151048.0,UNIVERSITAS JAMBI,PSIKOLOGI,Prov. Jambi,Kab Muaro Jambi,UNJA,Psikologi,"Sosiologi, Matematika",18.0,430.0,45.0,616.0,596.83,88.59,S1
151049.0,UNIVERSITAS JAMBI,ILMU PEMERINTAHAN,Prov. Jambi,Kab Muaro Jambi,UNJA,Urusan Publik,"Sosiologi, Pendidikan Pancasila",20.0,341.0,50.0,463.0,602.29,88.86,S1
151050.0,UNIVERSITAS JAMBI,EKONOMI ISLAM,Prov. Jambi,Kab Muaro Jambi,UNJA,Ekonomi,"Ekonomi, Matematika",40.0,206.0,80.0,207.0,508.45,84.17,S1
151051.0,UNIVERSITAS JAMBI,ARKEOLOGI,Prov. Jambi,Kab Muaro Jambi,UNJA,Sejarah,Sejarah,12.0,55.0,36.0,86.0,526.2,85.06,S1
151052.0,UNIVERSITAS JAMBI,PENDIDIKAN PANCASILA DAN KEWARGANEGARAAN,Prov. Jambi,Kab Muaro Jambi,UNJA,Pendidikan Pancasila,Pendidikan Pancasila,12.0,169.0,66.0,194.0,525.05,85.0,S1
151053.0,UNIVERSITAS JAMBI,SEJARAH,Prov. Jambi,Kab Muaro Jambi,UNJA,Sejarah,Sejarah,16.0,74.0,48.0,95.0,522.44,84.87,S1
151054.0,UNIVERSITAS JAMBI,ADMINISTRASI PENDIDIKAN,Prov. Jambi,Kab Muaro Jambi,UNJA,Manajemen Pendidikan,"Ekonomi, Sosiologi",20.0,168.0,60.0,234.0,520.0,84.75,S1
151055.0,UNIVERSITAS JAMBI,ILMU POLITIK,Prov. Jambi,Kab Muaro Jambi,UNJA,Sosial,"Sosiologi, Sejarah, Antropologi",16.0,130.0,40.0,184.0,527.04,85.1,S1
151056.0,UNIVERSITAS JAMBI,SENI DRAMA TARI DAN MUSIK,Prov. Jambi,Kab Muaro Jambi,UNJA,Seni,Seni Budaya,12.0,15.0,36.0,25.0,498.28,83.66,S1
151057.0,UNIVERSITAS JAMBI,KEUANGAN DAERAH,Prov. Jambi,Kab Muaro Jambi,UNJA,Urusan Publik,"Sosiologi, Pendidikan Pancasila",15.0,43.0,30.0,55.0,511.41,84.32,D4
151058.0,UNIVERSITAS JAMBI,MANAJEMEN PEMERINTAHAN,Prov. Jambi,Kab Muaro Jambi,UNJA,Urusan Publik,"Sosiologi, Pendidikan Pancasila",20.0,63.0,40.0,93.0,513.67,84.43,D4
151059.0,UNIVERSITAS JAMBI,BISNIS DIGITAL,Prov. Jambi,Kab Muaro Jambi,UNJA,Bisnis,"Ekonomi, Matematika",20.0,87.0,40.0,198.0,586.21,88.06,S1
151060.0,UNIVERSITAS JAMBI,AKUNTANSI - D3,Prov. Jambi,Kab Muaro Jambi,UNJA,Ilmu atau Sains Akuntansi,"Ekonomi, Matematika",15.0,0.0,30.0,0.0,0.0,0.0,D3
151061.0,UNIVERSITAS JAMBI,AGROBISNIS - D3,Prov. Jambi,Kab Muaro Jambi,UNJA,"Bioteknologi, Biokewirausaha an, Bioinformatika","Biologi, Matematika",8.0,0.0,18.0,0.0,0.0,0.0,D3
151062.0,UNIVERSITAS JAMBI,TEKNOLOGI HASIL PERIKANAN,Prov. Jambi,Kab Muaro Jambi,UNJA,"Teknologi Pangan, Teknologi Hasil Pertanian/ Peternakan/ Perikanan","Kimia, Biologi, Matematika",8.0,0.0,20.0,0.0,0.0,0.0,D3
151063.0,UNIVERSITAS JAMBI,KESEHATAN HEWAN,Prov. Jambi,Kab Muaro Jambi,UNJA,Ilmu atau Sains Veteriner,"Biologi, Kimia, Matematika",16.0,0.0,40.0,0.0,0.0,0.0,D3
151064.0,UNIVERSITAS JAMBI,ANALIS KIMIA,Prov. Jambi,Kab Muaro Jambi,UNJA,Kimia,"Kimia, Matematika",8.0,0.0,20.0,0.0,0.0,0.0,D3
151065.0,UNIVERSITAS JAMBI,PERPAJAKAN,Prov. Jambi,Kab Muaro Jambi,UNJA,Ilmu atau Sains Akuntansi,"Ekonomi, Matematika",15.0,0.0,30.0,0.0,0.0,0.0,D3
151066.0,UNIVERSITAS JAMBI,MANAJEMEN PEMASARAN,Prov. Jambi,Kab Muaro Jambi,UNJA,Ilmu atau Sains Manajemen,"Ekonomi, Matematika",15.0,0.0,30.0,0.0,0.0,0.0,D3
151067.0,UNIVERSITAS JAMBI,KIMIA INDUSTRI,Prov. Jambi,Kab Muaro Jambi,UNJA,Kimia,"Kimia, Matematika",8.0,0.0,20.0,0.0,0.0,0.0,D3
151068.0,UNIVERSITAS JAMBI,KEWIRAUSAHAAN,Prov. Jambi,Kab Muaro Jambi,UNJA,Bisnis,"Ekonomi, Matematika",20.0,0.0,40.0,0.0,0.0,0.0,S1
152001.0,UNIVERSITAS ISLAM NEGERI SULTAN THAHA SAIFUDDIN JAMBI,SISTEM INFORMASI,Prov. Jambi,Kota Jambi,UIN STS,Ilmu atau Sains Informasi,"Matematika Tingkat Lanjut, Matematika",85.0,0.0,115.0,0.0,0.0,0.0,S1
152002.0,UNIVERSITAS ISLAM NEGERI SULTAN THAHA SAIFUDDIN JAMBI,KIMIA,Prov. Jambi,Kota Jambi,UIN STS,Kimia,"Kimia, Matematika",21.0,0.0,30.0,0.0,0.0,0.0,S1
152003.0,UNIVERSITAS ISLAM NEGERI SULTAN THAHA SAIFUDDIN JAMBI,FISIKA,Prov. Jambi,Kota Jambi,UIN STS,Fisika,"Fisika, Matematika",21.0,0.0,30.0,0.0,0.0,0.0,S1
152004.0,UNIVERSITAS ISLAM NEGERI SULTAN THAHA SAIFUDDIN JAMBI,STATISTIK,Prov. Jambi,Kota Jambi,UIN STS,Sains Data,"Matematika Tingkat Lanjut, Matematika",40.0,0.0,50.0,0.0,0.0,0.0,S1
152005.0,UNIVERSITAS ISLAM NEGERI SULTAN THAHA SAIFUDDIN JAMBI,BIOLOGI,Prov. Jambi,Kota Jambi,UIN STS,Biologi,"Biologi, Matematika",21.0,0.0,30.0,0.0,0.0,0.0,S1
152006.0,UNIVERSITAS ISLAM NEGERI SULTAN THAHA SAIFUDDIN JAMBI,SAINS INFORMASI GEOGRAFI,Prov. Jambi,Kota Jambi,UIN STS,"Geografi, Geografi Lingkungan, Sains Informasi Geografi","Geografi, Matematika, Fisika",21.0,0.0,30.0,0.0,0.0,0.0,S1
161001.0,UNIVERSITAS BENGKULU,AGROEKOTEKNOLOGI,Prov. Bengkulu,Kota Bengkulu,UNIB,Ilmu dan Sains Pertanian,"Biologi, Matematika",26.0,155.0,65.0,201.0,545.26,86.01,S1
161002.0,UNIVERSITAS BENGKULU,KEHUTANAN,Prov. Bengkulu,Kota Bengkulu,UNIB,Kehutanan,"Biologi, Matematika",18.0,80.0,45.0,177.0,551.2,86.31,S1
161003.0,UNIVERSITAS BENGKULU,PETERNAKAN,Prov. Bengkulu,Kota Bengkulu,UNIB,Peternakan,"Biologi, Matematika",26.0,72.0,65.0,155.0,505.59,84.03,S1
161004.0,UNIVERSITAS BENGKULU,AGROBISNIS,Prov. Bengkulu,Kota Bengkulu,UNIB,Ilmu dan Sains Pertanian,"Biologi, Matematika",26.0,275.0,65.0,318.0,553.52,86.43,S1
161005.0,UNIVERSITAS BENGKULU,TEKNOLOGI INDUSTRI PERTANIAN,Prov. Bengkulu,Kota Bengkulu,UNIB,Ilmu dan Sains Pertanian,"Biologi, Matematika",24.0,170.0,60.0,214.0,551.42,86.32,S1
161006.0,UNIVERSITAS BENGKULU,PENDIDIKAN FISIKA,Prov. Bengkulu,Kota Bengkulu,UNIB,Pendidikan Fisika,Fisika,16.0,49.0,40.0,61.0,513.85,84.44,S1
161007.0,UNIVERSITAS BENGKULU,PENDIDIKAN BIOLOGI,Prov. Bengkulu,Kota Bengkulu,UNIB,Pendidikan Biologi,Biologi,16.0,166.0,40.0,186.0,515.31,84.52,S1
161008.0,UNIVERSITAS BENGKULU,PENDIDIKAN KIMIA,Prov. Bengkulu,Kota Bengkulu,UNIB,Pendidikan Kimia,Kimia,16.0,63.0,40.0,64.0,512.95,84.4,S1
161009.0,UNIVERSITAS BENGKULU,PENDIDIKAN MATEMATIKA,Prov. Bengkulu,Kota Bengkulu,UNIB,Pendidikan Matematika,"Matematika, Matematika Tingkat Lanjut",16.0,172.0,40.0,182.0,510.69,84.28,S1
161010.0,UNIVERSITAS BENGKULU,MATEMATIKA,Prov. Bengkulu,Kota Bengkulu,UNIB,Matematika,"Matematika Tingkat Lanjut, Matematika",20.0,59.0,50.0,71.0,556.83,86.59,S1
161011.0,UNIVERSITAS BENGKULU,FISIKA,Prov. Bengkulu,Kota Bengkulu,UNIB,Fisika,"Fisika, Matematika",20.0,26.0,50.0,34.0,550.01,86.25,S1
161012.0,UNIVERSITAS BENGKULU,BIOLOGI,Prov. Bengkulu,Kota Bengkulu,UNIB,Biologi,"Biologi, Matematika",20.0,88.0,50.0,114.0,551.25,86.31,S1
161013.0,UNIVERSITAS BENGKULU,KIMIA,Prov. Bengkulu,Kota Bengkulu,UNIB,Kimia,"Kimia, Matematika",30.0,71.0,75.0,69.0,551.26,86.31,S1
161014.0,UNIVERSITAS BENGKULU,TEKNIK INFORMATIKA,Prov. Bengkulu,Kota Bengkulu,UNIB,Ilmu atau Sains Informasi,"Matematika Tingkat Lanjut, Matematika",20.0,480.0,50.0,779.0,606.19,89.06,S1
161015.0,UNIVERSITAS BENGKULU,TEKNIK SIPIL,Prov. Bengkulu,Kota Bengkulu,UNIB,Teknik atau rekayasa,"Fisika, Matematika Tingkat Lanjut, Matematika",24.0,247.0,60.0,449.0,578.23,87.66,S1
161016.0,UNIVERSITAS BENGKULU,TEKNIK MESIN,Prov. Bengkulu,Kota Bengkulu,UNIB,Teknik atau rekayasa,"Fisika, Matematika Tingkat Lanjut, Matematika",20.0,84.0,50.0,149.0,583.94,87.95,S1
161017.0,UNIVERSITAS BENGKULU,TEKNIK ELEKTRO,Prov. Bengkulu,Kota Bengkulu,UNIB,Teknik atau rekayasa,"Fisika, Matematika Tingkat Lanjut, Matematika",20.0,93.0,50.0,133.0,580.37,87.77,S1
161018.0,UNIVERSITAS BENGKULU,ILMU KELAUTAN,Prov. Bengkulu,Kota Bengkulu,UNIB,Ilmu atau Sains Kelautan,"Biologi, Matematika, Geografi",18.0,72.0,45.0,79.0,550.14,86.26,S1
161019.0,UNIVERSITAS BENGKULU,KEDOKTERAN,Prov. Bengkulu,Kota Bengkulu,UNIB,Ilmu atau Sains Kedokteran,"Biologi, Kimia, Matematika",10.0,486.0,25.0,941.0,633.43,90.42,S1
161020.0,UNIVERSITAS BENGKULU,ILMU TANAH,Prov. Bengkulu,Kota Bengkulu,UNIB,Ilmu atau Sains Lingkungan,"Biologi, Matematika",10.0,47.0,25.0,88.0,497.65,83.63,S1
161021.0,UNIVERSITAS BENGKULU,STATISTIK,Prov. Bengkulu,Kota Bengkulu,UNIB,Sains Data,"Matematika Tingkat Lanjut, Matematika",10.0,127.0,25.0,119.0,550.14,86.26,S1
161022.0,UNIVERSITAS BENGKULU,ARSITEKTUR,Prov. Bengkulu,Kota Bengkulu,UNIB,Arsitektur,"Matematika, Fisika",8.0,105.0,20.0,118.0,588.27,88.16,S1
161023.0,UNIVERSITAS BENGKULU,SISTEM INFORMASI,Prov. Bengkulu,Kota Bengkulu,UNIB,Ilmu atau Sains Informasi,"Matematika Tingkat Lanjut, Matematika",16.0,213.0,40.0,281.0,538.55,85.68,S1
161024.0,UNIVERSITAS BENGKULU,PROTEKSI TANAMAN,Prov. Bengkulu,Kota Bengkulu,UNIB,Ilmu dan Sains Pertanian,"Biologi, Matematika",10.0,48.0,25.0,57.0,496.68,83.58,S1
161025.0,UNIVERSITAS BENGKULU,FARMASI - S1,Prov. Bengkulu,Kota Bengkulu,UNIB,Ilmu Farmasi,"Biologi, Kimia, Matematika",20.0,545.0,50.0,892.0,600.65,88.78,S1
161026.0,UNIVERSITAS BENGKULU,GEOFISIKA,Prov. Bengkulu,Kota Bengkulu,UNIB,Ilmu atau Sains Kebumian,"Fisika, Matematika Tingkat Lanjut, Matematika",20.0,51.0,50.0,74.0,554.87,86.49,S1
161027.0,UNIVERSITAS BENGKULU,PENDIDIKAN IPA,Prov. Bengkulu,Kota Bengkulu,UNIB,Pendidikan IPA,"Matematika, Biologi",16.0,121.0,40.0,150.0,509.36,84.22,S1
161028.0,UNIVERSITAS BENGKULU,HUKUM,Prov. Bengkulu,Kota Bengkulu,UNIB,Hukum,"Sosiologi, Pendidikan Pancasila",90.0,756.0,225.0,1031.0,523.82,84.94,S1
161029.0,UNIVERSITAS BENGKULU,ILMU KESEJAHTERAAN SOSIAL,Prov. Bengkulu,Kota Bengkulu,UNIB,Studi Humanitas,"Sosiologi, Pendidikan Pancasila, Antropologi",14.0,136.0,35.0,224.0,521.98,84.85,S1
161030.0,UNIVERSITAS BENGKULU,EKONOMI PEMBANGUNAN,Prov. Bengkulu,Kota Bengkulu,UNIB,Ekonomi,"Ekonomi, Matematika",24.0,191.0,60.0,294.0,596.17,88.56,S1
161031.0,UNIVERSITAS BENGKULU,MANAJEMEN,Prov. Bengkulu,Kota Bengkulu,UNIB,Ilmu atau Sains Manajemen,"Ekonomi, Matematika",40.0,976.0,100.0,1099.0,610.51,89.28,S1
161032.0,UNIVERSITAS BENGKULU,ADMINISTRASI NEGARA,Prov. Bengkulu,Kota Bengkulu,UNIB,Administrasi Bisnis,"Ekonomi, Matematika",20.0,350.0,50.0,462.0,577.92,87.65,S1
161033.0,UNIVERSITAS BENGKULU,SOSIOLOGI,Prov. Bengkulu,Kota Bengkulu,UNIB,Studi Humanitas,"Sosiologi, Pendidikan Pancasila, Antropologi",20.0,194.0,50.0,207.0,518.77,84.69,S1
161034.0,UNIVERSITAS BENGKULU,ILMU KOMUNIKASI,Prov. Bengkulu,Kota Bengkulu,UNIB,Ilmu atau Sains Komunikasi,"Sosiologi, Bahasa Indonesia, Antropologi",20.0,528.0,50.0,782.0,599.78,88.74,S1
161035.0,UNIVERSITAS BENGKULU,AKUNTANSI - S1,Prov. Bengkulu,Kota Bengkulu,UNIB,Ilmu atau Sains Akuntansi,"Ekonomi, Matematika",40.0,594.0,100.0,633.0,597.06,88.6,S1
161036.0,UNIVERSITAS BENGKULU,PENDIDIKAN LUAR SEKOLAH,Prov. Bengkulu,Kota Bengkulu,UNIB,Pendidikan Luar Sekolah,"Bahasa Indonesia, Matematika",20.0,50.0,50.0,70.0,508.48,84.17,S1
161037.0,UNIVERSITAS BENGKULU,PENDIDIKAN BAHASA DAN SASTRA INDONESIA,Prov. Bengkulu,Kota Bengkulu,UNIB,Pendidikan Bahasa Indonesia,Bahasa Indonesia,24.0,334.0,60.0,358.0,523.08,84.9,S1
161038.0,UNIVERSITAS BENGKULU,PENDIDIKAN BAHASA INGGRIS,Prov. Bengkulu,Kota Bengkulu,UNIB,Pendidikan Bahasa Inggris,Bahasa Inggris,24.0,286.0,60.0,305.0,525.09,85.0,S1
161039.0,UNIVERSITAS BENGKULU,PENDIDIKAN GURU SD,Prov. Bengkulu,Kota Bengkulu,UNIB,Pendidikan SD,"Matematika, Bahasa Indonesia",32.0,982.0,80.0,959.0,512.62,84.38,S1
161040.0,UNIVERSITAS BENGKULU,PENDIDIKAN GURU PAUD,Prov. Bengkulu,Kota Bengkulu,UNIB,Pendidikan PAUD,"Matematika, Bahasa Indonesia",16.0,217.0,40.0,233.0,518.61,84.68,S1
161041.0,UNIVERSITAS BENGKULU,PENDIDIKAN JASMANI KESEHATAN DAN REKREASI,Prov. Bengkulu,Kota Bengkulu,UNIB,Pendidikan Jasmani Kesehatan,"Pendidikan Jasmani, Biologi",18.0,94.0,45.0,176.0,503.82,83.94,S1
161042.0,UNIVERSITAS BENGKULU,PENDIDIKAN BIMBINGAN DAN KONSELING,Prov. Bengkulu,Kota Bengkulu,UNIB,Psikologi,"Sosiologi, Matematika",16.0,387.0,40.0,470.0,511.18,84.31,S1
161043.0,UNIVERSITAS BENGKULU,PERPUSTAKAAN,Prov. Bengkulu,Kota Bengkulu,UNIB,Ilmu atau Sains Komunikasi,"Sosiologi, Bahasa Indonesia, Antropologi",14.0,127.0,35.0,153.0,526.53,85.08,S1
161044.0,UNIVERSITAS BENGKULU,JURNALISTIK,Prov. Bengkulu,Kota Bengkulu,UNIB,Ilmu atau Sains Komunikasi,"Sosiologi, Bahasa Indonesia, Antropologi",16.0,102.0,40.0,168.0,560.51,86.78,S1
161047.0,UNIVERSITAS BENGKULU,FARMASI - D3,Prov. Bengkulu,Kota Bengkulu,UNIB,Ilmu Farmasi,"Biologi, Kimia, Matematika",24.0,0.0,60.0,0.0,0.0,0.0,D3
161048.0,UNIVERSITAS BENGKULU,LABORATORIUM SAINS,Prov. Bengkulu,Kota Bengkulu,UNIB,Teknik atau rekayasa,"Fisika, Matematika Tingkat Lanjut, Matematika",16.0,0.0,40.0,0.0,0.0,0.0,D3
161049.0,UNIVERSITAS BENGKULU,KEBIDANAN,Prov. Bengkulu,Kota Bengkulu,UNIB,Kebidanan,"Biologi, Matematika",16.0,0.0,40.0,0.0,0.0,0.0,D3
161052.0,UNIVERSITAS BENGKULU,KEPERAWATAN,Prov. Bengkulu,Kota Bengkulu,UNIB,Keperawatan,"Biologi, Matematika",24.0,0.0,60.0,0.0,0.0,0.0,D3
161054.0,UNIVERSITAS BENGKULU,AKUNTANSI - D3,Prov. Bengkulu,Kota Bengkulu,UNIB,Ilmu atau Sains Akuntansi,"Ekonomi, Matematika",15.0,0.0,38.0,0.0,0.0,0.0,D3
171001.0,UNIVERSITAS SRIWIJAYA,TEKNIK SIPIL,Prov. Sumatera Selatan,Kota Palembang,UNSRI,Teknik atau rekayasa,"Fisika, Matematika Tingkat Lanjut, Matematika",28.0,543.0,70.0,1012.0,616.64,89.58,S1
171002.0,UNIVERSITAS SRIWIJAYA,TEKNIK PERTAMBANGAN,Prov. Sumatera Selatan,Kota Palembang,UNSRI,Teknik atau rekayasa,"Fisika, Matematika Tingkat Lanjut, Matematika",24.0,643.0,60.0,1295.0,652.77,91.39,S1
171003.0,UNIVERSITAS SRIWIJAYA,TEKNIK KIMIA,Prov. Sumatera Selatan,Kota Palembang,UNSRI,Teknik atau rekayasa,"Fisika, Matematika Tingkat Lanjut, Matematika",28.0,308.0,70.0,380.0,622.39,89.87,S1
171004.0,UNIVERSITAS SRIWIJAYA,TEKNIK MESIN,Prov. Sumatera Selatan,Kota Palembang,UNSRI,Teknik atau rekayasa,"Fisika, Matematika Tingkat Lanjut, Matematika",28.0,330.0,70.0,518.0,631.75,90.34,S1
171005.0,UNIVERSITAS SRIWIJAYA,TEKNIK ELEKTRO,Prov. Sumatera Selatan,Kota Palembang,UNSRI,Teknik atau rekayasa,"Fisika, Matematika Tingkat Lanjut, Matematika",28.0,417.0,70.0,608.0,635.63,90.53,S1
171006.0,UNIVERSITAS SRIWIJAYA,KEDOKTERAN,Prov. Sumatera Selatan,Kota Palembang,UNSRI,Ilmu atau Sains Kedokteran,"Biologi, Kimia, Matematika",50.0,1153.0,125.0,2425.0,645.37,91.02,S1
171007.0,UNIVERSITAS SRIWIJAYA,KEDOKTERAN GIGI,Prov. Sumatera Selatan,Kota Palembang,UNSRI,Ilmu atau Sains Kedokteran Gigi,"Biologi, Kimia, Matematika",16.0,610.0,40.0,1018.0,629.91,90.25,S1
171008.0,UNIVERSITAS SRIWIJAYA,MATEMATIKA,Prov. Sumatera Selatan,Kota Palembang,UNSRI,Matematika,"Matematika Tingkat Lanjut, Matematika",24.0,201.0,60.0,193.0,560.43,86.77,S1
171009.0,UNIVERSITAS SRIWIJAYA,FISIKA,Prov. Sumatera Selatan,Kota Palembang,UNSRI,Fisika,"Fisika, Matematika",24.0,64.0,60.0,65.0,554.57,86.48,S1
171010.0,UNIVERSITAS SRIWIJAYA,KIMIA,Prov. Sumatera Selatan,Kota Palembang,UNSRI,Kimia,"Kimia, Matematika",24.0,126.0,60.0,124.0,552.8,86.39,S1
171011.0,UNIVERSITAS SRIWIJAYA,BIOLOGI,Prov. Sumatera Selatan,Kota Palembang,UNSRI,Biologi,"Biologi, Matematika",24.0,260.0,60.0,238.0,552.04,86.35,S1
171012.0,UNIVERSITAS SRIWIJAYA,AGROBISNIS,Prov. Sumatera Selatan,Kota Palembang,UNSRI,Ilmu dan Sains Pertanian,"Biologi, Matematika",44.0,654.0,110.0,664.0,534.69,85.48,S1
171013.0,UNIVERSITAS SRIWIJAYA,TEKNOLOGI HASIL PERTANIAN,Prov. Sumatera Selatan,Kota Palembang,UNSRI,"Teknologi Pangan, Teknologi Hasil Pertanian/ Peternakan/ Perikanan","Kimia, Biologi, Matematika",22.0,286.0,55.0,243.0,529.05,85.2,S1
171014.0,UNIVERSITAS SRIWIJAYA,TEKNIK PERTANIAN,Prov. Sumatera Selatan,Kota Palembang,UNSRI,Teknik atau rekayasa,"Fisika, Matematika Tingkat Lanjut, Matematika",22.0,253.0,55.0,361.0,529.19,85.21,S1
171015.0,UNIVERSITAS SRIWIJAYA,PENDIDIKAN MATEMATIKA,Prov. Sumatera Selatan,Kota Palembang,UNSRI,Pendidikan Matematika,"Matematika, Matematika Tingkat Lanjut",20.0,312.0,50.0,304.0,551.79,86.34,S1
171016.0,UNIVERSITAS SRIWIJAYA,PENDIDIKAN BIOLOGI,Prov. Sumatera Selatan,Kota Palembang,UNSRI,Pendidikan Biologi,Biologi,20.0,422.0,50.0,394.0,531.54,85.33,S1
171017.0,UNIVERSITAS SRIWIJAYA,PENDIDIKAN KIMIA,Prov. Sumatera Selatan,Kota Palembang,UNSRI,Pendidikan Kimia,Kimia,20.0,138.0,50.0,112.0,548.08,86.15,S1
171018.0,UNIVERSITAS SRIWIJAYA,PENDIDIKAN FISIKA,Prov. Sumatera Selatan,Kota Palembang,UNSRI,Pendidikan Fisika,Fisika,20.0,139.0,50.0,99.0,534.28,85.46,S1
171019.0,UNIVERSITAS SRIWIJAYA,KESEHATAN MASYARAKAT,Prov. Sumatera Selatan,Kota Palembang,UNSRI,Kesehatan Masyarakat,"Biologi, Matematika, Sosiologi",44.0,1024.0,110.0,1209.0,544.51,85.98,S1
171020.0,UNIVERSITAS SRIWIJAYA,ARSITEKTUR,Prov. Sumatera Selatan,Kota Palembang,UNSRI,Arsitektur,"Matematika, Fisika",18.0,174.0,45.0,374.0,551.77,86.34,S1
171021.0,UNIVERSITAS SRIWIJAYA,ILMU KELAUTAN,Prov. Sumatera Selatan,Kota Palembang,UNSRI,Ilmu atau Sains Kelautan,"Biologi, Matematika, Geografi",24.0,136.0,60.0,151.0,552.12,86.36,S1
171022.0,UNIVERSITAS SRIWIJAYA,BUDIDAYA PERAIRAN,Prov. Sumatera Selatan,Kota Palembang,UNSRI,"Bioteknologi, Biokewirausaha an, Bioinformatika","Biologi, Matematika",22.0,113.0,55.0,116.0,534.16,85.46,S1
171023.0,UNIVERSITAS SRIWIJAYA,TEKNOLOGI HASIL PERIKANAN,Prov. Sumatera Selatan,Kota Palembang,UNSRI,"Teknologi Pangan, Teknologi Hasil Pertanian/ Peternakan/ Perikanan","Kimia, Biologi, Matematika",22.0,116.0,55.0,102.0,530.16,85.26,S1
171024.0,UNIVERSITAS SRIWIJAYA,KEPERAWATAN,Prov. Sumatera Selatan,Kota Palembang,UNSRI,Keperawatan,"Biologi, Matematika",24.0,925.0,60.0,1114.0,615.93,89.55,S1
171025.0,UNIVERSITAS SRIWIJAYA,PENDIDIKAN TEKNIK MESIN,Prov. Sumatera Selatan,Kota Palembang,UNSRI,Pendidikan Teknik,"Fisika, Matematika Tingkat Lanjut, Matematika",20.0,90.0,50.0,129.0,546.55,86.08,S1
171026.0,UNIVERSITAS SRIWIJAYA,SISTEM KOMPUTER,Prov. Sumatera Selatan,Kota Palembang,UNSRI,Komputer,"Matematika Tingkat Lanjut, Matematika",36.0,611.0,90.0,764.0,540.77,85.79,S1
171027.0,UNIVERSITAS SRIWIJAYA,TEKNIK INFORMATIKA,Prov. Sumatera Selatan,Kota Palembang,UNSRI,Ilmu atau Sains Informasi,"Matematika Tingkat Lanjut, Matematika",36.0,946.0,90.0,1334.0,653.7,91.44,S1
171028.0,UNIVERSITAS SRIWIJAYA,SISTEM INFORMASI,Prov. Sumatera Selatan,Kota Palembang,UNSRI,Ilmu atau Sains Informasi,"Matematika Tingkat Lanjut, Matematika",36.0,652.0,90.0,1005.0,557.17,86.61,S1
171029.0,UNIVERSITAS SRIWIJAYA,AGROEKOTEKNOLOGI,Prov. Sumatera Selatan,Kota Palembang,UNSRI,Ilmu dan Sains Pertanian,"Biologi, Matematika",22.0,165.0,55.0,247.0,552.2,86.36,S1
171030.0,UNIVERSITAS SRIWIJAYA,PETERNAKAN,Prov. Sumatera Selatan,Kota Palembang,UNSRI,Peternakan,"Biologi, Matematika",22.0,161.0,55.0,174.0,529.32,85.22,S1
171031.0,UNIVERSITAS SRIWIJAYA,FARMASI,Prov. Sumatera Selatan,Kota Palembang,UNSRI,Ilmu Farmasi,"Biologi, Kimia, Matematika",24.0,1231.0,60.0,1738.0,630.34,90.27,S1
171032.0,UNIVERSITAS SRIWIJAYA,TEKNIK GEOLOGI,Prov. Sumatera Selatan,Kota Palembang,UNSRI,Ilmu atau Sains Kebumian,"Fisika, Matematika Tingkat Lanjut, Matematika",16.0,216.0,40.0,320.0,637.43,90.62,S1
171033.0,UNIVERSITAS SRIWIJAYA,PSIKOLOGI,Prov. Sumatera Selatan,Kota Palembang,UNSRI,Psikologi,"Sosiologi, Matematika",14.0,879.0,35.0,113.0,623.44,89.92,S1
171034.0,UNIVERSITAS SRIWIJAYA,ILMU TANAH,Prov. Sumatera Selatan,Kota Palembang,UNSRI,Ilmu atau Sains Lingkungan,"Biologi, Matematika",22.0,177.0,55.0,203.0,504.88,83.99,S1
171035.0,UNIVERSITAS SRIWIJAYA,AGRONOMI,Prov. Sumatera Selatan,Kota Palembang,UNSRI,Ilmu dan Sains Pertanian,"Biologi, Matematika",22.0,158.0,55.0,145.0,544.77,85.99,S1
171036.0,UNIVERSITAS SRIWIJAYA,PROTEKSI TANAMAN,Prov. Sumatera Selatan,Kota Palembang,UNSRI,Ilmu dan Sains Pertanian,"Biologi, Matematika",22.0,120.0,55.0,113.0,520.49,84.77,S1
171037.0,UNIVERSITAS SRIWIJAYA,ILMU GIZI,Prov. Sumatera Selatan,Kota Palembang,UNSRI,Ilmu atau Sains Gizi,"Biologi, Kimia, Matematika",20.0,612.0,50.0,968.0,560.92,86.8,S1
171038.0,UNIVERSITAS SRIWIJAYA,KESEHATAN LINGKUNGAN,Prov. Sumatera Selatan,Kota Palembang,UNSRI,Ilmu atau Sains Lingkungan,"Biologi, Matematika",20.0,432.0,50.0,511.0,510.96,84.3,S1
171039.0,UNIVERSITAS SRIWIJAYA,EKONOMI PEMBANGUNAN,Prov. Sumatera Selatan,Kota Palembang,UNSRI,Ekonomi,"Ekonomi, Matematika",40.0,430.0,100.0,576.0,591.3,88.32,S1
171040.0,UNIVERSITAS SRIWIJAYA,HUKUM,Prov. Sumatera Selatan,Kota Palembang,UNSRI,Hukum,"Sosiologi, Pendidikan Pancasila",100.0,1069.0,250.0,1801.0,527.95,85.15,S1
171041.0,UNIVERSITAS SRIWIJAYA,MANAJEMEN,Prov. Sumatera Selatan,Kota Palembang,UNSRI,Ilmu atau Sains Manajemen,"Ekonomi, Matematika",40.0,1508.0,100.0,189.0,619.26,89.71,S1
171042.0,UNIVERSITAS SRIWIJAYA,AKUNTANSI - S1,Prov. Sumatera Selatan,Kota Palembang,UNSRI,Ilmu atau Sains Akuntansi,"Ekonomi, Matematika",40.0,1052.0,100.0,107.0,620.16,89.76,S1
171043.0,UNIVERSITAS SRIWIJAYA,ADMINISTRASI NEGARA,Prov. Sumatera Selatan,Kota Palembang,UNSRI,Urusan Publik,"Sosiologi, Pendidikan Pancasila",50.0,1024.0,125.0,1082.0,589.3,88.22,S1
171044.0,UNIVERSITAS SRIWIJAYA,SOSIOLOGI,Prov. Sumatera Selatan,Kota Palembang,UNSRI,Studi Humanitas,"Sosiologi, Pendidikan Pancasila, Antropologi",40.0,501.0,100.0,475.0,561.22,86.81,S1
171045.0,UNIVERSITAS SRIWIJAYA,PENDIDIKAN PANCASILA DAN KEWARGANEGARAAN,Prov. Sumatera Selatan,Kota Palembang,UNSRI,Pendidikan Pancasila,Pendidikan Pancasila,20.0,313.0,50.0,312.0,517.25,84.61,S1
171046.0,UNIVERSITAS SRIWIJAYA,PENDIDIKAN SEJARAH,Prov. Sumatera Selatan,Kota Palembang,UNSRI,Pendidikan Sejarah,Sejarah,20.0,279.0,50.0,283.0,516.01,84.55,S1
171047.0,UNIVERSITAS SRIWIJAYA,PENDIDIKAN EKONOMI,Prov. Sumatera Selatan,Kota Palembang,UNSRI,Pendidikan Ekonomi,Ekonomi,20.0,261.0,50.0,282.0,525.55,85.03,S1
171048.0,UNIVERSITAS SRIWIJAYA,"PENDIDIKAN BAHASA, SASTRA INDONESIA DAN DAERAH",Prov. Sumatera Selatan,Kota Palembang,UNSRI,Pendidikan Bahasa Indonesia,Bahasa Indonesia,20.0,374.0,50.0,407.0,520.11,84.76,S1
171049.0,UNIVERSITAS SRIWIJAYA,PENDIDIKAN BAHASA INGGRIS,Prov. Sumatera Selatan,Kota Palembang,UNSRI,Pendidikan Bahasa Inggris,Bahasa Inggris,20.0,409.0,50.0,452.0,536.11,85.56,S1
171050.0,UNIVERSITAS SRIWIJAYA,PENDIDIKAN JASMANI KESEHATAN DAN REKREASI,Prov. Sumatera Selatan,Kota Palembang,UNSRI,Pendidikan Jasmani Kesehatan,"Pendidikan Jasmani, Biologi",20.0,91.0,50.0,176.0,518.0,84.65,S1
171051.0,UNIVERSITAS SRIWIJAYA,BIMBINGAN DAN KONSELING,Prov. Sumatera Selatan,Kota Palembang,UNSRI,Psikologi,"Sosiologi, Matematika",20.0,580.0,50.0,537.0,519.37,84.72,S1
171052.0,UNIVERSITAS SRIWIJAYA,PENDIDIKAN GURU SD,Prov. Sumatera Selatan,Kota Palembang,UNSRI,Pendidikan SD,"Matematika, Bahasa Indonesia",20.0,1231.0,50.0,1376.0,509.58,84.23,S1
171053.0,UNIVERSITAS SRIWIJAYA,PENDIDIKAN GURU PAUD,Prov. Sumatera Selatan,Kota Palembang,UNSRI,Pendidikan PAUD,"Matematika, Bahasa Indonesia",20.0,310.0,50.0,261.0,524.53,84.98,S1
171054.0,UNIVERSITAS SRIWIJAYA,ILMU KOMUNIKASI,Prov. Sumatera Selatan,Kota Palembang,UNSRI,Ilmu atau Sains Komunikasi,"Sosiologi, Bahasa Indonesia, Antropologi",60.0,132.0,150.0,1572.0,598.11,88.66,S1
171055.0,UNIVERSITAS SRIWIJAYA,PENDIDIKAN MASYARAKAT,Prov. Sumatera Selatan,Kota Palembang,UNSRI,Pendidikan Masyarakat,Sosiologi,20.0,74.0,50.0,129.0,511.89,84.34,S1
171056.0,UNIVERSITAS SRIWIJAYA,HUBUNGAN INTERNASIONAL,Prov. Sumatera Selatan,Kota Palembang,UNSRI,Ilmu atau Sains Komunikasi,"Sosiologi, Bahasa Indonesia, Antropologi",50.0,443.0,125.0,576.0,593.44,88.42,S1
171057.0,UNIVERSITAS SRIWIJAYA,AKUNTANSI - D3,Prov. Sumatera Selatan,Kota Palembang,UNSRI,Ilmu atau Sains Akuntansi,"Ekonomi, Matematika",42.0,0.0,105.0,0.0,0.0,0.0,D3
171058.0,UNIVERSITAS SRIWIJAYA,TEKNIK KOMPUTER,Prov. Sumatera Selatan,Kota Palembang,UNSRI,Teknik atau rekayasa,"Fisika, Matematika Tingkat Lanjut, Matematika",24.0,0.0,60.0,0.0,0.0,0.0,D3
171059.0,UNIVERSITAS SRIWIJAYA,MANAJEMEN INFORMATIKA,Prov. Sumatera Selatan,Kota Palembang,UNSRI,Ilmu atau Sains Informasi,"Matematika Tingkat Lanjut, Matematika",24.0,0.0,60.0,0.0,0.0,0.0,D3
171060.0,UNIVERSITAS SRIWIJAYA,KOMPUTERISASI AKUNTANSI,Prov. Sumatera Selatan,Kota Palembang,UNSRI,Ilmu atau Sains Akuntansi,"Ekonomi, Matematika",24.0,0.0,60.0,0.0,0.0,0.0,D3
171061.0,UNIVERSITAS SRIWIJAYA,KESEKRETARIATAN,Prov. Sumatera Selatan,Kota Palembang,UNSRI,Urusan Publik,"Sosiologi, Pendidikan Pancasila",24.0,0.0,60.0,0.0,0.0,0.0,D3
172001.0,UNIVERSITAS ISLAM NEGERI RADEN FATAH,PENDIDIKAN MATEMATIKA,Prov. Sumatera Selatan,Kota Palembang,UIN RF,Pendidikan Matematika,"Matematika, Matematika Tingkat Lanjut",36.0,94.0,60.0,74.0,486.76,83.09,S1
172002.0,UNIVERSITAS ISLAM NEGERI RADEN FATAH,PENDIDIKAN BIOLOGI,Prov. Sumatera Selatan,Kota Palembang,UIN RF,Pendidikan Biologi,Biologi,36.0,126.0,60.0,95.0,496.5,83.58,S1
172004.0,UNIVERSITAS ISLAM NEGERI RADEN FATAH,KIMIA,Prov. Sumatera Selatan,Kota Palembang,UIN RF,Kimia,"Kimia, Matematika",42.0,23.0,70.0,13.0,502.09,83.85,S1
172005.0,UNIVERSITAS ISLAM NEGERI RADEN FATAH,BIOLOGI,Prov. Sumatera Selatan,Kota Palembang,UIN RF,Biologi,"Biologi, Matematika",42.0,91.0,70.0,66.0,497.83,83.64,S1
172006.0,UNIVERSITAS ISLAM NEGERI RADEN FATAH,PENDIDIKAN FISIKA,Prov. Sumatera Selatan,Kota Palembang,UIN RF,Pendidikan Fisika,Fisika,36.0,35.0,60.0,16.0,494.28,83.46,S1
172007.0,UNIVERSITAS ISLAM NEGERI RADEN FATAH,PENDIDIKAN KIMIA,Prov. Sumatera Selatan,Kota Palembang,UIN RF,Pendidikan Kimia,Kimia,36.0,30.0,60.0,13.0,484.02,82.95,S1
172027.0,UNIVERSITAS ISLAM NEGERI RADEN FATAH,ILMU POLITIK,Prov. Sumatera Selatan,Kota Palembang,UIN RF,Sosial,"Sosiologi, Sejarah, Antropologi",63.0,149.0,105.0,119.0,493.82,83.44,S1
172028.0,UNIVERSITAS ISLAM NEGERI RADEN FATAH,PERPUSTAKAAN,Prov. Sumatera Selatan,Kota Palembang,UIN RF,Ilmu atau Sains Komunikasi,"Sosiologi, Bahasa Indonesia, Antropologi",27.0,123.0,45.0,84.0,500.19,83.76,S1
172029.0,UNIVERSITAS ISLAM NEGERI RADEN FATAH,ILMU KOMUNIKASI,Prov. Sumatera Selatan,Kota Palembang,UIN RF,Ilmu atau Sains Komunikasi,"Sosiologi, Bahasa Indonesia, Antropologi",63.0,425.0,105.0,382.0,506.63,84.08,S1
181001.0,UNIVERSITAS BANGKA BELITUNG,TEKNIK MESIN,Prov. Kepulauan Bangka Belitung,Kab Bangka,UBB,Teknik atau rekayasa,"Fisika, Matematika Tingkat Lanjut, Matematika",21.0,36.0,35.0,62.0,512.76,84.39,S1
181002.0,UNIVERSITAS BANGKA BELITUNG,TEKNIK ELEKTRO,Prov. Kepulauan Bangka Belitung,Kab Bangka,UBB,Teknik atau rekayasa,"Fisika, Matematika Tingkat Lanjut, Matematika",21.0,78.0,28.0,87.0,499.92,83.75,S1
181003.0,UNIVERSITAS BANGKA BELITUNG,TEKNIK PERTAMBANGAN,Prov. Kepulauan Bangka Belitung,Kab Bangka,UBB,Teknik atau rekayasa,"Fisika, Matematika Tingkat Lanjut, Matematika",30.0,103.0,30.0,156.0,524.09,84.95,S1
181004.0,UNIVERSITAS BANGKA BELITUNG,TEKNIK SIPIL,Prov. Kepulauan Bangka Belitung,Kab Bangka,UBB,Teknik atau rekayasa,"Fisika, Matematika Tingkat Lanjut, Matematika",20.0,117.0,35.0,135.0,517.67,84.63,S1
181005.0,UNIVERSITAS BANGKA BELITUNG,AGROTEKNOLOGI,Prov. Kepulauan Bangka Belitung,Kab Bangka,UBB,Ilmu dan Sains Pertanian,"Biologi, Matematika",32.0,91.0,32.0,142.0,496.41,83.57,S1
181006.0,UNIVERSITAS BANGKA BELITUNG,MANAJEMEN SUMBERDAYA PERAIRAN,Prov. Kepulauan Bangka Belitung,Kab Bangka,UBB,"Bioteknologi, Biokewirausaha an, Bioinformatika","Biologi, Matematika",35.0,147.0,24.0,85.0,496.56,83.58,S1
181007.0,UNIVERSITAS BANGKA BELITUNG,BIOLOGI,Prov. Kepulauan Bangka Belitung,Kab Bangka,UBB,Biologi,"Biologi, Matematika",20.0,117.0,25.0,79.0,502.62,83.88,S1
181008.0,UNIVERSITAS BANGKA BELITUNG,AGROBISNIS,Prov. Kepulauan Bangka Belitung,Kab Bangka,UBB,Ilmu dan Sains Pertanian,"Biologi, Matematika",36.0,184.0,45.0,158.0,494.67,83.48,S1
181009.0,UNIVERSITAS BANGKA BELITUNG,AKUAKULTUR,Prov. Kepulauan Bangka Belitung,Kab Bangka,UBB,Ilmu atau Sains Perikanan,"Biologi, Matematika",28.0,56.0,25.0,56.0,480.1,82.76,S1
181010.0,UNIVERSITAS BANGKA BELITUNG,ILMU KELAUTAN,Prov. Kepulauan Bangka Belitung,Kab Bangka,UBB,Ilmu atau Sains Kelautan,"Biologi, Matematika, Geografi",20.0,75.0,28.0,47.0,495.71,83.54,S1
181011.0,UNIVERSITAS BANGKA BELITUNG,KIMIA,Prov. Kepulauan Bangka Belitung,Kab Bangka,UBB,Kimia,"Kimia, Matematika",28.0,39.0,25.0,21.0,499.8,83.74,S1
181012.0,UNIVERSITAS BANGKA BELITUNG,FISIKA,Prov. Kepulauan Bangka Belitung,Kab Bangka,UBB,Fisika,"Fisika, Matematika",30.0,17.0,24.0,15.0,510.33,84.27,S1
181013.0,UNIVERSITAS BANGKA BELITUNG,MATEMATIKA,Prov. Kepulauan Bangka Belitung,Kab Bangka,UBB,Matematika,"Matematika Tingkat Lanjut, Matematika",28.0,55.0,28.0,42.0,506.85,84.09,S1
181014.0,UNIVERSITAS BANGKA BELITUNG,AKUNTANSI,Prov. Kepulauan Bangka Belitung,Kab Bangka,UBB,Ilmu atau Sains Akuntansi,"Ekonomi, Matematika",45.0,268.0,60.0,231.0,524.76,84.99,S1
181015.0,UNIVERSITAS BANGKA BELITUNG,MANAJEMEN,Prov. Kepulauan Bangka Belitung,Kab Bangka,UBB,Ilmu atau Sains Manajemen,"Ekonomi, Matematika",40.0,512.0,65.0,495.0,518.05,84.65,S1
181016.0,UNIVERSITAS BANGKA BELITUNG,HUKUM,Prov. Kepulauan Bangka Belitung,Kab Bangka,UBB,Hukum,"Sosiologi, Pendidikan Pancasila",63.0,388.0,81.0,320.0,501.05,83.8,S1
181017.0,UNIVERSITAS BANGKA BELITUNG,SOSIOLOGI,Prov. Kepulauan Bangka Belitung,Kab Bangka,UBB,Studi Humanitas,"Sosiologi, Pendidikan Pancasila, Antropologi",36.0,295.0,50.0,208.0,514.29,84.46,S1
181018.0,UNIVERSITAS BANGKA BELITUNG,SASTRA INGGRIS,Prov. Kepulauan Bangka Belitung,Kab Bangka,UBB,Susastra atau Sastra,"Bahasa Indonesia, Bahasa Inggris, Bahasa Asing Lainnya",25.0,132.0,30.0,95.0,508.85,84.19,S1
181019.0,UNIVERSITAS BANGKA BELITUNG,ILMU POLITIK,Prov. Kepulauan Bangka Belitung,Kab Bangka,UBB,Sosial,"Sosiologi, Sejarah, Antropologi",27.0,125.0,45.0,111.0,516.56,84.58,S1
181020.0,UNIVERSITAS BANGKA BELITUNG,EKONOMI,Prov. Kepulauan Bangka Belitung,Kab Bangka,UBB,Ekonomi,"Ekonomi, Matematika",31.0,173.0,63.0,171.0,524.64,84.98,S1
181021.0,UNIVERSITAS BANGKA BELITUNG,KEPERAWATAN,Prov. Kepulauan Bangka Belitung,Kab Bangka,UBB,Keperawatan,"Biologi, Matematika",27.0,0.0,36.0,0.0,0.0,0.0,D3
181022.0,UNIVERSITAS BANGKA BELITUNG,PERENCANAAN WILAYAH DAN KOTA,Prov. Kepulauan Bangka Belitung,Kab Bangka,UBB,Perencanaan Wilayah,"Ekonomi, Matematika",25.0,0.0,25.0,0.0,0.0,0.0,S1
181023.0,UNIVERSITAS BANGKA BELITUNG,PERIKANAN TANGKAP,Prov. Kepulauan Bangka Belitung,Kab Bangka,UBB,Ilmu atau Sains Perikanan,"Biologi, Matematika",20.0,0.0,14.0,0.0,0.0,0.0,S1
181024.0,UNIVERSITAS BANGKA BELITUNG,TEKNOLOGI INFORMASI,Prov. Kepulauan Bangka Belitung,Kab Bangka,UBB,Ilmu atau Sains Informasi,"Matematika Tingkat Lanjut, Matematika",24.0,0.0,24.0,0.0,0.0,0.0,S1
181025.0,UNIVERSITAS BANGKA BELITUNG,ARSITEKTUR,Prov. Kepulauan Bangka Belitung,Kab Bangka,UBB,Arsitektur,"Matematika, Fisika",20.0,0.0,25.0,0.0,0.0,0.0,S1
181026.0,UNIVERSITAS BANGKA BELITUNG,BISNIS DIGITAL,Prov. Kepulauan Bangka Belitung,Kab Bangka,UBB,Bisnis,"Ekonomi, Matematika",31.0,0.0,45.0,0.0,0.0,0.0,S1
191001.0,UNIVERSITAS LAMPUNG,AGROTEKNOLOGI,Prov. Lampung,Kota Bandar Lampung,UNILA,Ilmu dan Sains Pertanian,"Biologi, Matematika",30.0,183.0,60.0,268.0,544.2,85.96,S1
191002.0,UNIVERSITAS LAMPUNG,AGROBISNIS,Prov. Lampung,Kota Bandar Lampung,UNILA,Ilmu dan Sains Pertanian,"Biologi, Matematika",30.0,464.0,72.0,567.0,542.36,85.87,S1
191003.0,UNIVERSITAS LAMPUNG,TEKNIK GEOFISIKA,Prov. Lampung,Kota Bandar Lampung,UNILA,Teknik atau rekayasa,"Fisika, Matematika Tingkat Lanjut, Matematika",36.0,100.0,72.0,73.0,633.61,90.43,S1
191004.0,UNIVERSITAS LAMPUNG,TEKNIK SIPIL - S1,Prov. Lampung,Kota Bandar Lampung,UNILA,Teknik atau rekayasa,"Fisika, Matematika Tingkat Lanjut, Matematika",54.0,309.0,90.0,577.0,634.75,90.49,S1
191005.0,UNIVERSITAS LAMPUNG,KIMIA,Prov. Lampung,Kota Bandar Lampung,UNILA,Kimia,"Kimia, Matematika",40.0,155.0,110.0,209.0,554.98,86.5,S1
191006.0,UNIVERSITAS LAMPUNG,BIOLOGI,Prov. Lampung,Kota Bandar Lampung,UNILA,Biologi,"Biologi, Matematika",40.0,321.0,90.0,338.0,556.29,86.56,S1
191007.0,UNIVERSITAS LAMPUNG,TEKNOLOGI HASIL PERTANIAN,Prov. Lampung,Kota Bandar Lampung,UNILA,"Teknologi Pangan, Teknologi Hasil Pertanian/ Peternakan/ Perikanan","Kimia, Biologi, Matematika",25.0,205.0,60.0,226.0,525.36,85.02,S1
191008.0,UNIVERSITAS LAMPUNG,PETERNAKAN,Prov. Lampung,Kota Bandar Lampung,UNILA,Peternakan,"Biologi, Matematika",25.0,105.0,65.0,263.0,519.69,84.73,S1
191009.0,UNIVERSITAS LAMPUNG,KEHUTANAN,Prov. Lampung,Kota Bandar Lampung,UNILA,Kehutanan,"Biologi, Matematika",38.0,163.0,90.0,262.0,559.86,86.74,S1
191010.0,UNIVERSITAS LAMPUNG,TEKNIK PERTANIAN,Prov. Lampung,Kota Bandar Lampung,UNILA,Teknik atau rekayasa,"Fisika, Matematika Tingkat Lanjut, Matematika",31.0,151.0,75.0,260.0,533.44,85.42,S1
191011.0,UNIVERSITAS LAMPUNG,MATEMATIKA,Prov. Lampung,Kota Bandar Lampung,UNILA,Matematika,"Matematika Tingkat Lanjut, Matematika",40.0,219.0,110.0,217.0,557.05,86.6,S1
191012.0,UNIVERSITAS LAMPUNG,FISIKA,Prov. Lampung,Kota Bandar Lampung,UNILA,Fisika,"Fisika, Matematika",40.0,71.0,90.0,87.0,550.06,86.25,S1
191013.0,UNIVERSITAS LAMPUNG,TEKNIK MESIN - S1,Prov. Lampung,Kota Bandar Lampung,UNILA,Teknik atau rekayasa,"Fisika, Matematika Tingkat Lanjut, Matematika",42.0,170.0,84.0,295.0,633.76,90.44,S1
191014.0,UNIVERSITAS LAMPUNG,TEKNIK ELEKTRO,Prov. Lampung,Kota Bandar Lampung,UNILA,Teknik atau rekayasa,"Fisika, Matematika Tingkat Lanjut, Matematika",54.0,194.0,108.0,260.0,638.78,90.69,S1
191015.0,UNIVERSITAS LAMPUNG,PENDIDIKAN MATEMATIKA,Prov. Lampung,Kota Bandar Lampung,UNILA,Pendidikan Matematika,"Matematika, Matematika Tingkat Lanjut",28.0,341.0,60.0,315.0,547.12,86.11,S1
191016.0,UNIVERSITAS LAMPUNG,PENDIDIKAN FISIKA,Prov. Lampung,Kota Bandar Lampung,UNILA,Pendidikan Fisika,Fisika,25.0,148.0,55.0,112.0,530.09,85.25,S1
191017.0,UNIVERSITAS LAMPUNG,PENDIDIKAN KIMIA,Prov. Lampung,Kota Bandar Lampung,UNILA,Pendidikan Kimia,Kimia,25.0,159.0,55.0,110.0,545.48,86.02,S1
191018.0,UNIVERSITAS LAMPUNG,PENDIDIKAN BIOLOGI,Prov. Lampung,Kota Bandar Lampung,UNILA,Pendidikan Biologi,Biologi,28.0,420.0,60.0,373.0,533.93,85.45,S1
191019.0,UNIVERSITAS LAMPUNG,TEKNIK KIMIA,Prov. Lampung,Kota Bandar Lampung,UNILA,Teknik atau rekayasa,"Fisika, Matematika Tingkat Lanjut, Matematika",45.0,180.0,90.0,192.0,638.42,90.67,S1
191020.0,UNIVERSITAS LAMPUNG,KEDOKTERAN,Prov. Lampung,Kota Bandar Lampung,UNILA,Ilmu atau Sains Kedokteran,"Biologi, Kimia, Matematika",50.0,1457.0,110.0,2959.0,670.56,92.28,S1
191021.0,UNIVERSITAS LAMPUNG,BUDIDAYA PERAIRAN,Prov. Lampung,Kota Bandar Lampung,UNILA,"Bioteknologi, Biokewirausaha an, Bioinformatika","Biologi, Matematika",20.0,68.0,40.0,99.0,534.78,85.49,S1
191022.0,UNIVERSITAS LAMPUNG,ILMU KOMPUTER,Prov. Lampung,Kota Bandar Lampung,UNILA,Komputer,"Matematika Tingkat Lanjut, Matematika",40.0,597.0,80.0,900.0,605.35,89.02,S1
191023.0,UNIVERSITAS LAMPUNG,ARSITEKTUR,Prov. Lampung,Kota Bandar Lampung,UNILA,Arsitektur,"Matematika, Fisika",30.0,184.0,60.0,331.0,599.3,88.72,S1
191024.0,UNIVERSITAS LAMPUNG,TEKNIK GEODESI,Prov. Lampung,Kota Bandar Lampung,UNILA,Teknik atau rekayasa,"Fisika, Matematika Tingkat Lanjut, Matematika",36.0,115.0,72.0,207.0,634.48,90.47,S1
191025.0,UNIVERSITAS LAMPUNG,TEKNIK INFORMATIKA,Prov. Lampung,Kota Bandar Lampung,UNILA,Ilmu atau Sains Informasi,"Matematika Tingkat Lanjut, Matematika",54.0,746.0,90.0,996.0,653.41,91.42,S1
191026.0,UNIVERSITAS LAMPUNG,SUMBERDAYA AKUATIK,Prov. Lampung,Kota Bandar Lampung,UNILA,Ilmu atau Sains Perikanan,"Biologi, Matematika",15.0,41.0,30.0,25.0,530.42,85.27,S1
191027.0,UNIVERSITAS LAMPUNG,ILMU TANAH,Prov. Lampung,Kota Bandar Lampung,UNILA,Ilmu atau Sains Lingkungan,"Biologi, Matematika",22.0,100.0,54.0,178.0,508.35,84.17,S1
191028.0,UNIVERSITAS LAMPUNG,AGRONOMI,Prov. Lampung,Kota Bandar Lampung,UNILA,Ilmu dan Sains Pertanian,"Biologi, Matematika",35.0,142.0,84.0,114.0,545.27,86.01,S1
191029.0,UNIVERSITAS LAMPUNG,PROTEKSI TANAMAN,Prov. Lampung,Kota Bandar Lampung,UNILA,Ilmu dan Sains Pertanian,"Biologi, Matematika",26.0,81.0,58.0,153.0,511.66,84.33,S1
191030.0,UNIVERSITAS LAMPUNG,PENYULUHAN PERTANIAN,Prov. Lampung,Kota Bandar Lampung,UNILA,Ilmu dan Sains Pertanian,"Biologi, Matematika",25.0,169.0,50.0,135.0,500.24,83.76,S1
191031.0,UNIVERSITAS LAMPUNG,ILMU KELAUTAN,Prov. Lampung,Kota Bandar Lampung,UNILA,Ilmu atau Sains Kelautan,"Biologi, Matematika, Geografi",20.0,89.0,40.0,134.0,554.49,86.47,S1
191032.0,UNIVERSITAS LAMPUNG,TEKNOLOGI INDUSTRI PERTANIAN,Prov. Lampung,Kota Bandar Lampung,UNILA,Ilmu dan Sains Pertanian,"Biologi, Matematika",20.0,158.0,48.0,218.0,528.44,85.17,S1
191033.0,UNIVERSITAS LAMPUNG,NUTRISI DAN TEKNOLOGI PAKAN,Prov. Lampung,Kota Bandar Lampung,UNILA,Ilmu atau Sains Veteriner,"Biologi, Kimia, Matematika",21.0,71.0,55.0,97.0,530.43,85.27,S1
191034.0,UNIVERSITAS LAMPUNG,PENDIDIKAN TEKNOLOGI INFORMASI,Prov. Lampung,Kota Bandar Lampung,UNILA,Pendidikan Informatika,"Matematika Tingkat Lanjut, Matematika",20.0,259.0,52.0,281.0,510.08,84.25,S1
191035.0,UNIVERSITAS LAMPUNG,FARMASI,Prov. Lampung,Kota Bandar Lampung,UNILA,Ilmu Farmasi,"Biologi, Kimia, Matematika",25.0,1107.0,55.0,1643.0,659.63,91.73,S1
191036.0,UNIVERSITAS LAMPUNG,BIOLOGI TERAPAN,Prov. Lampung,Kota Bandar Lampung,UNILA,Biologi,"Biologi, Matematika",40.0,170.0,90.0,236.0,512.76,84.39,S1
191037.0,UNIVERSITAS LAMPUNG,TEKNIK LINGKUNGAN,Prov. Lampung,Kota Bandar Lampung,UNILA,Ilmu atau Sains Lingkungan,"Biologi, Matematika",30.0,114.0,60.0,273.0,558.46,86.67,S1
191038.0,UNIVERSITAS LAMPUNG,HUKUM,Prov. Lampung,Kota Bandar Lampung,UNILA,Hukum,"Sosiologi, Pendidikan Pancasila",180.0,1041.0,450.0,2352.0,530.99,85.3,S1
191039.0,UNIVERSITAS LAMPUNG,SOSIOLOGI,Prov. Lampung,Kota Bandar Lampung,UNILA,Studi Humanitas,"Sosiologi, Pendidikan Pancasila, Antropologi",50.0,402.0,90.0,527.0,556.81,86.59,S1
191040.0,UNIVERSITAS LAMPUNG,ILMU PEMERINTAHAN,Prov. Lampung,Kota Bandar Lampung,UNILA,Urusan Publik,"Sosiologi, Pendidikan Pancasila",50.0,501.0,90.0,764.0,576.04,87.55,S1
191041.0,UNIVERSITAS LAMPUNG,MANAJEMEN,Prov. Lampung,Kota Bandar Lampung,UNILA,Ilmu atau Sains Manajemen,"Ekonomi, Matematika",42.0,1486.0,105.0,1892.0,621.09,89.8,S1
191042.0,UNIVERSITAS LAMPUNG,ILMU EKONOMI DAN STUDI PEMBANGUNAN,Prov. Lampung,Kota Bandar Lampung,UNILA,Ekonomi,"Ekonomi, Matematika",36.0,402.0,90.0,428.0,591.54,88.33,S1
191043.0,UNIVERSITAS LAMPUNG,AKUNTANSI - S1,Prov. Lampung,Kota Bandar Lampung,UNILA,Ilmu atau Sains Akuntansi,"Ekonomi, Matematika",42.0,826.0,105.0,964.0,620.79,89.79,S1
191044.0,UNIVERSITAS LAMPUNG,ILMU KOMUNIKASI,Prov. Lampung,Kota Bandar Lampung,UNILA,Ilmu atau Sains Komunikasi,"Sosiologi, Bahasa Indonesia, Antropologi",52.0,964.0,93.0,1529.0,596.32,88.57,S1
191045.0,UNIVERSITAS LAMPUNG,ADMINISTRASI NEGARA,Prov. Lampung,Kota Bandar Lampung,UNILA,Urusan Publik,"Sosiologi, Pendidikan Pancasila",55.0,629.0,98.0,757.0,591.26,88.31,S1
191046.0,UNIVERSITAS LAMPUNG,ADMINISTRASI BISNIS,Prov. Lampung,Kota Bandar Lampung,UNILA,Bisnis,"Ekonomi, Matematika",46.0,702.0,83.0,981.0,576.53,87.58,S1
191047.0,UNIVERSITAS LAMPUNG,PENDIDIKAN PANCASILA DAN KEWARGANEGARAAN,Prov. Lampung,Kota Bandar Lampung,UNILA,Pendidikan Pancasila,Pendidikan Pancasila,28.0,247.0,60.0,347.0,517.36,84.62,S1
191048.0,UNIVERSITAS LAMPUNG,PENDIDIKAN SEJARAH,Prov. Lampung,Kota Bandar Lampung,UNILA,Pendidikan Sejarah,Sejarah,29.0,251.0,63.0,280.0,517.11,84.61,S1
191049.0,UNIVERSITAS LAMPUNG,PENDIDIKAN GEOGRAFI,Prov. Lampung,Kota Bandar Lampung,UNILA,Pendidikan Geografi,Geografi,29.0,266.0,63.0,274.0,516.62,84.58,S1
191050.0,UNIVERSITAS LAMPUNG,PENDIDIKAN EKONOMI,Prov. Lampung,Kota Bandar Lampung,UNILA,Pendidikan Ekonomi,Ekonomi,28.0,407.0,60.0,347.0,517.77,84.64,S1
191051.0,UNIVERSITAS LAMPUNG,PENDIDIKAN JASMANI KESEHATAN DAN REKREASI,Prov. Lampung,Kota Bandar Lampung,UNILA,Pendidikan Jasmani Kesehatan,"Pendidikan Jasmani, Biologi",29.0,99.0,63.0,213.0,509.43,84.22,S1
191052.0,UNIVERSITAS LAMPUNG,BIMBINGAN DAN KONSELING,Prov. Lampung,Kota Bandar Lampung,UNILA,Psikologi,"Sosiologi, Matematika",29.0,554.0,63.0,692.0,512.77,84.39,S1
191053.0,UNIVERSITAS LAMPUNG,PENDIDIKAN BAHASA INDONESIA,Prov. Lampung,Kota Bandar Lampung,UNILA,Pendidikan Bahasa Indonesia,Bahasa Indonesia,29.0,450.0,63.0,493.0,524.25,84.96,S1
191054.0,UNIVERSITAS LAMPUNG,PENDIDIKAN BAHASA INGGRIS,Prov. Lampung,Kota Bandar Lampung,UNILA,Pendidikan Bahasa Inggris,Bahasa Inggris,29.0,435.0,63.0,525.0,533.25,85.41,S1
191055.0,UNIVERSITAS LAMPUNG,PENDIDIKAN GURU SD,Prov. Lampung,Kota Bandar Lampung,UNILA,Pendidikan SD,"Matematika, Bahasa Indonesia",75.0,1297.0,165.0,1532.0,518.42,84.67,S1
191056.0,UNIVERSITAS LAMPUNG,PENDIDIKAN TARI,Prov. Lampung,Kota Bandar Lampung,UNILA,Pendidikan Seni,Seni Budaya,20.0,48.0,52.0,52.0,507.78,84.14,S1
191057.0,UNIVERSITAS LAMPUNG,PENDIDIKAN GURU PAUD,Prov. Lampung,Kota Bandar Lampung,UNILA,Pendidikan PAUD,"Matematika, Bahasa Indonesia",29.0,161.0,63.0,189.0,511.51,84.33,S1
191058.0,UNIVERSITAS LAMPUNG,HUBUNGAN INTERNASIONAL,Prov. Lampung,Kota Bandar Lampung,UNILA,Ilmu atau Sains Komunikasi,"Sosiologi, Bahasa Indonesia, Antropologi",43.0,387.0,78.0,723.0,597.67,88.63,S1
191059.0,UNIVERSITAS LAMPUNG,BAHASA PERANCIS,Prov. Lampung,Kota Bandar Lampung,UNILA,Linguistik,"Bahasa Indonesia, Bahasa Inggris",20.0,34.0,52.0,64.0,524.48,84.97,S1
191060.0,UNIVERSITAS LAMPUNG,PENDIDIKAN MUSIK,Prov. Lampung,Kota Bandar Lampung,UNILA,Pendidikan Seni,Seni Budaya,20.0,17.0,52.0,43.0,511.17,84.31,S1
191061.0,UNIVERSITAS LAMPUNG,PENDIDIKAN BAHASA LAMPUNG,Prov. Lampung,Kota Bandar Lampung,UNILA,Pendidikan Bahasa Indonesia,Bahasa Indonesia,28.0,213.0,54.0,219.0,473.37,82.42,S1
191063.0,UNIVERSITAS LAMPUNG,MANAJEMEN PEMASARAN,Prov. Lampung,Kota Bandar Lampung,UNILA,Ilmu atau Sains Manajemen,"Ekonomi, Matematika",16.0,0.0,40.0,0.0,0.0,0.0,D3
191064.0,UNIVERSITAS LAMPUNG,ADMINISTRASI PERKANTORAN,Prov. Lampung,Kota Bandar Lampung,UNILA,Administrasi Bisnis,"Ekonomi, Matematika",10.0,0.0,18.0,0.0,0.0,0.0,D3
191065.0,UNIVERSITAS LAMPUNG,PERPUSTAKAAN,Prov. Lampung,Kota Bandar Lampung,UNILA,Urusan Publik,"Sosiologi, Pendidikan Pancasila",10.0,0.0,18.0,0.0,0.0,0.0,D3
191066.0,UNIVERSITAS LAMPUNG,MANAJEMEN INFORMATIKA,Prov. Lampung,Kota Bandar Lampung,UNILA,Ilmu atau Sains Informasi,"Matematika Tingkat Lanjut, Matematika",10.0,0.0,25.0,0.0,0.0,0.0,D3
191067.0,UNIVERSITAS LAMPUNG,TEKNIK MESIN - D3,Prov. Lampung,Kota Bandar Lampung,UNILA,Teknik atau rekayasa,"Fisika, Matematika Tingkat Lanjut, Matematika",12.0,0.0,24.0,0.0,0.0,0.0,D3
191068.0,UNIVERSITAS LAMPUNG,TEKNIK SURVEY DAN PEMETAAN,Prov. Lampung,Kota Bandar Lampung,UNILA,Teknik atau rekayasa,"Fisika, Matematika Tingkat Lanjut, Matematika",12.0,0.0,24.0,0.0,0.0,0.0,D3
191069.0,UNIVERSITAS LAMPUNG,PERPAJAKAN,Prov. Lampung,Kota Bandar Lampung,UNILA,Ilmu atau Sains Akuntansi,"Ekonomi, Matematika",20.0,0.0,50.0,0.0,0.0,0.0,D3
191070.0,UNIVERSITAS LAMPUNG,KEUANGAN DAN PERBANKAN,Prov. Lampung,Kota Bandar Lampung,UNILA,Ilmu atau Sains Akuntansi,"Ekonomi, Matematika",16.0,0.0,40.0,0.0,0.0,0.0,D3
191071.0,UNIVERSITAS LAMPUNG,TEKNIK SIPIL - D3,Prov. Lampung,Kota Bandar Lampung,UNILA,Teknik atau rekayasa,"Fisika, Matematika Tingkat Lanjut, Matematika",12.0,0.0,24.0,0.0,0.0,0.0,D3
191072.0,UNIVERSITAS LAMPUNG,HUBUNGAN MASYARAKAT,Prov. Lampung,Kota Bandar Lampung,UNILA,Studi Humanitas,"Sosiologi, Pendidikan Pancasila, Antropologi",10.0,0.0,18.0,0.0,0.0,0.0,D3
191073.0,UNIVERSITAS LAMPUNG,AKUNTANSI - D3,Prov. Lampung,Kota Bandar Lampung,UNILA,Ilmu atau Sains Akuntansi,"Ekonomi, Matematika",42.0,0.0,105.0,0.0,0.0,0.0,D3
191074.0,UNIVERSITAS LAMPUNG,BISNIS DIGITAL,Prov. Lampung,Kota Bandar Lampung,UNILA,Bisnis,"Ekonomi, Matematika",24.0,0.0,60.0,0.0,0.0,0.0,S1
191075.0,UNIVERSITAS LAMPUNG,TEKNOLOGI REKAYASA OTOMOTIF,Prov. Lampung,Kota Bandar Lampung,UNILA,Teknik atau rekayasa,"Fisika, Matematika Tingkat Lanjut, Matematika",12.0,0.0,24.0,0.0,0.0,0.0,D4
192001.0,INSTITUT TEKNOLOGI SUMATERA,TEKNIK GEOMATIKA,Prov. Lampung,Kabupaten Lampung Selatan,ITERA,Teknik atau rekayasa,"Fisika, Matematika Tingkat Lanjut, Matematika",59.0,109.0,59.0,104.0,542.02,85.85,S1
192002.0,INSTITUT TEKNOLOGI SUMATERA,TEKNIK ELEKTRO,Prov. Lampung,Kabupaten Lampung Selatan,ITERA,Teknik atau rekayasa,"Fisika, Matematika Tingkat Lanjut, Matematika",70.0,281.0,71.0,410.0,582.83,87.89,S1
192003.0,INSTITUT TEKNOLOGI SUMATERA,PERENCANAAN WILAYAH DAN KOTA,Prov. Lampung,Kabupaten Lampung Selatan,ITERA,Perencanaan Wilayah,"Ekonomi, Matematika",94.0,358.0,94.0,433.0,564.56,86.98,S1
192004.0,INSTITUT TEKNOLOGI SUMATERA,TEKNIK GEOFISIKA,Prov. Lampung,Kabupaten Lampung Selatan,ITERA,Teknik atau rekayasa,"Fisika, Matematika Tingkat Lanjut, Matematika",82.0,156.0,82.0,157.0,543.3,85.92,S1
192005.0,INSTITUT TEKNOLOGI SUMATERA,TEKNIK SIPIL,Prov. Lampung,Kabupaten Lampung Selatan,ITERA,Teknik atau rekayasa,"Fisika, Matematika Tingkat Lanjut, Matematika",94.0,399.0,94.0,691.0,639.21,90.71,S1
192006.0,INSTITUT TEKNOLOGI SUMATERA,TEKNIK INFORMATIKA,Prov. Lampung,Kabupaten Lampung Selatan,ITERA,Ilmu atau Sains Informasi,"Matematika Tingkat Lanjut, Matematika",94.0,820.0,94.0,1168.0,659.45,91.72,S1
192007.0,INSTITUT TEKNOLOGI SUMATERA,FISIKA,Prov. Lampung,Kabupaten Lampung Selatan,ITERA,Fisika,"Fisika, Matematika",30.0,19.0,30.0,26.0,554.42,86.47,S1
192008.0,INSTITUT TEKNOLOGI SUMATERA,ARSITEKTUR,Prov. Lampung,Kabupaten Lampung Selatan,ITERA,Arsitektur,"Matematika, Fisika",70.0,123.0,71.0,156.0,554.28,86.46,S1
192009.0,INSTITUT TEKNOLOGI SUMATERA,TEKNIK LINGKUNGAN,Prov. Lampung,Kabupaten Lampung Selatan,ITERA,Ilmu atau Sains Lingkungan,"Biologi, Matematika",70.0,193.0,71.0,306.0,567.15,87.11,S1
192010.0,INSTITUT TEKNOLOGI SUMATERA,TEKNIK GEOLOGI,Prov. Lampung,Kabupaten Lampung Selatan,ITERA,Ilmu atau Sains Kebumian,"Fisika, Matematika Tingkat Lanjut, Matematika",47.0,150.0,47.0,190.0,543.43,85.92,S1
192011.0,INSTITUT TEKNOLOGI SUMATERA,MATEMATIKA,Prov. Lampung,Kabupaten Lampung Selatan,ITERA,Matematika,"Matematika Tingkat Lanjut, Matematika",47.0,91.0,47.0,84.0,556.94,86.6,S1
192012.0,INSTITUT TEKNOLOGI SUMATERA,TEKNIK MESIN,Prov. Lampung,Kabupaten Lampung Selatan,ITERA,Teknik atau rekayasa,"Fisika, Matematika Tingkat Lanjut, Matematika",54.0,194.0,54.0,307.0,642.01,90.85,S1
192013.0,INSTITUT TEKNOLOGI SUMATERA,BIOLOGI,Prov. Lampung,Kabupaten Lampung Selatan,ITERA,Biologi,"Biologi, Matematika",35.0,171.0,36.0,128.0,553.74,86.44,S1
192014.0,INSTITUT TEKNOLOGI SUMATERA,TEKNIK INDUSTRI,Prov. Lampung,Kabupaten Lampung Selatan,ITERA,Teknik atau rekayasa,"Fisika, Matematika Tingkat Lanjut, Matematika",70.0,406.0,71.0,565.0,656.32,91.57,S1
192015.0,INSTITUT TEKNOLOGI SUMATERA,FARMASI,Prov. Lampung,Kabupaten Lampung Selatan,ITERA,Ilmu Farmasi,"Biologi, Kimia, Matematika",70.0,1182.0,71.0,1466.0,628.38,90.17,S1
192016.0,INSTITUT TEKNOLOGI SUMATERA,TEKNIK KIMIA,Prov. Lampung,Kabupaten Lampung Selatan,ITERA,Teknik atau rekayasa,"Fisika, Matematika Tingkat Lanjut, Matematika",59.0,209.0,59.0,194.0,581.99,87.85,S1
192017.0,INSTITUT TEKNOLOGI SUMATERA,KIMIA,Prov. Lampung,Kabupaten Lampung Selatan,ITERA,Kimia,"Kimia, Matematika",47.0,75.0,47.0,73.0,551.58,86.33,S1
192018.0,INSTITUT TEKNOLOGI SUMATERA,TEKNIK FISIKA,Prov. Lampung,Kabupaten Lampung Selatan,ITERA,Teknik atau rekayasa,"Fisika, Matematika Tingkat Lanjut, Matematika",30.0,32.0,30.0,26.0,542.39,85.87,S1
192019.0,INSTITUT TEKNOLOGI SUMATERA,TEKNIK KELAUTAN,Prov. Lampung,Kabupaten Lampung Selatan,ITERA,Teknik atau rekayasa,"Fisika, Matematika Tingkat Lanjut, Matematika",47.0,92.0,47.0,119.0,552.15,86.36,S1
192020.0,INSTITUT TEKNOLOGI SUMATERA,SAINS ATMOSFIR DAN KEPLANETAN,Prov. Lampung,Kabupaten Lampung Selatan,ITERA,Ilmu atau Sains Kebumian,"Fisika, Matematika Tingkat Lanjut, Matematika",47.0,97.0,47.0,112.0,533.38,85.42,S1
192021.0,INSTITUT TEKNOLOGI SUMATERA,TEKNIK BIOSISTEM,Prov. Lampung,Kabupaten Lampung Selatan,ITERA,Teknik atau rekayasa,"Fisika, Matematika Tingkat Lanjut, Matematika",47.0,69.0,47.0,91.0,523.83,84.94,S1
192022.0,INSTITUT TEKNOLOGI SUMATERA,TEKNOLOGI INDUSTRI PERTANIAN,Prov. Lampung,Kabupaten Lampung Selatan,ITERA,Ilmu dan Sains Pertanian,"Biologi, Matematika",47.0,231.0,47.0,267.0,514.16,84.46,S1
192023.0,INSTITUT TEKNOLOGI SUMATERA,TEKNIK SISTEM ENERGI,Prov. Lampung,Kabupaten Lampung Selatan,ITERA,Teknik atau rekayasa,"Fisika, Matematika Tingkat Lanjut, Matematika",36.0,52.0,36.0,50.0,527.78,85.14,S1
192024.0,INSTITUT TEKNOLOGI SUMATERA,TEKNOLOGI PANGAN,Prov. Lampung,Kabupaten Lampung Selatan,ITERA,"Teknologi Pangan, Teknologi Hasil Pertanian/ Peternakan/ Perikanan","Kimia, Biologi, Matematika",63.0,381.0,64.0,465.0,549.49,86.22,S1
192025.0,INSTITUT TEKNOLOGI SUMATERA,TEKNIK MATERIAL,Prov. Lampung,Kabupaten Lampung Selatan,ITERA,Teknik atau rekayasa,"Fisika, Matematika Tingkat Lanjut, Matematika",47.0,70.0,47.0,116.0,540.48,85.77,S1
192026.0,INSTITUT TEKNOLOGI SUMATERA,TEKNIK PERTAMBANGAN,Prov. Lampung,Kabupaten Lampung Selatan,ITERA,Teknik atau rekayasa,"Fisika, Matematika Tingkat Lanjut, Matematika",82.0,502.0,82.0,897.0,556.15,86.56,S1
192027.0,INSTITUT TEKNOLOGI SUMATERA,ARSITEKTUR LANSKAP,Prov. Lampung,Kabupaten Lampung Selatan,ITERA,Arsitektur,"Matematika, Fisika",47.0,120.0,47.0,120.0,542.47,85.87,S1
192028.0,INSTITUT TEKNOLOGI SUMATERA,DESAIN KOMUNIKASI VISUAL (DKV),Prov. Lampung,Kabupaten Lampung Selatan,ITERA,Desain,"Seni Budaya, Matematika",59.0,190.0,59.0,217.0,608.1,89.16,S1
192029.0,INSTITUT TEKNOLOGI SUMATERA,TEKNIK TELEKOMUNIKASI,Prov. Lampung,Kabupaten Lampung Selatan,ITERA,Teknik atau rekayasa,"Fisika, Matematika Tingkat Lanjut, Matematika",47.0,175.0,47.0,239.0,598.9,88.7,S1
192030.0,INSTITUT TEKNOLOGI SUMATERA,AKTUARIA,Prov. Lampung,Kabupaten Lampung Selatan,ITERA,Sains Data,"Matematika Tingkat Lanjut, Matematika",59.0,218.0,59.0,233.0,570.56,87.28,S1
192031.0,INSTITUT TEKNOLOGI SUMATERA,REKAYASA KEHUTANAN,Prov. Lampung,Kabupaten Lampung Selatan,ITERA,Kehutanan,"Biologi, Matematika",47.0,55.0,47.0,139.0,519.71,84.74,S1
192032.0,INSTITUT TEKNOLOGI SUMATERA,TEKNIK BIOMEDIS,Prov. Lampung,Kabupaten Lampung Selatan,ITERA,Teknik atau rekayasa,"Fisika, Matematika Tingkat Lanjut, Matematika",59.0,359.0,59.0,538.0,576.71,87.59,S1
192033.0,INSTITUT TEKNOLOGI SUMATERA,SAINS LINGKUNGAN KELAUTAN,Prov. Lampung,Kabupaten Lampung Selatan,ITERA,Ilmu atau Sains Lingkungan,"Biologi, Matematika",35.0,38.0,36.0,65.0,532.38,85.37,S1
192034.0,INSTITUT TEKNOLOGI SUMATERA,SAINS DATA,Prov. Lampung,Kabupaten Lampung Selatan,ITERA,Sains Data,"Matematika Tingkat Lanjut, Matematika",54.0,193.0,54.0,298.0,527.59,85.13,S1
192035.0,INSTITUT TEKNOLOGI SUMATERA,TEKNIK PERKERETAAPIAN,Prov. Lampung,Kabupaten Lampung Selatan,ITERA,Teknik atau rekayasa,"Fisika, Matematika Tingkat Lanjut, Matematika",36.0,192.0,36.0,307.0,575.85,87.54,S1
192036.0,INSTITUT TEKNOLOGI SUMATERA,REKAYASA TATA KELOLA AIR TERPADU,Prov. Lampung,Kabupaten Lampung Selatan,ITERA,"Konservasi Biologi, Konservasi Hewan Liar, Konservasi Hewan Liar dan Hutan, Konservasi Hutan, Konservasi Sumber Daya Alam","Biologi, Matematika",36.0,22.0,36.0,52.0,538.9,85.7,S1
192037.0,INSTITUT TEKNOLOGI SUMATERA,REKAYASA INSTRUMENTASI DAN AUTOMASI,Prov. Lampung,Kabupaten Lampung Selatan,ITERA,Teknik atau rekayasa,"Fisika, Matematika Tingkat Lanjut, Matematika",40.0,0.0,40.0,58.0,535.02,85.5,S1
192038.0,INSTITUT TEKNOLOGI SUMATERA,REKAYASA MINYAK DAN GAS,Prov. Lampung,Kabupaten Lampung Selatan,ITERA,Teknik atau rekayasa,"Fisika, Matematika Tingkat Lanjut, Matematika",36.0,0.0,36.0,256.0,553.25,86.41,S1
192039.0,INSTITUT TEKNOLOGI SUMATERA,REKAYASA KOSMETIK,Prov. Lampung,Kabupaten Lampung Selatan,ITERA,Teknik atau rekayasa,"Fisika, Matematika Tingkat Lanjut, Matematika",40.0,0.0,40.0,0.0,0.0,0.0,S1
192040.0,INSTITUT TEKNOLOGI SUMATERA,PARIWISATA,Prov. Lampung,Kabupaten Lampung Selatan,ITERA,Pariwisata,"Ekonomi, Matematika",24.0,0.0,24.0,0.0,0.0,0.0,S1
193001.0,UNIVERSITAS ISLAM NEGERI RADEN INTAN LAMPUNG,BIOLOGI,Prov. Lampung,Kota Bandar Lampung,UIN RIL,Biologi,"Biologi, Matematika",12.0,0.0,12.0,0.0,0.0,0.0,S1
193002.0,UNIVERSITAS ISLAM NEGERI RADEN INTAN LAMPUNG,SISTEM INFORMASI,Prov. Lampung,Kota Bandar Lampung,UIN RIL,Ilmu atau Sains Informasi,"Matematika Tingkat Lanjut, Matematika",12.0,0.0,12.0,0.0,0.0,0.0,S1
221001.0,POLITEKNIK NEGERI LHOKSEUMAWE,TEKNOLOGI REKAYASA KONSTRUKSI JALAN DAN JEMBATAN,Prov. Aceh,Kota Lhokseumawe,PNL,Teknik atau rekayasa,"Fisika, Matematika Tingkat Lanjut, Matematika",42.0,74.0,34.0,71.0,488.07,83.15,D4
221002.0,POLITEKNIK NEGERI LHOKSEUMAWE,TEKNOLOGI REKAYASA KIMIA INDUSTRI,Prov. Aceh,Kota Lhokseumawe,PNL,Kimia,"Kimia, Matematika",36.0,86.0,29.0,93.0,501.73,83.84,D4
221003.0,POLITEKNIK NEGERI LHOKSEUMAWE,TEKNOLOGI REKAYASA MANUFAKTUR,Prov. Aceh,Kota Lhokseumawe,PNL,Teknik atau rekayasa,"Fisika, Matematika Tingkat Lanjut, Matematika",28.0,41.0,23.0,38.0,495.34,83.52,D4
221004.0,POLITEKNIK NEGERI LHOKSEUMAWE,TEKNOLOGI REKAYASA JARINGAN TELEKOMUNIKASI,Prov. Aceh,Kota Lhokseumawe,PNL,Teknik atau rekayasa,"Fisika, Matematika Tingkat Lanjut, Matematika",28.0,41.0,23.0,41.0,500.12,83.76,D4
221005.0,POLITEKNIK NEGERI LHOKSEUMAWE,TEKNOLOGI REKAYASA PEMBANGKIT ENERGI,Prov. Aceh,Kota Lhokseumawe,PNL,Teknik atau rekayasa,"Fisika, Matematika Tingkat Lanjut, Matematika",28.0,28.0,23.0,39.0,489.89,83.24,D4
221006.0,POLITEKNIK NEGERI LHOKSEUMAWE,TEKNOLOGI REKAYASA INSTRUMENTASI DAN KONTROL,Prov. Aceh,Kota Lhokseumawe,PNL,Teknik atau rekayasa,"Fisika, Matematika Tingkat Lanjut, Matematika",28.0,42.0,23.0,40.0,501.45,83.82,D4
221007.0,POLITEKNIK NEGERI LHOKSEUMAWE,TEKNIK INFORMATIKA,Prov. Aceh,Kota Lhokseumawe,PNL,Ilmu atau Sains Informasi,"Matematika Tingkat Lanjut, Matematika",75.0,207.0,60.0,265.0,523.59,84.93,D4
221008.0,POLITEKNIK NEGERI LHOKSEUMAWE,TEKNOLOGI REKAYASA KOMPUTER JARINGAN,Prov. Aceh,Kota Lhokseumawe,PNL,Komputer,"Matematika Tingkat Lanjut, Matematika",60.0,72.0,48.0,61.0,487.4,83.12,D4
221009.0,POLITEKNIK NEGERI LHOKSEUMAWE,TEKNOLOGI REKAYASA MULTIMEDIA,Prov. Aceh,Kota Lhokseumawe,PNL,Teknik atau rekayasa,"Fisika, Matematika Tingkat Lanjut, Matematika",45.0,47.0,36.0,47.0,505.5,84.03,D4
221010.0,POLITEKNIK NEGERI LHOKSEUMAWE,TEKNOLOGI REKAYASA PENGELASAN DAN FABRIKASI,Prov. Aceh,Kota Lhokseumawe,PNL,Teknik atau rekayasa,"Fisika, Matematika Tingkat Lanjut, Matematika",14.0,32.0,12.0,19.0,501.76,83.84,D4
221011.0,POLITEKNIK NEGERI LHOKSEUMAWE,TEKNOLOGI REKAYASA KONSTRUKSI BANGUNAN GEDUNG,Prov. Aceh,Kota Lhokseumawe,PNL,Teknik atau rekayasa,"Fisika, Matematika Tingkat Lanjut, Matematika",28.0,0.0,23.0,33.0,499.93,83.75,D4
221012.0,POLITEKNIK NEGERI LHOKSEUMAWE,AKUNTANSI LEMBAGA KEUANGAN SYARIAH,Prov. Aceh,Kota Lhokseumawe,PNL,Ilmu atau Sains Akuntansi,"Ekonomi, Matematika",48.0,135.0,39.0,125.0,492.51,83.38,D4
221013.0,POLITEKNIK NEGERI LHOKSEUMAWE,AKUNTANSI SEKTOR PUBLIK,Prov. Aceh,Kota Lhokseumawe,PNL,Urusan Publik,"Sosiologi, Pendidikan Pancasila",36.0,77.0,29.0,37.0,497.56,83.63,D4
221014.0,POLITEKNIK NEGERI LHOKSEUMAWE,MANAJEMEN KEUANGAN SEKTOR PUBLIK,Prov. Aceh,Kota Lhokseumawe,PNL,Urusan Publik,"Sosiologi, Pendidikan Pancasila",36.0,0.0,29.0,63.0,500.61,83.78,D4
221015.0,POLITEKNIK NEGERI LHOKSEUMAWE,TEKNOLOGI INDUSTRI,Prov. Aceh,Kota Lhokseumawe,PNL,Teknik atau rekayasa,"Fisika, Matematika Tingkat Lanjut, Matematika",28.0,0.0,23.0,0.0,0.0,0.0,D3
221016.0,POLITEKNIK NEGERI LHOKSEUMAWE,TEKNOLOGI KONSTRUKSI BANGUNAN AIR,Prov. Aceh,Kota Lhokseumawe,PNL,Teknik atau rekayasa,"Fisika, Matematika Tingkat Lanjut, Matematika",14.0,0.0,12.0,0.0,0.0,0.0,D3
221017.0,POLITEKNIK NEGERI LHOKSEUMAWE,AKUNTANSI,Prov. Aceh,Kota Lhokseumawe,PNL,Ilmu atau Sains Akuntansi,"Ekonomi, Matematika",36.0,0.0,29.0,0.0,0.0,0.0,D3
221018.0,POLITEKNIK NEGERI LHOKSEUMAWE,TEKNOLOGI ELEKTRONIKA,Prov. Aceh,Kota Lhokseumawe,PNL,Teknik atau rekayasa,"Fisika, Matematika Tingkat Lanjut, Matematika",28.0,0.0,23.0,0.0,0.0,0.0,D3
221019.0,POLITEKNIK NEGERI LHOKSEUMAWE,TEKNOLOGI KONSTRUKSI JALAN DAN JEMBATAN,Prov. Aceh,Kota Lhokseumawe,PNL,Teknik atau rekayasa,"Fisika, Matematika Tingkat Lanjut, Matematika",28.0,0.0,23.0,0.0,0.0,0.0,D3
221020.0,POLITEKNIK NEGERI LHOKSEUMAWE,TEKNOLOGI PENGOLAHAN MINYAK DAN GAS,Prov. Aceh,Kota Lhokseumawe,PNL,Ilmu atau Sains Kebumian,"Fisika, Matematika Tingkat Lanjut, Matematika",12.0,0.0,10.0,0.0,0.0,0.0,D3
221023.0,POLITEKNIK NEGERI LHOKSEUMAWE,TEKNOLOGI MESIN,Prov. Aceh,Kota Lhokseumawe,PNL,Teknik atau rekayasa,"Fisika, Matematika Tingkat Lanjut, Matematika",42.0,0.0,34.0,0.0,0.0,0.0,D3
221024.0,POLITEKNIK NEGERI LHOKSEUMAWE,TEKNOLOGI TELEKOMUNIKASI,Prov. Aceh,Kota Lhokseumawe,PNL,Teknik atau rekayasa,"Fisika, Matematika Tingkat Lanjut, Matematika",28.0,0.0,23.0,0.0,0.0,0.0,D3
221025.0,POLITEKNIK NEGERI LHOKSEUMAWE,ADMINISTRASI BISNIS,Prov. Aceh,Kota Lhokseumawe,PNL,Administrasi Bisnis,"Ekonomi, Matematika",36.0,0.0,29.0,0.0,0.0,0.0,D3
221026.0,POLITEKNIK NEGERI LHOKSEUMAWE,TEKNOLOGI LISTRIK,Prov. Aceh,Kota Lhokseumawe,PNL,Teknik atau rekayasa,"Fisika, Matematika Tingkat Lanjut, Matematika",24.0,0.0,20.0,0.0,0.0,0.0,D3
221027.0,POLITEKNIK NEGERI LHOKSEUMAWE,TEKNOLOGI KIMIA,Prov. Aceh,Kota Lhokseumawe,PNL,Teknik atau rekayasa,"Fisika, Matematika Tingkat Lanjut, Matematika",36.0,0.0,29.0,0.0,0.0,0.0,D3
221028.0,POLITEKNIK NEGERI LHOKSEUMAWE,TEKNOLOGI REKAYASA MEKATRONIKA,Prov. Aceh,Kota Lhokseumawe,PNL,Teknik atau rekayasa,"Fisika, Matematika Tingkat Lanjut, Matematika",12.0,0.0,10.0,0.0,0.0,0.0,D4
222001.0,POLITEKNIK NEGERI MEDAN,TEKNIK PERANCANGAN JALAN DAN JEMBATAN,Prov. Sumatera Utara,Kota Medan,POLMED,Teknik atau rekayasa,"Fisika, Matematika Tingkat Lanjut, Matematika",17.0,72.0,23.0,188.0,493.17,83.41,D4
222002.0,POLITEKNIK NEGERI MEDAN,MANAJEMEN REKAYASA KONSTRUKSI GEDUNG,Prov. Sumatera Utara,Kota Medan,POLMED,Teknik atau rekayasa,"Fisika, Matematika Tingkat Lanjut, Matematika",17.0,36.0,23.0,75.0,487.22,83.11,D4
222003.0,POLITEKNIK NEGERI MEDAN,TEKNIK REKAYASA PERANGKAT LUNAK,Prov. Sumatera Utara,Kota Medan,POLMED,Teknik atau rekayasa,"Fisika, Matematika Tingkat Lanjut, Matematika",34.0,144.0,45.0,216.0,483.06,82.9,D4
222004.0,POLITEKNIK NEGERI MEDAN,TEKNIK REKAYASA MULTIMEDIA GRAFIS,Prov. Sumatera Utara,Kota Medan,POLMED,Teknik atau rekayasa,"Fisika, Matematika Tingkat Lanjut, Matematika",34.0,142.0,45.0,173.0,498.31,83.67,D4
222005.0,POLITEKNIK NEGERI MEDAN,TEKNOLOGI REKAYASA JARINGAN TELEKOMUNIKASI,Prov. Sumatera Utara,Kota Medan,POLMED,Teknik atau rekayasa,"Fisika, Matematika Tingkat Lanjut, Matematika",34.0,212.0,45.0,261.0,501.21,83.81,D4
222006.0,POLITEKNIK NEGERI MEDAN,TEKNOLOGI REKAYASA PENGELASAN DAN FABRIKASI,Prov. Sumatera Utara,Kota Medan,POLMED,Teknik atau rekayasa,"Fisika, Matematika Tingkat Lanjut, Matematika",17.0,79.0,23.0,64.0,490.04,83.25,D4
222007.0,POLITEKNIK NEGERI MEDAN,KEUANGAN DAN PERBANKAN SYARIAH,Prov. Sumatera Utara,Kota Medan,POLMED,Ilmu atau Sains Akuntansi,"Ekonomi, Matematika",25.0,94.0,34.0,185.0,488.1,83.16,D4
222008.0,POLITEKNIK NEGERI MEDAN,AKUNTANSI KEUANGAN PUBLIK,Prov. Sumatera Utara,Kota Medan,POLMED,Ilmu atau Sains Akuntansi,"Ekonomi, Matematika",36.0,216.0,48.0,266.0,496.69,83.58,D4
222009.0,POLITEKNIK NEGERI MEDAN,"MEETING, INCENTIVE, CONVENTION, EXHIBITION",Prov. Sumatera Utara,Kota Medan,POLMED,Ilmu atau Sains Komunikasi,"Sosiologi, Bahasa Indonesia, Antropologi",25.0,74.0,34.0,93.0,494.94,83.5,D4
222010.0,POLITEKNIK NEGERI MEDAN,MANAJEMEN BISNIS,Prov. Sumatera Utara,Kota Medan,POLMED,Bisnis,"Ekonomi, Matematika",34.0,400.0,45.0,500.0,499.97,83.75,D4
222011.0,POLITEKNIK NEGERI MEDAN,KEUANGAN DAN PERBANKAN,Prov. Sumatera Utara,Kota Medan,POLMED,Ilmu atau Sains Akuntansi,"Ekonomi, Matematika",67.0,0.0,90.0,0.0,0.0,0.0,D3
222012.0,POLITEKNIK NEGERI MEDAN,TEKNIK KOMPUTER,Prov. Sumatera Utara,Kota Medan,POLMED,Teknik atau rekayasa,"Fisika, Matematika Tingkat Lanjut, Matematika",42.0,0.0,56.0,0.0,0.0,0.0,D3
222013.0,POLITEKNIK NEGERI MEDAN,TEKNIK LISTRIK,Prov. Sumatera Utara,Kota Medan,POLMED,Teknik atau rekayasa,"Fisika, Matematika Tingkat Lanjut, Matematika",34.0,0.0,45.0,0.0,0.0,0.0,D3
222014.0,POLITEKNIK NEGERI MEDAN,TEKNIK KONVERSI ENERGI,Prov. Sumatera Utara,Kota Medan,POLMED,Teknik atau rekayasa,"Fisika, Matematika Tingkat Lanjut, Matematika",50.0,0.0,68.0,0.0,0.0,0.0,D3
222015.0,POLITEKNIK NEGERI MEDAN,MANAJEMEN INFORMATIKA,Prov. Sumatera Utara,Kota Medan,POLMED,Ilmu atau Sains Informasi,"Matematika Tingkat Lanjut, Matematika",42.0,0.0,56.0,0.0,0.0,0.0,D3
222016.0,POLITEKNIK NEGERI MEDAN,ADMINISTRASI BISNIS,Prov. Sumatera Utara,Kota Medan,POLMED,Administrasi Bisnis,"Ekonomi, Matematika",67.0,0.0,90.0,0.0,0.0,0.0,D3
222017.0,POLITEKNIK NEGERI MEDAN,TEKNIK MESIN,Prov. Sumatera Utara,Kota Medan,POLMED,Teknik atau rekayasa,"Fisika, Matematika Tingkat Lanjut, Matematika",67.0,0.0,90.0,0.0,0.0,0.0,D3
222018.0,POLITEKNIK NEGERI MEDAN,TEKNIK SIPIL,Prov. Sumatera Utara,Kota Medan,POLMED,Teknik atau rekayasa,"Fisika, Matematika Tingkat Lanjut, Matematika",50.0,0.0,68.0,0.0,0.0,0.0,D3
222019.0,POLITEKNIK NEGERI MEDAN,TEKNIK TELEKOMUNIKASI,Prov. Sumatera Utara,Kota Medan,POLMED,Teknik atau rekayasa,"Fisika, Matematika Tingkat Lanjut, Matematika",34.0,0.0,45.0,0.0,0.0,0.0,D3
222020.0,POLITEKNIK NEGERI MEDAN,AKUNTANSI,Prov. Sumatera Utara,Kota Medan,POLMED,Ilmu atau Sains Akuntansi,"Ekonomi, Matematika",67.0,0.0,90.0,0.0,0.0,0.0,D3
222021.0,POLITEKNIK NEGERI MEDAN,ELEKTRONIKA,Prov. Sumatera Utara,Kota Medan,POLMED,Fisika,"Fisika, Matematika",34.0,0.0,45.0,0.0,0.0,0.0,D3
222022.0,POLITEKNIK NEGERI MEDAN,TEKNOLOGI REKAYASA INSTALASI LISTRIK,Prov. Sumatera Utara,Kota Medan,POLMED,Teknik atau rekayasa,"Fisika, Matematika Tingkat Lanjut, Matematika",17.0,0.0,23.0,0.0,0.0,0.0,D4
231001.0,POLITEKNIK NEGERI BATAM,TEKNIK MEKATRONIKA,Prov. Kepulauan Riau,Kota Batam,POLIBATAM,Teknik atau rekayasa,"Fisika, Matematika Tingkat Lanjut, Matematika",23.0,222.0,41.0,115.0,511.57,84.33,D4
231002.0,POLITEKNIK NEGERI BATAM,TEKNIK ROBOTIKA,Prov. Kepulauan Riau,Kota Batam,POLIBATAM,Teknik atau rekayasa,"Fisika, Matematika Tingkat Lanjut, Matematika",23.0,50.0,41.0,33.0,505.38,84.02,D4
231003.0,POLITEKNIK NEGERI BATAM,TEKNOLOGI REKAYASA PEMBANGKIT ENERGI,Prov. Kepulauan Riau,Kota Batam,POLIBATAM,Teknik atau rekayasa,"Fisika, Matematika Tingkat Lanjut, Matematika",23.0,48.0,41.0,55.0,495.37,83.52,D4
231004.0,POLITEKNIK NEGERI BATAM,TEKNIK MULTIMEDIA DAN JARINGAN,Prov. Kepulauan Riau,Kota Batam,POLIBATAM,Teknik atau rekayasa,"Fisika, Matematika Tingkat Lanjut, Matematika",30.0,274.0,54.0,188.0,486.69,83.08,D4
231005.0,POLITEKNIK NEGERI BATAM,ANIMASI,Prov. Kepulauan Riau,Kota Batam,POLIBATAM,Desain,"Seni Budaya, Matematika",15.0,48.0,27.0,41.0,499.53,83.73,D4
231006.0,POLITEKNIK NEGERI BATAM,REKAYASA KEAMANAN SIBER,Prov. Kepulauan Riau,Kota Batam,POLIBATAM,Teknik atau rekayasa,"Fisika, Matematika Tingkat Lanjut, Matematika",15.0,76.0,27.0,82.0,497.46,83.62,D4
231007.0,POLITEKNIK NEGERI BATAM,ADMINISTRASI BISNIS,Prov. Kepulauan Riau,Kota Batam,POLIBATAM,Administrasi Bisnis,"Ekonomi, Matematika",30.0,533.0,54.0,257.0,496.31,83.57,D4
231008.0,POLITEKNIK NEGERI BATAM,AKUNTANSI MANAJEMEN,Prov. Kepulauan Riau,Kota Batam,POLIBATAM,Ilmu atau Sains Akuntansi,"Ekonomi, Matematika",30.0,289.0,54.0,225.0,494.66,83.48,D4
231009.0,POLITEKNIK NEGERI BATAM,LOGISTIK PERDAGANGAN INTERNASIONAL,Prov. Kepulauan Riau,Kota Batam,POLIBATAM,Logistik,"Ekonomi, Matematika",23.0,269.0,41.0,188.0,497.94,83.65,D4
231010.0,POLITEKNIK NEGERI BATAM,TEKNOLOGI REKAYASA ELEKTRONIKA,Prov. Kepulauan Riau,Kota Batam,POLIBATAM,Teknik atau rekayasa,"Fisika, Matematika Tingkat Lanjut, Matematika",23.0,0.0,41.0,0.0,0.0,0.0,D4
231011.0,POLITEKNIK NEGERI BATAM,TEKNIK INFORMATIKA,Prov. Kepulauan Riau,Kota Batam,POLIBATAM,Teknik atau rekayasa,"Fisika, Matematika Tingkat Lanjut, Matematika",30.0,0.0,54.0,0.0,0.0,0.0,D3
231012.0,POLITEKNIK NEGERI BATAM,TEKNIK ELEKTRONIKA MANUFAKTUR,Prov. Kepulauan Riau,Kota Batam,POLIBATAM,Teknik atau rekayasa,"Fisika, Matematika Tingkat Lanjut, Matematika",15.0,0.0,27.0,0.0,0.0,0.0,D3
231013.0,POLITEKNIK NEGERI BATAM,TEKNOLOGI REKAYASA KONSTRUKSI PERKAPALAN,Prov. Kepulauan Riau,Kota Batam,POLIBATAM,Teknik atau rekayasa,"Fisika, Matematika Tingkat Lanjut, Matematika",23.0,0.0,41.0,0.0,0.0,0.0,D4
231014.0,POLITEKNIK NEGERI BATAM,AKUNTANSI,Prov. Kepulauan Riau,Kota Batam,POLIBATAM,Ilmu atau Sains Akuntansi,"Ekonomi, Matematika",23.0,0.0,41.0,0.0,0.0,0.0,D3
231015.0,POLITEKNIK NEGERI BATAM,TEKNIK INSTRUMENTASI,Prov. Kepulauan Riau,Kota Batam,POLIBATAM,Teknik atau rekayasa,"Fisika, Matematika Tingkat Lanjut, Matematika",15.0,0.0,27.0,0.0,0.0,0.0,D3
231017.0,POLITEKNIK NEGERI BATAM,TEKNIK GEOMATIKA,Prov. Kepulauan Riau,Kota Batam,POLIBATAM,Ilmu atau Sains Kebumian,"Fisika, Matematika Tingkat Lanjut, Matematika",23.0,0.0,41.0,0.0,0.0,0.0,D3
231018.0,POLITEKNIK NEGERI BATAM,TEKNIK MESIN,Prov. Kepulauan Riau,Kota Batam,POLIBATAM,Teknik atau rekayasa,"Fisika, Matematika Tingkat Lanjut, Matematika",23.0,0.0,41.0,0.0,0.0,0.0,D3
231019.0,POLITEKNIK NEGERI BATAM,TEKNOLOGI REKAYASA PENGELASAN DAN FABRIKASI,Prov. Kepulauan Riau,Kota Batam,POLIBATAM,Teknik atau rekayasa,"Fisika, Matematika Tingkat Lanjut, Matematika",15.0,0.0,27.0,0.0,0.0,0.0,D4
231020.0,POLITEKNIK NEGERI BATAM,TEKNOLOGI REKAYASA PERANGKAT LUNAK,Prov. Kepulauan Riau,Kota Batam,POLIBATAM,Teknik atau rekayasa,"Fisika, Matematika Tingkat Lanjut, Matematika",15.0,0.0,27.0,0.0,0.0,0.0,D4
232001.0,POLITEKNIK NEGERI BENGKALIS,TEKNIK LISTRIK,Prov. Riau,Kab Bengkalis,POLBENG,Teknik atau rekayasa,"Fisika, Matematika Tingkat Lanjut, Matematika",48.0,60.0,39.0,39.0,502.15,83.86,D4
232002.0,POLITEKNIK NEGERI BENGKALIS,TEKNIK MESIN PRODUKSI DAN PERAWATAN,Prov. Riau,Kab Bengkalis,POLBENG,Teknik atau rekayasa,"Fisika, Matematika Tingkat Lanjut, Matematika",48.0,68.0,39.0,51.0,495.33,83.52,D4
232003.0,POLITEKNIK NEGERI BENGKALIS,TEKNIK PERANCANGAN JALAN DAN JEMBATAN,Prov. Riau,Kab Bengkalis,POLBENG,Teknik atau rekayasa,"Fisika, Matematika Tingkat Lanjut, Matematika",48.0,73.0,39.0,43.0,493.33,83.42,D4
232004.0,POLITEKNIK NEGERI BENGKALIS,REKAYASA PERANGKAT LUNAK,Prov. Riau,Kab Bengkalis,POLBENG,Teknik atau rekayasa,"Fisika, Matematika Tingkat Lanjut, Matematika",48.0,134.0,39.0,67.0,477.67,82.63,D4
232005.0,POLITEKNIK NEGERI BENGKALIS,TEKNOLOGI REKAYASA ARSITEKTUR PERKAPALAN,Prov. Riau,Kab Bengkalis,POLBENG,Teknik atau rekayasa,"Fisika, Matematika Tingkat Lanjut, Matematika",16.0,32.0,13.0,13.0,495.61,83.53,D4
232006.0,POLITEKNIK NEGERI BENGKALIS,KEAMANAN SISTEM INFORMASI,Prov. Riau,Kab Bengkalis,POLBENG,Ilmu atau Sains Informasi,"Matematika Tingkat Lanjut, Matematika",32.0,72.0,26.0,37.0,496.17,83.56,D4
232007.0,POLITEKNIK NEGERI BENGKALIS,ADMINISTRASI BISNIS,Prov. Riau,Kab Bengkalis,POLBENG,Administrasi Bisnis,"Ekonomi, Matematika",48.0,199.0,39.0,108.0,485.95,83.05,D4
232008.0,POLITEKNIK NEGERI BENGKALIS,AKUNTANSI KEUANGAN PUBLIK,Prov. Riau,Kab Bengkalis,POLBENG,Ilmu atau Sains Akuntansi,"Ekonomi, Matematika",48.0,175.0,39.0,80.0,499.63,83.73,D4
232009.0,POLITEKNIK NEGERI BENGKALIS,BAHASA INGGRIS UNTUK KOMUNIKASI BISNIS DAN PROFESIONAL,Prov. Riau,Kab Bengkalis,POLBENG,Linguistik,"Bahasa Indonesia, Bahasa Inggris",32.0,30.0,26.0,19.0,503.29,83.91,D4
232010.0,POLITEKNIK NEGERI BENGKALIS,BISNIS DIGITAL,Prov. Riau,Kab Bengkalis,POLBENG,Bisnis,"Ekonomi, Matematika",48.0,0.0,39.0,17.0,515.41,84.52,D4
232011.0,POLITEKNIK NEGERI BENGKALIS,BAHASA INGGRIS,Prov. Riau,Kab Bengkalis,POLBENG,Linguistik,"Bahasa Indonesia, Bahasa Inggris",16.0,0.0,13.0,0.0,0.0,0.0,D3
232012.0,POLITEKNIK NEGERI BENGKALIS,TEKNIK MESIN,Prov. Riau,Kab Bengkalis,POLBENG,Teknik atau rekayasa,"Fisika, Matematika Tingkat Lanjut, Matematika",16.0,0.0,13.0,0.0,0.0,0.0,D3
232013.0,POLITEKNIK NEGERI BENGKALIS,TEKNIK PERKAPALAN,Prov. Riau,Kab Bengkalis,POLBENG,Teknik atau rekayasa,"Fisika, Matematika Tingkat Lanjut, Matematika",32.0,0.0,26.0,0.0,0.0,0.0,D3
232014.0,POLITEKNIK NEGERI BENGKALIS,NAUTIKA,Prov. Riau,Kab Bengkalis,POLBENG,Logika,"Matematika Tingkat Lanjut, Matematika",23.0,0.0,20.0,0.0,0.0,0.0,D3
232015.0,POLITEKNIK NEGERI BENGKALIS,KETATALAKSANAAN PELAYARAN NIAGA,Prov. Riau,Kab Bengkalis,POLBENG,Ilmu atau Sains Manajemen,"Ekonomi, Matematika",32.0,0.0,26.0,0.0,0.0,0.0,D3
232016.0,POLITEKNIK NEGERI BENGKALIS,TEKNIK INFORMATIKA,Prov. Riau,Kab Bengkalis,POLBENG,Teknik atau rekayasa,"Fisika, Matematika Tingkat Lanjut, Matematika",48.0,0.0,39.0,0.0,0.0,0.0,D3
232019.0,POLITEKNIK NEGERI BENGKALIS,TEKNIK ELEKTRONIKA,Prov. Riau,Kab Bengkalis,POLBENG,Teknik atau rekayasa,"Fisika, Matematika Tingkat Lanjut, Matematika",32.0,0.0,26.0,0.0,0.0,0.0,D3
232020.0,POLITEKNIK NEGERI BENGKALIS,TEKNIK SIPIL,Prov. Riau,Kab Bengkalis,POLBENG,Teknik atau rekayasa,"Fisika, Matematika Tingkat Lanjut, Matematika",32.0,0.0,26.0,0.0,0.0,0.0,D3
241001.0,POLITEKNIK NEGERI PADANG,TEKNIK ELEKTRONIKA INDUSTRI,Prov. Sumatera Barat,Kota Padang,PNP,Teknik atau rekayasa,"Fisika, Matematika Tingkat Lanjut, Matematika",34.0,126.0,34.0,288.0,473.68,82.43,D4
241002.0,POLITEKNIK NEGERI PADANG,TEKNIK TELEKOMUNIKASI - D4,Prov. Sumatera Barat,Kota Padang,PNP,Teknik atau rekayasa,"Fisika, Matematika Tingkat Lanjut, Matematika",34.0,144.0,34.0,285.0,482.49,82.87,D4
241003.0,POLITEKNIK NEGERI PADANG,TEKNIK MANUFAKTUR,Prov. Sumatera Barat,Kota Padang,PNP,Teknik atau rekayasa,"Fisika, Matematika Tingkat Lanjut, Matematika",23.0,69.0,23.0,151.0,486.23,83.06,D4
241004.0,POLITEKNIK NEGERI PADANG,TEKNIK PERENCANAAN IRIGASI DAN RAWA,Prov. Sumatera Barat,Kota Padang,PNP,Perencanaan Wilayah,"Ekonomi, Matematika",23.0,25.0,23.0,63.0,475.97,82.55,D4
241005.0,POLITEKNIK NEGERI PADANG,PERANCANGAN JALAN DAN JEMBATAN,Prov. Sumatera Barat,Kota Padang,PNP,Teknik atau rekayasa,"Fisika, Matematika Tingkat Lanjut, Matematika",23.0,69.0,23.0,178.0,478.41,82.67,D4
241006.0,POLITEKNIK NEGERI PADANG,MANAJEMEN REKAYASA KONSTRUKSI,Prov. Sumatera Barat,Kota Padang,PNP,Teknik atau rekayasa,"Fisika, Matematika Tingkat Lanjut, Matematika",23.0,60.0,23.0,131.0,489.21,83.21,D4
241007.0,POLITEKNIK NEGERI PADANG,TEKNOLOGI REKAYASA PERANGKAT LUNAK,Prov. Sumatera Barat,Kota Padang,PNP,Teknik atau rekayasa,"Fisika, Matematika Tingkat Lanjut, Matematika",45.0,107.0,45.0,226.0,476.33,82.57,D4
241008.0,POLITEKNIK NEGERI PADANG,TEKNOLOGI REKAYASA INSTALASI LISTRIK,Prov. Sumatera Barat,Kota Padang,PNP,Teknik atau rekayasa,"Fisika, Matematika Tingkat Lanjut, Matematika",34.0,95.0,34.0,186.0,478.99,82.7,D4
241009.0,POLITEKNIK NEGERI PADANG,REKAYASA PERANCANGAN MEKANIK,Prov. Sumatera Barat,Kota Padang,PNP,Teknik atau rekayasa,"Fisika, Matematika Tingkat Lanjut, Matematika",23.0,0.0,23.0,68.0,483.75,82.94,D4
241010.0,POLITEKNIK NEGERI PADANG,AKUNTANSI - D4,Prov. Sumatera Barat,Kota Padang,PNP,Ilmu atau Sains Akuntansi,"Ekonomi, Matematika",36.0,223.0,36.0,335.0,508.17,84.16,D4
241011.0,POLITEKNIK NEGERI PADANG,BAHASA INGGRIS UNTUK KOMUNIKASI BISNIS DAN PROFESIONAL,Prov. Sumatera Barat,Kota Padang,PNP,Linguistik,"Bahasa Indonesia, Bahasa Inggris",24.0,51.0,24.0,99.0,477.67,82.63,D4
241012.0,POLITEKNIK NEGERI PADANG,DESTINASI PARIWISATA,Prov. Sumatera Barat,Kota Padang,PNP,Pariwisata,"Ekonomi, Matematika",24.0,92.0,24.0,127.0,486.92,83.1,D4
241013.0,POLITEKNIK NEGERI PADANG,USAHA PERJALANAN WISATA,Prov. Sumatera Barat,Kota Padang,PNP,Pariwisata,"Ekonomi, Matematika",36.0,0.0,36.0,79.0,475.82,82.54,D4
241014.0,POLITEKNIK NEGERI PADANG,SISTEM INFORMASI,Prov. Sumatera Barat,Kota Padang,PNP,Ilmu atau Sains Informasi,"Matematika Tingkat Lanjut, Matematika",23.0,0.0,23.0,0.0,0.0,0.0,D3
241016.0,POLITEKNIK NEGERI PADANG,TEKNIK KOMPUTER (KAMPUS KAB. SOLOK SELATAN),Prov. Sumatera Barat,Kota Padang,PNP,Teknik atau rekayasa,"Fisika, Matematika Tingkat Lanjut, Matematika",23.0,0.0,23.0,0.0,0.0,0.0,D3
241017.0,POLITEKNIK NEGERI PADANG,AKUNTANSI (KAMPUS KAB. SOLOK SELATAN),Prov. Sumatera Barat,Kota Padang,PNP,Ilmu atau Sains Akuntansi,"Ekonomi, Matematika",12.0,0.0,12.0,0.0,0.0,0.0,D3
241018.0,POLITEKNIK NEGERI PADANG,TEKNIK ALAT BERAT,Prov. Sumatera Barat,Kota Padang,PNP,Teknik atau rekayasa,"Fisika, Matematika Tingkat Lanjut, Matematika",23.0,0.0,23.0,0.0,0.0,0.0,D3
241019.0,POLITEKNIK NEGERI PADANG,MANAJEMEN INFORMATIKA (KAMPUS KAB. PELALAWAN),Prov. Sumatera Barat,Kota Padang,PNP,Ilmu atau Sains Informasi,"Matematika Tingkat Lanjut, Matematika",23.0,0.0,23.0,0.0,0.0,0.0,D3
241020.0,POLITEKNIK NEGERI PADANG,ADMINISTRASI BISNIS,Prov. Sumatera Barat,Kota Padang,PNP,Administrasi Bisnis,"Ekonomi, Matematika",72.0,0.0,72.0,0.0,0.0,0.0,D3
241021.0,POLITEKNIK NEGERI PADANG,TEKNIK LISTRIK (KAMPUS KAB.PELALAWAN),Prov. Sumatera Barat,Kota Padang,PNP,Teknik atau rekayasa,"Fisika, Matematika Tingkat Lanjut, Matematika",24.0,0.0,24.0,0.0,0.0,0.0,D3
241022.0,POLITEKNIK NEGERI PADANG,TEKNOLOGI SIPIL,Prov. Sumatera Barat,Kota Padang,PNP,Teknik atau rekayasa,"Fisika, Matematika Tingkat Lanjut, Matematika",10.0,0.0,12.0,0.0,0.0,0.0,D3
241023.0,POLITEKNIK NEGERI PADANG,BAHASA INGGRIS,Prov. Sumatera Barat,Kota Padang,PNP,Linguistik,"Bahasa Indonesia, Bahasa Inggris",36.0,0.0,36.0,0.0,0.0,0.0,D3
241024.0,POLITEKNIK NEGERI PADANG,TEKNIK LISTRIK,Prov. Sumatera Barat,Kota Padang,PNP,Teknik atau rekayasa,"Fisika, Matematika Tingkat Lanjut, Matematika",45.0,0.0,45.0,0.0,0.0,0.0,D3
241025.0,POLITEKNIK NEGERI PADANG,TEKNIK TELEKOMUNIKASI - D3,Prov. Sumatera Barat,Kota Padang,PNP,Teknik atau rekayasa,"Fisika, Matematika Tingkat Lanjut, Matematika",45.0,0.0,45.0,0.0,0.0,0.0,D3
241026.0,POLITEKNIK NEGERI PADANG,TEKNIK MESIN,Prov. Sumatera Barat,Kota Padang,PNP,Teknik atau rekayasa,"Fisika, Matematika Tingkat Lanjut, Matematika",45.0,0.0,45.0,0.0,0.0,0.0,D3
241027.0,POLITEKNIK NEGERI PADANG,AKUNTANSI,Prov. Sumatera Barat,Kota Padang,PNP,Ilmu atau Sains Akuntansi,"Ekonomi, Matematika",36.0,0.0,36.0,0.0,0.0,0.0,D3
241028.0,POLITEKNIK NEGERI PADANG,MANAJEMEN INFORMATIKA,Prov. Sumatera Barat,Kota Padang,PNP,Ilmu atau Sains Informasi,"Matematika Tingkat Lanjut, Matematika",34.0,0.0,34.0,0.0,0.0,0.0,D3
241029.0,POLITEKNIK NEGERI PADANG,TEKNIK KOMPUTER,Prov. Sumatera Barat,Kota Padang,PNP,Teknik atau rekayasa,"Fisika, Matematika Tingkat Lanjut, Matematika",21.0,0.0,23.0,0.0,0.0,0.0,D3
241030.0,POLITEKNIK NEGERI PADANG,TEKNIK SIPIL,Prov. Sumatera Barat,Kota Padang,PNP,Teknik atau rekayasa,"Fisika, Matematika Tingkat Lanjut, Matematika",34.0,0.0,34.0,0.0,0.0,0.0,D3
241031.0,POLITEKNIK NEGERI PADANG,TEKNIK ELEKTRONIKA,Prov. Sumatera Barat,Kota Padang,PNP,Teknik atau rekayasa,"Fisika, Matematika Tingkat Lanjut, Matematika",45.0,0.0,45.0,0.0,0.0,0.0,D3
241032.0,POLITEKNIK NEGERI PADANG,BISNIS DIGITAL,Prov. Sumatera Barat,Kota Padang,PNP,Sains Data,"Matematika Tingkat Lanjut, Matematika",24.0,0.0,24.0,0.0,0.0,0.0,D4
242001.0,POLITEKNIK PERTANIAN NEGERI PAYAKUMBUH,PENGELOLAAN AGRIBISNIS,Prov. Sumatera Barat,Kab Lima Puluh Kota,Politani Payakumbuh,Ilmu dan Sains Pertanian,"Biologi, Matematika",15.0,132.0,27.0,116.0,508.78,84.19,D4
242002.0,POLITEKNIK PERTANIAN NEGERI PAYAKUMBUH,PENGELOLAAN PERKEBUNAN,Prov. Sumatera Barat,Kab Lima Puluh Kota,Politani Payakumbuh,Ilmu dan Sains Pertanian,"Biologi, Matematika",15.0,90.0,27.0,107.0,497.03,83.6,D4
242003.0,POLITEKNIK PERTANIAN NEGERI PAYAKUMBUH,TEKNOLOGI BENIH,Prov. Sumatera Barat,Kab Lima Puluh Kota,Politani Payakumbuh,Ilmu dan Sains Pertanian,"Biologi, Matematika",18.0,24.0,24.0,19.0,488.58,83.18,D4
242004.0,POLITEKNIK PERTANIAN NEGERI PAYAKUMBUH,TEKNOLOGI REKAYASA PANGAN,Prov. Sumatera Barat,Kab Lima Puluh Kota,Politani Payakumbuh,Teknik atau rekayasa,"Fisika, Matematika Tingkat Lanjut, Matematika",18.0,24.0,24.0,26.0,504.85,83.99,D4
242005.0,POLITEKNIK PERTANIAN NEGERI PAYAKUMBUH,TEKNOLOGI REKAYASA KOMPUTER,Prov. Sumatera Barat,Kab Lima Puluh Kota,Politani Payakumbuh,Komputer,"Matematika Tingkat Lanjut, Matematika",18.0,20.0,24.0,28.0,501.67,83.83,D4
242006.0,POLITEKNIK PERTANIAN NEGERI PAYAKUMBUH,TEKNOLOGI PRODUKSI TERNAK,Prov. Sumatera Barat,Kab Lima Puluh Kota,Politani Payakumbuh,Ilmu atau Sains Veteriner,"Biologi, Kimia, Matematika",18.0,0.0,24.0,59.0,482.51,82.88,D4
242007.0,POLITEKNIK PERTANIAN NEGERI PAYAKUMBUH,TEKNOLOGI PRODUKSI TANAMAN PANGAN,Prov. Sumatera Barat,Kab Lima Puluh Kota,Politani Payakumbuh,Ilmu dan Sains Pertanian,"Biologi, Matematika",18.0,0.0,24.0,45.0,490.22,83.26,D4
242008.0,POLITEKNIK PERTANIAN NEGERI PAYAKUMBUH,TEKNOLOGI MEKANISASI PERTANIAN,Prov. Sumatera Barat,Kab Lima Puluh Kota,Politani Payakumbuh,Ilmu dan Sains Pertanian,"Biologi, Matematika",18.0,0.0,24.0,0.0,0.0,0.0,D3
242010.0,POLITEKNIK PERTANIAN NEGERI PAYAKUMBUH,TEKNOLOGI PANGAN,Prov. Sumatera Barat,Kab Lima Puluh Kota,Politani Payakumbuh,"Teknologi Pangan, Teknologi Hasil Pertanian/ Peternakan/ Perikanan","Kimia, Biologi, Matematika",18.0,0.0,24.0,0.0,0.0,0.0,D3
242011.0,POLITEKNIK PERTANIAN NEGERI PAYAKUMBUH,AGROBISNIS,Prov. Sumatera Barat,Kab Lima Puluh Kota,Politani Payakumbuh,"Bioteknologi, Biokewirausaha an, Bioinformatika","Biologi, Matematika",18.0,0.0,24.0,0.0,0.0,0.0,D3
242013.0,POLITEKNIK PERTANIAN NEGERI PAYAKUMBUH,TATA AIR PERTANIAN,Prov. Sumatera Barat,Kab Lima Puluh Kota,Politani Payakumbuh,Ilmu dan Sains Pertanian,"Biologi, Matematika",18.0,0.0,24.0,0.0,0.0,0.0,D3
242014.0,POLITEKNIK PERTANIAN NEGERI PAYAKUMBUH,BUDIDAYA TANAMAN PERKEBUNAN,Prov. Sumatera Barat,Kab Lima Puluh Kota,Politani Payakumbuh,"Bioteknologi, Biokewirausaha an, Bioinformatika","Biologi, Matematika",18.0,0.0,24.0,0.0,0.0,0.0,D3
242015.0,POLITEKNIK PERTANIAN NEGERI PAYAKUMBUH,PARAMEDIK VETERINER,Prov. Sumatera Barat,Kab Lima Puluh Kota,Politani Payakumbuh,Ilmu atau Sains Veteriner,"Biologi, Kimia, Matematika",18.0,0.0,24.0,0.0,0.0,0.0,D3
242016.0,POLITEKNIK PERTANIAN NEGERI PAYAKUMBUH,BUDIDAYA TANAMAN HORTIKULTURA,Prov. Sumatera Barat,Kab Lima Puluh Kota,Politani Payakumbuh,"Bioteknologi, Biokewirausaha an, Bioinformatika","Biologi, Matematika",18.0,0.0,24.0,0.0,0.0,0.0,D3
271001.0,POLITEKNIK NEGERI SRIWIJAYA,PERANCANGAN JALAN DAN JEMBATAN,Prov. Sumatera Selatan,Kota Palembang,POLSRI,Teknik atau rekayasa,"Fisika, Matematika Tingkat Lanjut, Matematika",58.0,155.0,58.0,299.0,498.37,83.67,D4
271002.0,POLITEKNIK NEGERI SRIWIJAYA,TEKNIK MESIN PRODUKSI DAN PERAWATAN,Prov. Sumatera Selatan,Kota Palembang,POLSRI,Teknik atau rekayasa,"Fisika, Matematika Tingkat Lanjut, Matematika",68.0,222.0,68.0,363.0,501.59,83.83,D4
271003.0,POLITEKNIK NEGERI SRIWIJAYA,TEKNIK ELEKTRO,Prov. Sumatera Selatan,Kota Palembang,POLSRI,Teknik atau rekayasa,"Fisika, Matematika Tingkat Lanjut, Matematika",29.0,304.0,29.0,474.0,486.63,83.08,D4
271004.0,POLITEKNIK NEGERI SRIWIJAYA,TEKNIK TELEKOMUNIKASI - D4,Prov. Sumatera Selatan,Kota Palembang,POLSRI,Teknik atau rekayasa,"Fisika, Matematika Tingkat Lanjut, Matematika",29.0,123.0,29.0,248.0,516.51,84.58,D4
271005.0,POLITEKNIK NEGERI SRIWIJAYA,TEKNIK ENERGI,Prov. Sumatera Selatan,Kota Palembang,POLSRI,Teknik atau rekayasa,"Fisika, Matematika Tingkat Lanjut, Matematika",48.0,128.0,48.0,145.0,479.38,82.72,D4
271006.0,POLITEKNIK NEGERI SRIWIJAYA,TEKNOLOGI KIMIA INDUSTRI,Prov. Sumatera Selatan,Kota Palembang,POLSRI,Kimia,"Kimia, Matematika",48.0,78.0,48.0,130.0,498.75,83.69,D4
271007.0,POLITEKNIK NEGERI SRIWIJAYA,TEKNOLOGI INFORMATIKA MULTIMEDIA DIGITAL,Prov. Sumatera Selatan,Kota Palembang,POLSRI,Ilmu atau Sains Informasi,"Matematika Tingkat Lanjut, Matematika",48.0,190.0,48.0,339.0,509.64,84.23,D4
271008.0,POLITEKNIK NEGERI SRIWIJAYA,PERANCANGAN JALAN DAN JEMBATAN PSDKU OKU,Prov. Sumatera Selatan,Kota Palembang,POLSRI,Teknik atau rekayasa,"Fisika, Matematika Tingkat Lanjut, Matematika",10.0,4.0,10.0,11.0,486.5,83.08,D4
271009.0,POLITEKNIK NEGERI SRIWIJAYA,TEKNIK MESIN PRODUKSI DAN PERAWATAN PDKU SIAK,Prov. Sumatera Selatan,Kota Palembang,POLSRI,Teknik atau rekayasa,"Fisika, Matematika Tingkat Lanjut, Matematika",10.0,28.0,10.0,33.0,477.72,82.64,D4
271010.0,POLITEKNIK NEGERI SRIWIJAYA,TEKNOLOGI PRODUKSI TANAMAN PERKEBUNAN,Prov. Sumatera Selatan,Kota Palembang,POLSRI,Ilmu dan Sains Pertanian,"Biologi, Matematika",20.0,40.0,20.0,69.0,479.58,82.73,D4
271011.0,POLITEKNIK NEGERI SRIWIJAYA,MANAJEMEN INFORMATIKA - D4,Prov. Sumatera Selatan,Kota Palembang,POLSRI,Ilmu atau Sains Informasi,"Matematika Tingkat Lanjut, Matematika",58.0,402.0,58.0,438.0,501.89,83.84,D4
271012.0,POLITEKNIK NEGERI SRIWIJAYA,MANAJEMEN INFORMATIKA KAMPUS BANYUASIN,Prov. Sumatera Selatan,Kota Palembang,POLSRI,Ilmu atau Sains Informasi,"Matematika Tingkat Lanjut, Matematika",10.0,21.0,10.0,42.0,497.8,83.64,D4
271013.0,POLITEKNIK NEGERI SRIWIJAYA,AKUNTANSI SEKTOR PUBLIK,Prov. Sumatera Selatan,Kota Palembang,POLSRI,Urusan Publik,"Sosiologi, Pendidikan Pancasila",58.0,260.0,58.0,365.0,494.58,83.48,D4
271014.0,POLITEKNIK NEGERI SRIWIJAYA,AKUNTANSI SEKTOR PUBLIK KAMPUS BANYUASIN,Prov. Sumatera Selatan,Kota Palembang,POLSRI,Urusan Publik,"Sosiologi, Pendidikan Pancasila",10.0,8.0,10.0,26.0,480.89,82.79,D4
271015.0,POLITEKNIK NEGERI SRIWIJAYA,USAHA PERJALANAN WISATA,Prov. Sumatera Selatan,Kota Palembang,POLSRI,Pariwisata,"Ekonomi, Matematika",29.0,129.0,29.0,139.0,483.27,82.91,D4
271016.0,POLITEKNIK NEGERI SRIWIJAYA,MANAJEMEN BISNIS,Prov. Sumatera Selatan,Kota Palembang,POLSRI,Bisnis,"Ekonomi, Matematika",58.0,561.0,58.0,739.0,497.34,83.62,D4
271017.0,POLITEKNIK NEGERI SRIWIJAYA,AKUNTANSI SEKTOR PUBLIK PSDKU OKU,Prov. Sumatera Selatan,Kota Palembang,POLSRI,Urusan Publik,"Sosiologi, Pendidikan Pancasila",10.0,9.0,10.0,11.0,496.36,83.57,D4
271018.0,POLITEKNIK NEGERI SRIWIJAYA,AKUNTANSI SEKTOR PUBLIK PSDKU SIAK,Prov. Sumatera Selatan,Kota Palembang,POLSRI,Urusan Publik,"Sosiologi, Pendidikan Pancasila",10.0,2.0,10.0,28.0,493.71,83.44,D4
271019.0,POLITEKNIK NEGERI SRIWIJAYA,TEKNIK KOMPUTER,Prov. Sumatera Selatan,Kota Palembang,POLSRI,Teknik atau rekayasa,"Fisika, Matematika Tingkat Lanjut, Matematika",77.0,0.0,77.0,0.0,0.0,0.0,D3
271020.0,POLITEKNIK NEGERI SRIWIJAYA,TEKNIK ELEKTRONIKA,Prov. Sumatera Selatan,Kota Palembang,POLSRI,Teknik atau rekayasa,"Fisika, Matematika Tingkat Lanjut, Matematika",58.0,0.0,58.0,0.0,0.0,0.0,D3
271021.0,POLITEKNIK NEGERI SRIWIJAYA,TEKNIK KIMIA (KAMPUS KAB SIAK),Prov. Sumatera Selatan,Kota Palembang,POLSRI,Teknik atau rekayasa,"Fisika, Matematika Tingkat Lanjut, Matematika",10.0,0.0,10.0,0.0,0.0,0.0,D3
271022.0,POLITEKNIK NEGERI SRIWIJAYA,TEKNIK MESIN,Prov. Sumatera Selatan,Kota Palembang,POLSRI,Teknik atau rekayasa,"Fisika, Matematika Tingkat Lanjut, Matematika",87.0,0.0,87.0,0.0,0.0,0.0,D3
271023.0,POLITEKNIK NEGERI SRIWIJAYA,ADMINISTRASI BISNIS (KAMPU KAB.OGAN KOMERING ULU),Prov. Sumatera Selatan,Kota Palembang,POLSRI,Administrasi Bisnis,"Ekonomi, Matematika",10.0,0.0,10.0,0.0,0.0,0.0,D3
271024.0,POLITEKNIK NEGERI SRIWIJAYA,AKUNTANSI,Prov. Sumatera Selatan,Kota Palembang,POLSRI,Ilmu atau Sains Akuntansi,"Ekonomi, Matematika",87.0,0.0,87.0,0.0,0.0,0.0,D3
271025.0,POLITEKNIK NEGERI SRIWIJAYA,TEKNIK TELEKOMUNIKASI - D3,Prov. Sumatera Selatan,Kota Palembang,POLSRI,Teknik atau rekayasa,"Fisika, Matematika Tingkat Lanjut, Matematika",58.0,0.0,58.0,0.0,0.0,0.0,D3
271026.0,POLITEKNIK NEGERI SRIWIJAYA,TEKNIK LISTRIK,Prov. Sumatera Selatan,Kota Palembang,POLSRI,Teknik atau rekayasa,"Fisika, Matematika Tingkat Lanjut, Matematika",58.0,0.0,58.0,0.0,0.0,0.0,D3
271027.0,POLITEKNIK NEGERI SRIWIJAYA,TEKNOLOGI PANGAN,Prov. Sumatera Selatan,Kota Palembang,POLSRI,"Teknologi Pangan, Teknologi Hasil Pertanian/ Peternakan/ Perikanan","Kimia, Biologi, Matematika",20.0,0.0,20.0,0.0,0.0,0.0,D3
271028.0,POLITEKNIK NEGERI SRIWIJAYA,BAHASA INGGRIS,Prov. Sumatera Selatan,Kota Palembang,POLSRI,Susastra atau Sastra,"Bahasa Indonesia, Bahasa Inggris, Bahasa Asing Lainnya",48.0,0.0,48.0,0.0,0.0,0.0,D3
271029.0,POLITEKNIK NEGERI SRIWIJAYA,MANAJEMEN INFORMATIKA - D3,Prov. Sumatera Selatan,Kota Palembang,POLSRI,Ilmu atau Sains Informasi,"Matematika Tingkat Lanjut, Matematika",77.0,0.0,77.0,0.0,0.0,0.0,D3
271030.0,POLITEKNIK NEGERI SRIWIJAYA,TEKNIK SIPIL,Prov. Sumatera Selatan,Kota Palembang,POLSRI,Teknik atau rekayasa,"Fisika, Matematika Tingkat Lanjut, Matematika",87.0,0.0,87.0,0.0,0.0,0.0,D3
271031.0,POLITEKNIK NEGERI SRIWIJAYA,TEKNIK KIMIA,Prov. Sumatera Selatan,Kota Palembang,POLSRI,Teknik atau rekayasa,"Fisika, Matematika Tingkat Lanjut, Matematika",48.0,0.0,48.0,0.0,0.0,0.0,D3
271032.0,POLITEKNIK NEGERI SRIWIJAYA,ADMINISTRASI BISNIS,Prov. Sumatera Selatan,Kota Palembang,POLSRI,Administrasi Bisnis,"Ekonomi, Matematika",87.0,0.0,87.0,0.0,0.0,0.0,D3
271033.0,POLITEKNIK NEGERI SRIWIJAYA,ADMINISTRASI BISNIS KAMPUS BANYUASIN,Prov. Sumatera Selatan,Kota Palembang,POLSRI,Administrasi Bisnis,"Ekonomi, Matematika",10.0,0.0,10.0,0.0,0.0,0.0,D3
281001.0,POLITEKNIK MANUFAKTUR NEGERI BANGKA BELITUNG,TEKNIK MESIN DAN MANUFAKTUR,Prov. Kepulauan Bangka Belitung,Kab Bangka,POLMAN BABEL,Teknik atau rekayasa,"Fisika, Matematika Tingkat Lanjut, Matematika",24.0,63.0,24.0,77.0,490.59,83.28,D4
281002.0,POLITEKNIK MANUFAKTUR NEGERI BANGKA BELITUNG,TEKNIK ELEKTRONIKA - D4,Prov. Kepulauan Bangka Belitung,Kab Bangka,POLMAN BABEL,Teknik atau rekayasa,"Fisika, Matematika Tingkat Lanjut, Matematika",24.0,84.0,24.0,96.0,498.73,83.69,D4
281003.0,POLITEKNIK MANUFAKTUR NEGERI BANGKA BELITUNG,TEKNOLOGI REKAYASA PERANGKAT LUNAK,Prov. Kepulauan Bangka Belitung,Kab Bangka,POLMAN BABEL,Teknik atau rekayasa,"Fisika, Matematika Tingkat Lanjut, Matematika",24.0,88.0,24.0,97.0,526.37,85.07,D4
281004.0,POLITEKNIK MANUFAKTUR NEGERI BANGKA BELITUNG,TEKNIK PERAWATAN DAN PERBAIKAN MESIN,Prov. Kepulauan Bangka Belitung,Kab Bangka,POLMAN BABEL,Teknik atau rekayasa,"Fisika, Matematika Tingkat Lanjut, Matematika",24.0,0.0,24.0,0.0,0.0,0.0,D3
281005.0,POLITEKNIK MANUFAKTUR NEGERI BANGKA BELITUNG,TEKNIK ELEKTRONIKA - D3,Prov. Kepulauan Bangka Belitung,Kab Bangka,POLMAN BABEL,Teknik atau rekayasa,"Fisika, Matematika Tingkat Lanjut, Matematika",24.0,0.0,24.0,0.0,0.0,0.0,D3
281006.0,POLITEKNIK MANUFAKTUR NEGERI BANGKA BELITUNG,TEKNIK PERANCANGAN MEKANIK,Prov. Kepulauan Bangka Belitung,Kab Bangka,POLMAN BABEL,Teknik atau rekayasa,"Fisika, Matematika Tingkat Lanjut, Matematika",24.0,0.0,24.0,0.0,0.0,0.0,D3
281007.0,POLITEKNIK MANUFAKTUR NEGERI BANGKA BELITUNG,TEKNOLOGI REKAYASA PERANCANGAN MANUFAKTUR,Prov. Kepulauan Bangka Belitung,Kab Bangka,POLMAN BABEL,Teknik atau rekayasa,"Fisika, Matematika Tingkat Lanjut, Matematika",12.0,0.0,12.0,0.0,0.0,0.0,D4
291001.0,POLITEKNIK NEGERI LAMPUNG,TEKNOLOGI PERBENIHAN,Prov. Lampung,Kota Bandar Lampung,POLINELA,Ilmu dan Sains Pertanian,"Biologi, Matematika",42.0,26.0,53.0,20.0,487.89,83.14,D4
291002.0,POLITEKNIK NEGERI LAMPUNG,TEKNOLOGI PRODUKSI TANAMAN HORTIKULTURA,Prov. Lampung,Kota Bandar Lampung,POLINELA,Ilmu dan Sains Pertanian,"Biologi, Matematika",42.0,38.0,53.0,54.0,497.5,83.63,D4
291003.0,POLITEKNIK NEGERI LAMPUNG,PRODUKSI DAN MANAJEMEN INDUSTRI PERKEBUNAN,Prov. Lampung,Kota Bandar Lampung,POLINELA,Ilmu dan Sains Pertanian,"Biologi, Matematika",56.0,64.0,70.0,69.0,467.74,82.14,D4
291004.0,POLITEKNIK NEGERI LAMPUNG,TEKNOLOGI REKASAYA KIMIA INDUSTRI,Prov. Lampung,Kota Bandar Lampung,POLINELA,Kimia,"Kimia, Matematika",28.0,15.0,35.0,24.0,498.01,83.65,D4
291005.0,POLITEKNIK NEGERI LAMPUNG,TEKNOLOGI REKAYASA KONSTRUKSI JALAN DAN JEMBATAN,Prov. Lampung,Kota Bandar Lampung,POLINELA,Teknik atau rekayasa,"Fisika, Matematika Tingkat Lanjut, Matematika",28.0,8.0,35.0,36.0,494.22,83.46,D4
291006.0,POLITEKNIK NEGERI LAMPUNG,PENGEMBANGAN PRODUK AGRO INDUSTRI,Prov. Lampung,Kota Bandar Lampung,POLINELA,Ilmu dan Sains Pertanian,"Biologi, Matematika",42.0,21.0,53.0,13.0,504.98,84.0,D4
291007.0,POLITEKNIK NEGERI LAMPUNG,TEKNOLOGI PRODUKSI TERNAK,Prov. Lampung,Kota Bandar Lampung,POLINELA,Ilmu atau Sains Veteriner,"Biologi, Kimia, Matematika",42.0,23.0,53.0,73.0,467.17,82.11,D4
291008.0,POLITEKNIK NEGERI LAMPUNG,TEKNOLOGI PEMBENIHAN IKAN,Prov. Lampung,Kota Bandar Lampung,POLINELA,Ilmu atau Sains Perikanan,"Biologi, Matematika",42.0,41.0,53.0,31.0,495.34,83.52,D4
291009.0,POLITEKNIK NEGERI LAMPUNG,AGROBISNIS PANGAN,Prov. Lampung,Kota Bandar Lampung,POLINELA,Ilmu dan Sains Pertanian,"Biologi, Matematika",56.0,61.0,70.0,53.0,494.1,83.46,D4
291010.0,POLITEKNIK NEGERI LAMPUNG,PENGELOLAAN PERKEBUNAN KOPI,Prov. Lampung,Kota Bandar Lampung,POLINELA,Sains Perkopian,"Biologi, Matematika",28.0,1.0,35.0,8.0,484.5,82.98,D4
291011.0,POLITEKNIK NEGERI LAMPUNG,PENGELOLAAN AGRIBISNIS,Prov. Lampung,Kota Bandar Lampung,POLINELA,Ilmu dan Sains Pertanian,"Biologi, Matematika",56.0,0.0,70.0,53.0,500.47,83.77,D4
291012.0,POLITEKNIK NEGERI LAMPUNG,AKUNTANSI PERPAJAKAN,Prov. Lampung,Kota Bandar Lampung,POLINELA,Ilmu atau Sains Akuntansi,"Ekonomi, Matematika",56.0,146.0,70.0,178.0,503.94,83.95,D4
291014.0,POLITEKNIK NEGERI LAMPUNG,PENGELOLAAN PERHOTELAN,Prov. Lampung,Kota Bandar Lampung,POLINELA,Ilmu atau Sains Komunikasi,"Sosiologi, Bahasa Indonesia, Antropologi",42.0,53.0,53.0,59.0,487.71,83.14,D4
291015.0,POLITEKNIK NEGERI LAMPUNG,AKUNTANSI BISNIS DIGITAL,Prov. Lampung,Kota Bandar Lampung,POLINELA,Bisnis,"Ekonomi, Matematika",56.0,0.0,70.0,101.0,483.26,82.91,D4
291016.0,POLITEKNIK NEGERI LAMPUNG,PERJALANAN WISATA,Prov. Lampung,Kota Bandar Lampung,POLINELA,Pariwisata,"Ekonomi, Matematika",56.0,0.0,70.0,0.0,0.0,0.0,D3
291017.0,POLITEKNIK NEGERI LAMPUNG,TEKNOLOGI PANGAN,Prov. Lampung,Kota Bandar Lampung,POLINELA,"Teknologi Pangan, Teknologi Hasil Pertanian/ Peternakan/ Perikanan","Kimia, Biologi, Matematika",42.0,0.0,53.0,0.0,0.0,0.0,D3
291018.0,POLITEKNIK NEGERI LAMPUNG,TEKNIK SUMBERDAYA LAHAN DAN LINGKUNGAN,Prov. Lampung,Kota Bandar Lampung,POLINELA,Ilmu atau Sains Lingkungan,"Biologi, Matematika",28.0,0.0,35.0,0.0,0.0,0.0,D3
291019.0,POLITEKNIK NEGERI LAMPUNG,PRODUKSI TANAMAN PANGAN,Prov. Lampung,Kota Bandar Lampung,POLINELA,Ilmu dan Sains Pertanian,"Biologi, Matematika",42.0,0.0,53.0,0.0,0.0,0.0,D3
291020.0,POLITEKNIK NEGERI LAMPUNG,MEKANISASI PERTANIAN,Prov. Lampung,Kota Bandar Lampung,POLINELA,Ilmu dan Sains Pertanian,"Biologi, Matematika",28.0,0.0,35.0,0.0,0.0,0.0,D3
291022.0,POLITEKNIK NEGERI LAMPUNG,PERIKANAN TANGKAP,Prov. Lampung,Kota Bandar Lampung,POLINELA,Ilmu atau Sains Perikanan,"Biologi, Matematika",28.0,0.0,35.0,0.0,0.0,0.0,D3
291023.0,POLITEKNIK NEGERI LAMPUNG,HORTIKULTURA,Prov. Lampung,Kota Bandar Lampung,POLINELA,"Bioteknologi, Biokewirausaha an, Bioinformatika","Biologi, Matematika",42.0,0.0,53.0,0.0,0.0,0.0,D3
291024.0,POLITEKNIK NEGERI LAMPUNG,MANAJEMEN INFORMATIKA,Prov. Lampung,Kota Bandar Lampung,POLINELA,Ilmu atau Sains Informasi,"Matematika Tingkat Lanjut, Matematika",70.0,0.0,88.0,0.0,0.0,0.0,D3
291025.0,POLITEKNIK NEGERI LAMPUNG,PRODUKSI TANAMAN PERKEBUNAN,Prov. Lampung,Kota Bandar Lampung,POLINELA,Ilmu dan Sains Pertanian,"Biologi, Matematika",56.0,0.0,70.0,0.0,0.0,0.0,D3
291026.0,POLITEKNIK NEGERI LAMPUNG,BUDIDAYA PERIKANAN,Prov. Lampung,Kota Bandar Lampung,POLINELA,Ilmu atau Sains Perikanan,"Biologi, Matematika",43.0,0.0,52.0,0.0,0.0,0.0,D3
291028.0,POLITEKNIK NEGERI LAMPUNG,PRODUKSI TERNAK,Prov. Lampung,Kota Bandar Lampung,POLINELA,Peternakan,"Biologi, Matematika",56.0,0.0,70.0,0.0,0.0,0.0,D3
291029.0,POLITEKNIK NEGERI LAMPUNG,TEKNOLOGI PAKAN TERNAK,Prov. Lampung,Kota Bandar Lampung,POLINELA,Peternakan,"Biologi, Matematika",14.0,0.0,18.0,0.0,0.0,0.0,D4
291030.0,POLITEKNIK NEGERI LAMPUNG,TEKNOLOGI REKAYASA INTERNET,Prov. Lampung,Kota Bandar Lampung,POLINELA,Teknik atau rekayasa,"Fisika, Matematika Tingkat Lanjut, Matematika",14.0,0.0,18.0,0.0,0.0,0.0,D4
311001.0,UNIVERSITAS SULTAN AGENG TIRTAYASA,TEKNIK MESIN,Prov. Banten,Kota Serang,UNTIRTA,Teknik atau rekayasa,"Fisika, Matematika Tingkat Lanjut, Matematika",40.0,398.0,88.0,311.0,611.43,89.32,S1
311002.0,UNIVERSITAS SULTAN AGENG TIRTAYASA,TEKNIK ELEKTRO,Prov. Banten,Kota Serang,UNTIRTA,Teknik atau rekayasa,"Fisika, Matematika Tingkat Lanjut, Matematika",40.0,389.0,88.0,323.0,614.51,89.48,S1
311003.0,UNIVERSITAS SULTAN AGENG TIRTAYASA,TEKNIK INDUSTRI,Prov. Banten,Kota Serang,UNTIRTA,Teknik atau rekayasa,"Fisika, Matematika Tingkat Lanjut, Matematika",40.0,1078.0,88.0,809.0,614.15,89.46,S1
311004.0,UNIVERSITAS SULTAN AGENG TIRTAYASA,TEKNIK METALURGI,Prov. Banten,Kota Serang,UNTIRTA,Teknik atau rekayasa,"Fisika, Matematika Tingkat Lanjut, Matematika",40.0,362.0,88.0,363.0,612.33,89.37,S1
311005.0,UNIVERSITAS SULTAN AGENG TIRTAYASA,TEKNIK KIMIA,Prov. Banten,Kota Serang,UNTIRTA,Teknik atau rekayasa,"Fisika, Matematika Tingkat Lanjut, Matematika",40.0,361.0,88.0,314.0,620.21,89.76,S1
311006.0,UNIVERSITAS SULTAN AGENG TIRTAYASA,TEKNIK SIPIL,Prov. Banten,Kota Serang,UNTIRTA,Teknik atau rekayasa,"Fisika, Matematika Tingkat Lanjut, Matematika",40.0,447.0,88.0,540.0,635.89,90.54,S1
311007.0,UNIVERSITAS SULTAN AGENG TIRTAYASA,AGROBISNIS,Prov. Banten,Kota Serang,UNTIRTA,Ilmu dan Sains Pertanian,"Biologi, Matematika",70.0,785.0,154.0,633.0,544.25,85.96,S1
311008.0,UNIVERSITAS SULTAN AGENG TIRTAYASA,AGROEKOTEKNOLOGI,Prov. Banten,Kota Serang,UNTIRTA,Ilmu dan Sains Pertanian,"Biologi, Matematika",60.0,389.0,132.0,346.0,551.88,86.34,S1
311009.0,UNIVERSITAS SULTAN AGENG TIRTAYASA,PERIKANAN,Prov. Banten,Kota Serang,UNTIRTA,Ilmu atau Sains Perikanan,"Biologi, Matematika",50.0,186.0,110.0,195.0,531.4,85.32,S1
311010.0,UNIVERSITAS SULTAN AGENG TIRTAYASA,PENDIDIKAN BIOLOGI,Prov. Banten,Kota Serang,UNTIRTA,Pendidikan Biologi,Biologi,40.0,444.0,88.0,332.0,535.9,85.55,S1
311011.0,UNIVERSITAS SULTAN AGENG TIRTAYASA,PENDIDIKAN MATEMATIKA,Prov. Banten,Kota Serang,UNTIRTA,Pendidikan Teknik,"Fisika, Matematika Tingkat Lanjut, Matematika",40.0,346.0,88.0,249.0,548.2,86.16,S1
311012.0,UNIVERSITAS SULTAN AGENG TIRTAYASA,PENDIDIKAN VOKASIONAL TEKNIK ELEKTRO,Prov. Banten,Kota Serang,UNTIRTA,Pendidikan Teknik,"Fisika, Matematika Tingkat Lanjut, Matematika",20.0,67.0,44.0,68.0,539.64,85.73,S1
311013.0,UNIVERSITAS SULTAN AGENG TIRTAYASA,PENDIDIKAN VOKASIONAL TEKNIK MESIN,Prov. Banten,Kota Serang,UNTIRTA,Pendidikan Teknik,"Fisika, Matematika Tingkat Lanjut, Matematika",20.0,74.0,44.0,45.0,542.01,85.85,S1
311014.0,UNIVERSITAS SULTAN AGENG TIRTAYASA,PENDIDIKAN FISIKA,Prov. Banten,Kota Serang,UNTIRTA,Pendidikan Fisika,Fisika,20.0,144.0,44.0,79.0,539.88,85.74,S1
311015.0,UNIVERSITAS SULTAN AGENG TIRTAYASA,PENDIDIKAN KIMIA,Prov. Banten,Kota Serang,UNTIRTA,Pendidikan Kimia,Kimia,30.0,155.0,66.0,117.0,541.31,85.82,S1
311016.0,UNIVERSITAS SULTAN AGENG TIRTAYASA,PENDIDIKAN IPA,Prov. Banten,Kota Serang,UNTIRTA,Pendidikan IPA,"Matematika, Biologi",20.0,262.0,44.0,179.0,531.59,85.33,S1
311017.0,UNIVERSITAS SULTAN AGENG TIRTAYASA,TEKNOLOGI PANGAN,Prov. Banten,Kota Serang,UNTIRTA,"Teknologi Pangan, Teknologi Hasil Pertanian/ Peternakan/ Perikanan","Kimia, Biologi, Matematika",40.0,539.0,88.0,540.0,601.62,88.83,S1
311018.0,UNIVERSITAS SULTAN AGENG TIRTAYASA,ILMU KEOLAHRAGAAN,Prov. Banten,Kota Serang,UNTIRTA,Ilmu atau Sains Keolahragaan,"PJOK, Biologi",10.0,45.0,22.0,70.0,508.61,84.18,S1
311019.0,UNIVERSITAS SULTAN AGENG TIRTAYASA,ILMU GIZI,Prov. Banten,Kota Serang,UNTIRTA,Ilmu atau Sains Gizi,"Biologi, Kimia, Matematika",10.0,644.0,22.0,541.0,595.81,88.54,S1
311020.0,UNIVERSITAS SULTAN AGENG TIRTAYASA,KEDOKTERAN,Prov. Banten,Kota Serang,UNTIRTA,Ilmu atau Sains Kedokteran,"Biologi, Kimia, Matematika",12.0,708.0,28.0,958.0,657.93,91.65,S1
311021.0,UNIVERSITAS SULTAN AGENG TIRTAYASA,INFORMATIKA,Prov. Banten,Kota Serang,UNTIRTA,Ilmu atau Sains Informasi,"Matematika Tingkat Lanjut, Matematika",30.0,127.0,66.0,871.0,646.74,91.09,S1
311022.0,UNIVERSITAS SULTAN AGENG TIRTAYASA,KEPERAWATAN - S1,Prov. Banten,Kota Serang,UNTIRTA,Keperawatan,"Biologi, Matematika",10.0,984.0,22.0,710.0,593.83,88.44,S1
311023.0,UNIVERSITAS SULTAN AGENG TIRTAYASA,ILMU KELAUTAN,Prov. Banten,Kota Serang,UNTIRTA,Ilmu atau Sains Kelautan,"Biologi, Matematika, Geografi",20.0,74.0,44.0,125.0,520.54,84.78,S1
311024.0,UNIVERSITAS SULTAN AGENG TIRTAYASA,HUKUM,Prov. Banten,Kota Serang,UNTIRTA,Hukum,"Sosiologi, Pendidikan Pancasila",150.0,1229.0,330.0,1173.0,612.11,89.36,S1
311025.0,UNIVERSITAS SULTAN AGENG TIRTAYASA,MANAJEMEN,Prov. Banten,Kota Serang,UNTIRTA,Ilmu atau Sains Manajemen,"Ekonomi, Matematika",45.0,2003.0,99.0,1473.0,636.27,90.56,S1
311026.0,UNIVERSITAS SULTAN AGENG TIRTAYASA,AKUNTANSI - S1,Prov. Banten,Kota Serang,UNTIRTA,Ilmu atau Sains Akuntansi,"Ekonomi, Matematika",45.0,1023.0,99.0,757.0,643.76,90.94,S1
311027.0,UNIVERSITAS SULTAN AGENG TIRTAYASA,EKONOMI PEMBANGUNAN,Prov. Banten,Kota Serang,UNTIRTA,Ekonomi,"Ekonomi, Matematika",30.0,316.0,66.0,424.0,622.07,89.85,S1
311028.0,UNIVERSITAS SULTAN AGENG TIRTAYASA,ADMINISTRASI PUBLIK,Prov. Banten,Kota Serang,UNTIRTA,Administrasi Bisnis,"Ekonomi, Matematika",60.0,1095.0,132.0,817.0,635.14,90.51,S1
311029.0,UNIVERSITAS SULTAN AGENG TIRTAYASA,ILMU KOMUNIKASI,Prov. Banten,Kota Serang,UNTIRTA,Ilmu atau Sains Komunikasi,"Sosiologi, Bahasa Indonesia, Antropologi",70.0,2111.0,154.0,1608.0,630.63,90.28,S1
311030.0,UNIVERSITAS SULTAN AGENG TIRTAYASA,PENDIDIKAN NON FORMAL,Prov. Banten,Kota Serang,UNTIRTA,Pendidikan,"Matetmatika, Bahasa Indonesia",30.0,106.0,66.0,100.0,534.67,85.48,S1
311031.0,UNIVERSITAS SULTAN AGENG TIRTAYASA,PENDIDIKAN BAHASA INDONESIA,Prov. Banten,Kota Serang,UNTIRTA,Pendidikan Bahasa Indonesia,Bahasa Indonesia,40.0,549.0,88.0,356.0,537.78,85.64,S1
311032.0,UNIVERSITAS SULTAN AGENG TIRTAYASA,PENDIDIKAN BAHASA INGGRIS,Prov. Banten,Kota Serang,UNTIRTA,Pendidikan Bahasa Inggris,Bahasa Inggris,40.0,655.0,88.0,438.0,599.97,88.75,S1
311033.0,UNIVERSITAS SULTAN AGENG TIRTAYASA,PENDIDIKAN GURU SD,Prov. Banten,Kota Serang,UNTIRTA,Pendidikan SD,"Matematika, Bahasa Indonesia",30.0,811.0,66.0,673.0,539.21,85.71,S1
311034.0,UNIVERSITAS SULTAN AGENG TIRTAYASA,PENDIDIKAN GURU PAUD,Prov. Banten,Kota Serang,UNTIRTA,Pendidikan PAUD,"Matematika, Bahasa Indonesia",30.0,258.0,66.0,174.0,532.85,85.39,S1
311035.0,UNIVERSITAS SULTAN AGENG TIRTAYASA,EKONOMI SYARIAH,Prov. Banten,Kota Serang,UNTIRTA,Ekonomi,"Ekonomi, Matematika",30.0,419.0,66.0,324.0,598.67,88.68,S1
311036.0,UNIVERSITAS SULTAN AGENG TIRTAYASA,PENDIDIKAN SOSIOLOGI,Prov. Banten,Kota Serang,UNTIRTA,Pendidikan Sosiologi,Sosiologi,20.0,389.0,44.0,326.0,536.46,85.57,S1
311037.0,UNIVERSITAS SULTAN AGENG TIRTAYASA,PENDIDIKAN SEJARAH,Prov. Banten,Kota Serang,UNTIRTA,Pendidikan Sejarah,Sejarah,20.0,200.0,44.0,205.0,532.64,85.38,S1
311038.0,UNIVERSITAS SULTAN AGENG TIRTAYASA,PENDIDIKAN PANCASILA DAN KEWARGANEGARAAN,Prov. Banten,Kota Serang,UNTIRTA,Pendidikan Pancasila,Pendidikan Pancasila,20.0,194.0,44.0,163.0,535.47,85.52,S1
311039.0,UNIVERSITAS SULTAN AGENG TIRTAYASA,PENDIDIKAN SENI PERTUNJUKAN,Prov. Banten,Kota Serang,UNTIRTA,Pendidikan Seni,Seni Budaya,20.0,23.0,44.0,32.0,521.7,84.84,S1
311040.0,UNIVERSITAS SULTAN AGENG TIRTAYASA,PENDIDIKAN BIMBINGAN DAN KONSELING,Prov. Banten,Kota Serang,UNTIRTA,Psikologi,"Sosiologi, Matematika",20.0,779.0,44.0,603.0,531.48,85.32,S1
311041.0,UNIVERSITAS SULTAN AGENG TIRTAYASA,PENDIDIKAN KHUSUS,Prov. Banten,Kota Serang,UNTIRTA,Pendidikan,"Matematika, Bahasa Indonesia",20.0,89.0,44.0,85.0,531.22,85.31,S1
311042.0,UNIVERSITAS SULTAN AGENG TIRTAYASA,ILMU PEMERINTAHAN,Prov. Banten,Kota Serang,UNTIRTA,Urusan Publik,"Sosiologi, Pendidikan Pancasila",50.0,592.0,110.0,693.0,598.56,88.68,S1
311043.0,UNIVERSITAS SULTAN AGENG TIRTAYASA,KEPERAWATAN - D3,Prov. Banten,Kota Serang,UNTIRTA,Keperawatan,"Biologi, Matematika",17.0,0.0,39.0,0.0,0.0,0.0,D3
311044.0,UNIVERSITAS SULTAN AGENG TIRTAYASA,AKUNTANSI - D3,Prov. Banten,Kota Serang,UNTIRTA,Ilmu atau Sains Akuntansi,"Ekonomi, Matematika",22.0,0.0,50.0,0.0,0.0,0.0,D3
311045.0,UNIVERSITAS SULTAN AGENG TIRTAYASA,PERBANKAN DAN KEUANGAN,Prov. Banten,Kota Serang,UNTIRTA,Ilmu atau Sains Akuntansi,"Ekonomi, Matematika",22.0,0.0,50.0,0.0,0.0,0.0,D3
311047.0,UNIVERSITAS SULTAN AGENG TIRTAYASA,MANAJEMEN PEMASARAN,Prov. Banten,Kota Serang,UNTIRTA,Ilmu atau Sains Manajemen,"Ekonomi, Matematika",22.0,0.0,50.0,0.0,0.0,0.0,D3
311048.0,UNIVERSITAS SULTAN AGENG TIRTAYASA,PERPAJAKAN,Prov. Banten,Kota Serang,UNTIRTA,Ilmu atau Sains Akuntansi,"Ekonomi, Matematika",22.0,0.0,50.0,0.0,0.0,0.0,D3
311049.0,UNIVERSITAS SULTAN AGENG TIRTAYASA,PETERNAKAN,Prov. Banten,Kota Serang,UNTIRTA,Peternakan,"Biologi, Matematika",10.0,0.0,22.0,0.0,0.0,0.0,S1
312001.0,UNIVERSITAS ISLAM NEGERI SULTAN MAULANA HASANUDDIN BANTEN,FISIKA,Prov. Banten,Kota Serang,UIN SHM,Fisika,"Fisika, Matematika",21.0,0.0,28.0,0.0,0.0,0.0,S1
312002.0,UNIVERSITAS ISLAM NEGERI SULTAN MAULANA HASANUDDIN BANTEN,BIOLOGI,Prov. Banten,Kota Serang,UIN SHM,Biologi,"Biologi, Matematika",21.0,0.0,28.0,0.0,0.0,0.0,S1
321001.0,UNIVERSITAS INDONESIA,KEDOKTERAN,Prov. Jawa Barat,Kota Depok,UI,Ilmu atau Sains Kedokteran,"Biologi, Kimia, Matematika",50.0,1242.0,75.0,2861.0,736.63,95.58,S1
321002.0,UNIVERSITAS INDONESIA,KEDOKTERAN GIGI,Prov. Jawa Barat,Kota Depok,UI,Ilmu atau Sains Kedokteran Gigi,"Biologi, Kimia, Matematika",31.0,344.0,47.0,700.0,670.63,92.28,S1
321003.0,UNIVERSITAS INDONESIA,MATEMATIKA,Prov. Jawa Barat,Kota Depok,UI,Matematika,"Matematika Tingkat Lanjut, Matematika",20.0,176.0,30.0,290.0,678.63,92.68,S1
321004.0,UNIVERSITAS INDONESIA,FISIKA,Prov. Jawa Barat,Kota Depok,UI,Fisika,"Fisika, Matematika",28.0,93.0,42.0,154.0,579.17,87.71,S1
321005.0,UNIVERSITAS INDONESIA,KIMIA,Prov. Jawa Barat,Kota Depok,UI,Kimia,"Kimia, Matematika",28.0,126.0,42.0,200.0,594.53,88.48,S1
321006.0,UNIVERSITAS INDONESIA,BIOLOGI,Prov. Jawa Barat,Kota Depok,UI,Biologi,"Biologi, Matematika",28.0,187.0,42.0,291.0,605.66,89.03,S1
321007.0,UNIVERSITAS INDONESIA,FARMASI,Prov. Jawa Barat,Kota Depok,UI,Ilmu Farmasi,"Biologi, Kimia, Matematika",30.0,370.0,45.0,755.0,675.21,92.51,S1
321008.0,UNIVERSITAS INDONESIA,GEOGRAFI,Prov. Jawa Barat,Kota Depok,UI,"Geografi, Geografi Lingkungan, Sains Informasi Geografi","Geografi, Matematika, Fisika",28.0,121.0,42.0,263.0,602.39,88.87,S1
321009.0,UNIVERSITAS INDONESIA,TEKNIK SIPIL,Prov. Jawa Barat,Kota Depok,UI,Teknik atau rekayasa,"Fisika, Matematika Tingkat Lanjut, Matematika",36.0,247.0,53.0,486.0,672.71,92.39,S1
321010.0,UNIVERSITAS INDONESIA,TEKNIK MESIN,Prov. Jawa Barat,Kota Depok,UI,Teknik atau rekayasa,"Fisika, Matematika Tingkat Lanjut, Matematika",33.0,158.0,50.0,394.0,667.92,92.15,S1
321011.0,UNIVERSITAS INDONESIA,TEKNIK ELEKTRO,Prov. Jawa Barat,Kota Depok,UI,Teknik atau rekayasa,"Fisika, Matematika Tingkat Lanjut, Matematika",40.0,214.0,60.0,417.0,668.25,92.16,S1
321012.0,UNIVERSITAS INDONESIA,TEKNIK METALURGI DAN MATERIAL,Prov. Jawa Barat,Kota Depok,UI,Teknik atau rekayasa,"Fisika, Matematika Tingkat Lanjut, Matematika",36.0,197.0,53.0,294.0,676.85,92.59,S1
321013.0,UNIVERSITAS INDONESIA,ARSITEKTUR,Prov. Jawa Barat,Kota Depok,UI,Arsitektur,"Matematika, Fisika",26.0,259.0,39.0,592.0,614.44,89.47,S1
321014.0,UNIVERSITAS INDONESIA,TEKNIK KIMIA,Prov. Jawa Barat,Kota Depok,UI,Teknik atau rekayasa,"Fisika, Matematika Tingkat Lanjut, Matematika",34.0,191.0,50.0,280.0,668.46,92.17,S1
321015.0,UNIVERSITAS INDONESIA,KEPERAWATAN,Prov. Jawa Barat,Kota Depok,UI,Keperawatan,"Biologi, Matematika",42.0,364.0,63.0,775.0,610.15,89.26,S1
321016.0,UNIVERSITAS INDONESIA,ILMU KOMPUTER,Prov. Jawa Barat,Kota Depok,UI,Komputer,"Matematika Tingkat Lanjut, Matematika",48.0,684.0,72.0,1642.0,701.07,93.8,S1
321017.0,UNIVERSITAS INDONESIA,KESEHATAN MASYARAKAT,Prov. Jawa Barat,Kota Depok,UI,Kesehatan Masyarakat,"Biologi, Matematika, Sosiologi",42.0,370.0,63.0,846.0,606.84,89.09,S1
321018.0,UNIVERSITAS INDONESIA,TEKNIK INDUSTRI,Prov. Jawa Barat,Kota Depok,UI,Teknik atau rekayasa,"Fisika, Matematika Tingkat Lanjut, Matematika",47.0,382.0,70.0,805.0,670.98,92.3,S1
321019.0,UNIVERSITAS INDONESIA,TEKNIK PERKAPALAN,Prov. Jawa Barat,Kota Depok,UI,Teknik atau rekayasa,"Fisika, Matematika Tingkat Lanjut, Matematika",22.0,90.0,32.0,219.0,659.15,91.71,S1
321020.0,UNIVERSITAS INDONESIA,TEKNIK LINGKUNGAN,Prov. Jawa Barat,Kota Depok,UI,Ilmu atau Sains Lingkungan,"Biologi, Matematika",25.0,193.0,37.0,300.0,665.09,92.0,S1
321021.0,UNIVERSITAS INDONESIA,TEKNIK KOMPUTER,Prov. Jawa Barat,Kota Depok,UI,Komputer,"Matematika Tingkat Lanjut, Matematika",25.0,275.0,37.0,606.0,664.66,91.98,S1
321022.0,UNIVERSITAS INDONESIA,SISTEM INFORMASI,Prov. Jawa Barat,Kota Depok,UI,Ilmu atau Sains Informasi,"Matematika Tingkat Lanjut, Matematika",48.0,621.0,72.0,1544.0,674.21,92.46,S1
321023.0,UNIVERSITAS INDONESIA,ARSITEKTUR INTERIOR,Prov. Jawa Barat,Kota Depok,UI,Arsitektur,"Matematika, Fisika",14.0,191.0,20.0,367.0,676.75,92.59,S1
321024.0,UNIVERSITAS INDONESIA,TEKNOLOGI BIOPROSES,Prov. Jawa Barat,Kota Depok,UI,"Bioteknologi, Biokewirausaha an, Bioinformatika","Biologi, Matematika",14.0,114.0,20.0,126.0,575.03,87.5,S1
321025.0,UNIVERSITAS INDONESIA,ILMU GIZI,Prov. Jawa Barat,Kota Depok,UI,Ilmu atau Sains Gizi,"Biologi, Kimia, Matematika",13.0,249.0,20.0,495.0,661.41,91.82,S1
321026.0,UNIVERSITAS INDONESIA,KESEHATAN LINGKUNGAN,Prov. Jawa Barat,Kota Depok,UI,Ilmu atau Sains Lingkungan,"Biologi, Matematika",12.0,163.0,18.0,252.0,578.85,87.69,S1
321027.0,UNIVERSITAS INDONESIA,KESELAMATAN DAN KESEHATAN KERJA,Prov. Jawa Barat,Kota Depok,UI,Kesehatan,"Biologi, Matematika",12.0,228.0,18.0,434.0,589.01,88.2,S1
321028.0,UNIVERSITAS INDONESIA,GEOFISIKA,Prov. Jawa Barat,Kota Depok,UI,Ilmu atau Sains Kebumian,"Fisika, Matematika Tingkat Lanjut, Matematika",17.0,108.0,26.0,171.0,592.94,88.4,S1
321029.0,UNIVERSITAS INDONESIA,GEOLOGI,Prov. Jawa Barat,Kota Depok,UI,Ilmu atau Sains Kebumian,"Fisika, Matematika Tingkat Lanjut, Matematika",17.0,129.0,26.0,176.0,610.28,89.26,S1
321030.0,UNIVERSITAS INDONESIA,STATISTIK,Prov. Jawa Barat,Kota Depok,UI,Sains Data,"Matematika Tingkat Lanjut, Matematika",17.0,199.0,26.0,341.0,665.84,92.04,S1
321031.0,UNIVERSITAS INDONESIA,AKTUARIA - S1,Prov. Jawa Barat,Kota Depok,UI,Sains Data,"Matematika Tingkat Lanjut, Matematika",17.0,270.0,26.0,336.0,691.89,93.34,S1
321032.0,UNIVERSITAS INDONESIA,TEKNIK BIOMEDIS,Prov. Jawa Barat,Kota Depok,UI,Teknik atau rekayasa,"Fisika, Matematika Tingkat Lanjut, Matematika",9.0,172.0,14.0,357.0,670.76,92.29,S1
321033.0,UNIVERSITAS INDONESIA,HUKUM,Prov. Jawa Barat,Kota Depok,UI,Hukum,"Sosiologi, Pendidikan Pancasila",110.0,1006.0,165.0,2641.0,672.48,92.37,S1
321034.0,UNIVERSITAS INDONESIA,ARKEOLOGI INDONESIA,Prov. Jawa Barat,Kota Depok,UI,Sejarah,Sejarah,16.0,106.0,24.0,251.0,607.83,89.14,S1
321035.0,UNIVERSITAS INDONESIA,SEJARAH,Prov. Jawa Barat,Kota Depok,UI,Sejarah,Sejarah,16.0,149.0,24.0,281.0,599.01,88.7,S1
321036.0,UNIVERSITAS INDONESIA,PSIKOLOGI,Prov. Jawa Barat,Kota Depok,UI,Psikologi,"Sosiologi, Matematika",66.0,951.0,99.0,2651.0,673.9,92.45,S1
321037.0,UNIVERSITAS INDONESIA,ILMU KOMUNIKASI,Prov. Jawa Barat,Kota Depok,UI,Ilmu atau Sains Komunikasi,"Sosiologi, Bahasa Indonesia, Antropologi",36.0,696.0,54.0,198.0,665.89,92.04,S1
321038.0,UNIVERSITAS INDONESIA,ILMU POLITIK,Prov. Jawa Barat,Kota Depok,UI,Sosial,"Sosiologi, Sejarah, Antropologi",16.0,228.0,24.0,579.0,613.9,89.45,S1
321039.0,UNIVERSITAS INDONESIA,ADMINISTRASI NEGARA,Prov. Jawa Barat,Kota Depok,UI,Administrasi Bisnis,"Ekonomi, Matematika",36.0,338.0,54.0,653.0,659.63,91.73,S1
321040.0,UNIVERSITAS INDONESIA,KRIMINOLOGI,Prov. Jawa Barat,Kota Depok,UI,Sosial,"Sosiologi, Sejarah, Antropologi",12.0,566.0,18.0,1292.0,650.8,91.29,S1
321041.0,UNIVERSITAS INDONESIA,SOSIOLOGI,Prov. Jawa Barat,Kota Depok,UI,Studi Humanitas,"Sosiologi, Pendidikan Pancasila, Antropologi",16.0,248.0,24.0,561.0,650.62,91.28,S1
321042.0,UNIVERSITAS INDONESIA,ILMU KESEJAHTERAAN SOSIAL,Prov. Jawa Barat,Kota Depok,UI,Studi Humanitas,"Sosiologi, Pendidikan Pancasila, Antropologi",16.0,262.0,24.0,682.0,619.88,89.74,S1
321043.0,UNIVERSITAS INDONESIA,ANTROPOLOGI SOSIAL,Prov. Jawa Barat,Kota Depok,UI,Studi Humanitas,"Sosiologi, Pendidikan Pancasila, Antropologi",16.0,149.0,24.0,234.0,612.21,89.36,S1
321044.0,UNIVERSITAS INDONESIA,EKONOMI,Prov. Jawa Barat,Kota Depok,UI,Ekonomi,"Ekonomi, Matematika",39.0,295.0,59.0,726.0,684.98,93.0,S1
321045.0,UNIVERSITAS INDONESIA,ADMINISTRASI BISNIS,Prov. Jawa Barat,Kota Depok,UI,Administrasi Bisnis,"Ekonomi, Matematika",36.0,339.0,54.0,909.0,656.85,91.59,S1
321046.0,UNIVERSITAS INDONESIA,ADMINISTRASI FISKAL,Prov. Jawa Barat,Kota Depok,UI,Administrasi Bisnis,"Ekonomi, Matematika",36.0,292.0,54.0,908.0,664.79,91.99,S1
321047.0,UNIVERSITAS INDONESIA,MANAJEMEN,Prov. Jawa Barat,Kota Depok,UI,Ilmu atau Sains Manajemen,"Ekonomi, Matematika",71.0,912.0,107.0,2316.0,675.95,92.55,S1
321048.0,UNIVERSITAS INDONESIA,AKUNTANSI - S1,Prov. Jawa Barat,Kota Depok,UI,Ilmu atau Sains Akuntansi,"Ekonomi, Matematika",63.0,694.0,95.0,157.0,683.84,92.94,S1
321049.0,UNIVERSITAS INDONESIA,HUBUNGAN INTERNASIONAL,Prov. Jawa Barat,Kota Depok,UI,Ilmu atau Sains Komunikasi,"Sosiologi, Bahasa Indonesia, Antropologi",12.0,444.0,18.0,1091.0,679.4,92.72,S1
321050.0,UNIVERSITAS INDONESIA,PERPUSTAKAAN,Prov. Jawa Barat,Kota Depok,UI,Ilmu atau Sains Komunikasi,"Sosiologi, Bahasa Indonesia, Antropologi",16.0,156.0,24.0,472.0,607.81,89.14,S1
321051.0,UNIVERSITAS INDONESIA,FILSAFAT,Prov. Jawa Barat,Kota Depok,UI,Filsafat,"Sosiologi, Sejarah, Antropologi",16.0,116.0,24.0,344.0,605.58,89.03,S1
321052.0,UNIVERSITAS INDONESIA,SASTRA INDONESIA,Prov. Jawa Barat,Kota Depok,UI,Susastra atau Sastra,"Bahasa Indonesia, Bahasa Inggris, Bahasa Asing Lainnya",16.0,168.0,24.0,353.0,603.29,88.91,S1
321053.0,UNIVERSITAS INDONESIA,SASTRA DAERAH UNTUK SASTRA JAWA,Prov. Jawa Barat,Kota Depok,UI,Susastra atau Sastra,"Bahasa Indonesia, Bahasa Inggris, Bahasa Asing Lainnya",16.0,38.0,24.0,128.0,601.05,88.8,S1
321054.0,UNIVERSITAS INDONESIA,SASTRA JEPANG,Prov. Jawa Barat,Kota Depok,UI,Susastra atau Sastra,"Bahasa Indonesia, Bahasa Inggris, Bahasa Asing Lainnya",16.0,172.0,24.0,553.0,650.91,91.3,S1
321055.0,UNIVERSITAS INDONESIA,SASTRA CINA,Prov. Jawa Barat,Kota Depok,UI,Susastra atau Sastra,"Bahasa Indonesia, Bahasa Inggris, Bahasa Asing Lainnya",16.0,146.0,24.0,295.0,605.14,89.01,S1
321056.0,UNIVERSITAS INDONESIA,SASTRA ARAB,Prov. Jawa Barat,Kota Depok,UI,Susastra atau Sastra,"Bahasa Indonesia, Bahasa Inggris, Bahasa Asing Lainnya",16.0,154.0,24.0,361.0,607.93,89.15,S1
321057.0,UNIVERSITAS INDONESIA,SASTRA PERANCIS,Prov. Jawa Barat,Kota Depok,UI,Susastra atau Sastra,"Bahasa Indonesia, Bahasa Inggris, Bahasa Asing Lainnya",11.0,85.0,17.0,189.0,598.68,88.68,S1
321058.0,UNIVERSITAS INDONESIA,SASTRA INGGRIS,Prov. Jawa Barat,Kota Depok,UI,Susastra atau Sastra,"Bahasa Indonesia, Bahasa Inggris, Bahasa Asing Lainnya",16.0,275.0,24.0,826.0,648.45,91.17,S1
321059.0,UNIVERSITAS INDONESIA,SASTRA JERMAN,Prov. Jawa Barat,Kota Depok,UI,Susastra atau Sastra,"Bahasa Indonesia, Bahasa Inggris, Bahasa Asing Lainnya",11.0,76.0,17.0,179.0,604.57,88.98,S1
321060.0,UNIVERSITAS INDONESIA,SASTRA BELANDA,Prov. Jawa Barat,Kota Depok,UI,Susastra atau Sastra,"Bahasa Indonesia, Bahasa Inggris, Bahasa Asing Lainnya",16.0,74.0,24.0,152.0,602.43,88.87,S1
321061.0,UNIVERSITAS INDONESIA,SASTRA RUSIA,Prov. Jawa Barat,Kota Depok,UI,Susastra atau Sastra,"Bahasa Indonesia, Bahasa Inggris, Bahasa Asing Lainnya",16.0,67.0,24.0,179.0,609.91,89.25,S1
321062.0,UNIVERSITAS INDONESIA,BAHASA DAN KEBUDAYAAN KOREA,Prov. Jawa Barat,Kota Depok,UI,Linguistik,"Bahasa Indonesia, Bahasa Inggris",11.0,237.0,17.0,633.0,626.0,90.05,S1
321063.0,UNIVERSITAS INDONESIA,EKONOMI ISLAM,Prov. Jawa Barat,Kota Depok,UI,Ekonomi,"Ekonomi, Matematika",12.0,197.0,17.0,284.0,667.44,92.12,S1
321064.0,UNIVERSITAS INDONESIA,BISNIS ISLAM,Prov. Jawa Barat,Kota Depok,UI,Bisnis,"Ekonomi, Matematika",12.0,187.0,17.0,398.0,611.82,89.34,S1
321065.0,UNIVERSITAS INDONESIA,MANAJEMEN BISNIS PARIWISATA,Prov. Jawa Barat,Kota Depok,UI,Ilmu atau Sains Manajemen,"Ekonomi, Matematika",25.0,0.0,38.0,0.0,0.0,0.0,D4
321066.0,UNIVERSITAS INDONESIA,TERAPI OKUPASI,Prov. Jawa Barat,Kota Depok,UI,Kesehatan,"Biologi, Matematika",25.0,0.0,38.0,0.0,0.0,0.0,D4
321067.0,UNIVERSITAS INDONESIA,FISIOTERAPI,Prov. Jawa Barat,Kota Depok,UI,Kesehatan,"Biologi, Matematika",25.0,0.0,38.0,0.0,0.0,0.0,D4
321068.0,UNIVERSITAS INDONESIA,MANAJEMEN REKOD DAN ARSIP,Prov. Jawa Barat,Kota Depok,UI,Urusan Publik,"Sosiologi, Pendidikan Pancasila",25.0,0.0,38.0,0.0,0.0,0.0,D4
321069.0,UNIVERSITAS INDONESIA,ADMINISTRASI PERPAJAKAN,Prov. Jawa Barat,Kota Depok,UI,Administrasi Bisnis,"Ekonomi, Matematika",20.0,0.0,30.0,0.0,0.0,0.0,D3
321070.0,UNIVERSITAS INDONESIA,ADMINISTRASI PERKANTORAN,Prov. Jawa Barat,Kota Depok,UI,Administrasi Bisnis,"Ekonomi, Matematika",20.0,0.0,30.0,0.0,0.0,0.0,D3
321071.0,UNIVERSITAS INDONESIA,ADMINISTRASI RUMAH SAKIT,Prov. Jawa Barat,Kota Depok,UI,Informatika Medis atau Informatika Kesehatan,"Biologi, Matematika Tingkat Lanjut, Matematika",20.0,0.0,30.0,0.0,0.0,0.0,D3
321072.0,UNIVERSITAS INDONESIA,PENYIARAN MULTIMEDIA,Prov. Jawa Barat,Kota Depok,UI,Ilmu atau Sains Komunikasi,"Sosiologi, Bahasa Indonesia, Antropologi",20.0,0.0,30.0,0.0,0.0,0.0,D3
321073.0,UNIVERSITAS INDONESIA,AKTUARIA - D3,Prov. Jawa Barat,Kota Depok,UI,Administrasi Bisnis,"Ekonomi, Matematika",20.0,0.0,30.0,0.0,0.0,0.0,D3
321074.0,UNIVERSITAS INDONESIA,HUBUNGAN MASYARAKAT,Prov. Jawa Barat,Kota Depok,UI,Urusan Publik,"Sosiologi, Pendidikan Pancasila",20.0,0.0,30.0,0.0,0.0,0.0,D3
321075.0,UNIVERSITAS INDONESIA,PERIKLANAN KREATIF,Prov. Jawa Barat,Kota Depok,UI,Ilmu atau Sains Komunikasi,"Sosiologi, Bahasa Indonesia, Antropologi",20.0,0.0,30.0,0.0,0.0,0.0,D3
321076.0,UNIVERSITAS INDONESIA,AKUNTANSI - D3,Prov. Jawa Barat,Kota Depok,UI,Ilmu atau Sains Akuntansi,"Ekonomi, Matematika",20.0,0.0,30.0,0.0,0.0,0.0,D3
321077.0,UNIVERSITAS INDONESIA,ADMINISTRASI KEUANGAN,Prov. Jawa Barat,Kota Depok,UI,Administrasi Bisnis,"Ekonomi, Matematika",20.0,0.0,30.0,0.0,0.0,0.0,D3
321078.0,UNIVERSITAS INDONESIA,BISNIS KREATIF,Prov. Jawa Barat,Kota Depok,UI,Bisnis,"Ekonomi, Matematika",25.0,0.0,38.0,0.0,0.0,0.0,D4
321079.0,UNIVERSITAS INDONESIA,PRODUKSI MEDIA,Prov. Jawa Barat,Kota Depok,UI,Ilmu atau Sains Komunikasi,"Sosiologi, Bahasa Indonesia, Antropologi",25.0,0.0,38.0,0.0,0.0,0.0,D4
322001.0,UNIVERSITAS ISLAM NEGERI JAKARTA,SOSIAL EKONOMI PERTANIAN,Prov. Banten,Kota Tangerang Selatan,UIN JAKARTA,Ilmu dan Sains Pertanian,"Biologi, Matematika",36.0,351.0,48.0,328.0,552.79,86.39,S1
322002.0,UNIVERSITAS ISLAM NEGERI JAKARTA,TEKNIK INFORMATIKA,Prov. Banten,Kota Tangerang Selatan,UIN JAKARTA,Ilmu atau Sains Informasi,"Matematika Tingkat Lanjut, Matematika",36.0,728.0,48.0,842.0,652.12,91.36,S1
322003.0,UNIVERSITAS ISLAM NEGERI JAKARTA,SISTEM INFORMASI,Prov. Banten,Kota Tangerang Selatan,UIN JAKARTA,Ilmu atau Sains Informasi,"Matematika Tingkat Lanjut, Matematika",30.0,567.0,48.0,670.0,618.23,89.66,S1
322004.0,UNIVERSITAS ISLAM NEGERI JAKARTA,MATEMATIKA,Prov. Banten,Kota Tangerang Selatan,UIN JAKARTA,Matematika,"Matematika Tingkat Lanjut, Matematika",24.0,133.0,32.0,148.0,549.85,86.24,S1
322005.0,UNIVERSITAS ISLAM NEGERI JAKARTA,BIOLOGI,Prov. Banten,Kota Tangerang Selatan,UIN JAKARTA,Biologi,"Biologi, Matematika",24.0,236.0,32.0,230.0,542.43,85.87,S1
322006.0,UNIVERSITAS ISLAM NEGERI JAKARTA,KIMIA,Prov. Banten,Kota Tangerang Selatan,UIN JAKARTA,Kimia,"Kimia, Matematika",36.0,160.0,48.0,148.0,550.2,86.26,S1
322007.0,UNIVERSITAS ISLAM NEGERI JAKARTA,FISIKA,Prov. Banten,Kota Tangerang Selatan,UIN JAKARTA,Fisika,"Fisika, Matematika",24.0,87.0,32.0,71.0,547.85,86.14,S1
322008.0,UNIVERSITAS ISLAM NEGERI JAKARTA,KESEHATAN MASYARAKAT,Prov. Banten,Kota Tangerang Selatan,UIN JAKARTA,Kesehatan Masyarakat,"Biologi, Matematika, Sosiologi",33.0,537.0,44.0,781.0,541.9,85.85,S1
322009.0,UNIVERSITAS ISLAM NEGERI JAKARTA,FARMASI,Prov. Banten,Kota Tangerang Selatan,UIN JAKARTA,Ilmu Farmasi,"Biologi, Kimia, Matematika",33.0,811.0,44.0,901.0,640.28,90.76,S1
322010.0,UNIVERSITAS ISLAM NEGERI JAKARTA,KEPERAWATAN,Prov. Banten,Kota Tangerang Selatan,UIN JAKARTA,Keperawatan,"Biologi, Matematika",33.0,893.0,44.0,755.0,587.88,88.14,S1
322011.0,UNIVERSITAS ISLAM NEGERI JAKARTA,KEDOKTERAN,Prov. Banten,Kota Tangerang Selatan,UIN JAKARTA,Ilmu atau Sains Kedokteran,"Biologi, Kimia, Matematika",24.0,647.0,60.0,1441.0,683.9,92.95,S1
322012.0,UNIVERSITAS ISLAM NEGERI JAKARTA,PENDIDIKAN MATEMATIKA,Prov. Banten,Kota Tangerang Selatan,UIN JAKARTA,Pendidikan Matematika,"Matematika, Matematika Tingkat Lanjut",32.0,187.0,45.0,224.0,543.91,85.95,S1
322014.0,UNIVERSITAS ISLAM NEGERI JAKARTA,PENDIDIKAN KIMIA,Prov. Banten,Kota Tangerang Selatan,UIN JAKARTA,Pendidikan Kimia,Kimia,32.0,91.0,45.0,83.0,537.84,85.64,S1
322016.0,UNIVERSITAS ISLAM NEGERI JAKARTA,TEKNIK PERTAMBANGAN,Prov. Banten,Kota Tangerang Selatan,UIN JAKARTA,Teknik atau rekayasa,"Fisika, Matematika Tingkat Lanjut, Matematika",24.0,203.0,32.0,270.0,666.04,92.05,S1
322017.0,UNIVERSITAS ISLAM NEGERI JAKARTA,AKUNTANSI,Prov. Banten,Kota Tangerang Selatan,UIN JAKARTA,Ilmu atau Sains Akuntansi,"Ekonomi, Matematika",48.0,601.0,64.0,625.0,639.51,90.73,S1
322020.0,UNIVERSITAS ISLAM NEGERI JAKARTA,ILMU EKONOMI DAN STUDI PEMBANGUNAN,Prov. Banten,Kota Tangerang Selatan,UIN JAKARTA,Ekonomi,"Ekonomi, Matematika",36.0,414.0,48.0,534.0,615.49,89.52,S1
322021.0,UNIVERSITAS ISLAM NEGERI JAKARTA,HUBUNGAN INTERNASIONAL,Prov. Banten,Kota Tangerang Selatan,UIN JAKARTA,Ilmu atau Sains Komunikasi,"Sosiologi, Bahasa Indonesia, Antropologi",36.0,437.0,48.0,711.0,630.04,90.25,S1
322022.0,UNIVERSITAS ISLAM NEGERI JAKARTA,HUKUM,Prov. Banten,Kota Tangerang Selatan,UIN JAKARTA,Hukum,"Sosiologi, Pendidikan Pancasila",48.0,437.0,64.0,702.0,613.55,89.43,S1
322023.0,UNIVERSITAS ISLAM NEGERI JAKARTA,PERPUSTAKAAN,Prov. Banten,Kota Tangerang Selatan,UIN JAKARTA,Ilmu atau Sains Komunikasi,"Sosiologi, Bahasa Indonesia, Antropologi",42.0,449.0,56.0,468.0,602.06,88.85,S1
322025.0,UNIVERSITAS ISLAM NEGERI JAKARTA,JURNALISTIK,Prov. Banten,Kota Tangerang Selatan,UIN JAKARTA,Ilmu atau Sains Komunikasi,"Sosiologi, Bahasa Indonesia, Antropologi",48.0,440.0,64.0,522.0,629.37,90.22,S1
322026.0,UNIVERSITAS ISLAM NEGERI JAKARTA,MANAJEMEN,Prov. Banten,Kota Tangerang Selatan,UIN JAKARTA,Ilmu atau Sains Manajemen,"Ekonomi, Matematika",48.0,1115.0,64.0,1281.0,634.36,90.47,S1
322028.0,UNIVERSITAS ISLAM NEGERI JAKARTA,ILMU POLITIK,Prov. Banten,Kota Tangerang Selatan,UIN JAKARTA,Sosial,"Sosiologi, Sejarah, Antropologi",36.0,313.0,48.0,348.0,610.23,89.26,S1
322030.0,UNIVERSITAS ISLAM NEGERI JAKARTA,ILMU KESEJAHTERAAN SOSIAL,Prov. Banten,Kota Tangerang Selatan,UIN JAKARTA,Studi Humanitas,"Sosiologi, Pendidikan Pancasila, Antropologi",36.0,363.0,48.0,557.0,599.32,88.72,S1
322031.0,UNIVERSITAS ISLAM NEGERI JAKARTA,PSIKOLOGI,Prov. Banten,Kota Tangerang Selatan,UIN JAKARTA,Psikologi,"Sosiologi, Matematika",60.0,1235.0,115.0,153.0,640.25,90.76,S1
322044.0,UNIVERSITAS ISLAM NEGERI JAKARTA,SOSIOLOGI,Prov. Banten,Kota Tangerang Selatan,UIN JAKARTA,Studi Humanitas,"Sosiologi, Pendidikan Pancasila, Antropologi",36.0,453.0,48.0,530.0,605.44,89.02,S1
322045.0,UNIVERSITAS ISLAM NEGERI JAKARTA,BAHASA DAN SASTRA INGGRIS,Prov. Banten,Kota Tangerang Selatan,UIN JAKARTA,Susastra atau Sastra,"Bahasa Indonesia, Bahasa Inggris, Bahasa Asing Lainnya",42.0,457.0,56.0,648.0,607.54,89.13,S1
323001.0,UNIVERSITAS NEGERI JAKARTA,PENDIDIKAN MATEMATIKA,Prov. D.K.I. Jakarta,Kota Jakarta Timur,UNJ,Pendidikan Matematika,"Matematika, Matematika Tingkat Lanjut",20.0,288.0,36.0,425.0,570.59,87.28,S1
323002.0,UNIVERSITAS NEGERI JAKARTA,PENDIDIKAN FISIKA,Prov. D.K.I. Jakarta,Kota Jakarta Timur,UNJ,Pendidikan Fisika,Fisika,20.0,126.0,36.0,153.0,579.8,87.74,S1
323003.0,UNIVERSITAS NEGERI JAKARTA,PENDIDIKAN KIMIA,Prov. D.K.I. Jakarta,Kota Jakarta Timur,UNJ,Pendidikan Kimia,Kimia,20.0,121.0,36.0,153.0,569.26,87.21,S1
323004.0,UNIVERSITAS NEGERI JAKARTA,PENDIDIKAN BIOLOGI,Prov. D.K.I. Jakarta,Kota Jakarta Timur,UNJ,Pendidikan Biologi,Biologi,20.0,266.0,36.0,386.0,576.76,87.59,S1
323005.0,UNIVERSITAS NEGERI JAKARTA,MATEMATIKA,Prov. D.K.I. Jakarta,Kota Jakarta Timur,UNJ,Matematika,"Matematika Tingkat Lanjut, Matematika",20.0,247.0,36.0,372.0,583.06,87.9,S1
323006.0,UNIVERSITAS NEGERI JAKARTA,FISIKA,Prov. D.K.I. Jakarta,Kota Jakarta Timur,UNJ,Fisika,"Fisika, Matematika",20.0,109.0,36.0,124.0,575.14,87.51,S1
323007.0,UNIVERSITAS NEGERI JAKARTA,KIMIA,Prov. D.K.I. Jakarta,Kota Jakarta Timur,UNJ,Kimia,"Kimia, Matematika",20.0,241.0,36.0,285.0,580.71,87.79,S1
323008.0,UNIVERSITAS NEGERI JAKARTA,BIOLOGI,Prov. D.K.I. Jakarta,Kota Jakarta Timur,UNJ,Biologi,"Biologi, Matematika",20.0,324.0,36.0,493.0,576.92,87.6,S1
323009.0,UNIVERSITAS NEGERI JAKARTA,PENDIDIKAN VOKASIONAL TEKNIK ELEKTRO,Prov. D.K.I. Jakarta,Kota Jakarta Timur,UNJ,Pendidikan Teknik,"Fisika, Matematika Tingkat Lanjut, Matematika",15.0,191.0,27.0,133.0,574.81,87.49,S1
323010.0,UNIVERSITAS NEGERI JAKARTA,PENDIDIKAN VOKASIONAL TEKNIK MESIN,Prov. D.K.I. Jakarta,Kota Jakarta Timur,UNJ,Pendidikan Teknik,"Fisika, Matematika Tingkat Lanjut, Matematika",20.0,154.0,36.0,156.0,571.57,87.33,S1
323011.0,UNIVERSITAS NEGERI JAKARTA,PENDIDIKAN VOKASIONAL KONSTRUKSI BANGUNAN,Prov. D.K.I. Jakarta,Kota Jakarta Timur,UNJ,Pendidikan Teknik,"Fisika, Matematika Tingkat Lanjut, Matematika",20.0,164.0,36.0,154.0,573.08,87.4,S1
323012.0,UNIVERSITAS NEGERI JAKARTA,ILMU KEOLAHRAGAAN,Prov. D.K.I. Jakarta,Kota Jakarta Timur,UNJ,Ilmu atau Sains Keolahragaan,"PJOK, Biologi",15.0,52.0,27.0,163.0,555.57,86.53,S1
323013.0,UNIVERSITAS NEGERI JAKARTA,PENDIDIKAN INFORMATIKA,Prov. D.K.I. Jakarta,Kota Jakarta Timur,UNJ,Pendidikan Informatika,"Matematika Tingkat Lanjut, Matematika",15.0,430.0,27.0,600.0,579.61,87.73,S1
323014.0,UNIVERSITAS NEGERI JAKARTA,PENDIDIKAN VOKASIONAL TEKNIK ELEKTRONIKA,Prov. D.K.I. Jakarta,Kota Jakarta Timur,UNJ,Pendidikan Teknik,"Fisika, Matematika Tingkat Lanjut, Matematika",20.0,137.0,36.0,99.0,574.63,87.48,S1
323015.0,UNIVERSITAS NEGERI JAKARTA,ILMU KOMPUTER,Prov. D.K.I. Jakarta,Kota Jakarta Timur,UNJ,Komputer,"Matematika Tingkat Lanjut, Matematika",20.0,666.0,36.0,1142.0,623.38,89.92,S1
323016.0,UNIVERSITAS NEGERI JAKARTA,STATISTIK,Prov. D.K.I. Jakarta,Kota Jakarta Timur,UNJ,Sains Data,"Matematika Tingkat Lanjut, Matematika",20.0,287.0,36.0,453.0,612.67,89.38,S1
323017.0,UNIVERSITAS NEGERI JAKARTA,REKAYASA KESELAMATAN KEBAKARAN,Prov. D.K.I. Jakarta,Kota Jakarta Timur,UNJ,Teknik atau rekayasa,"Fisika, Matematika Tingkat Lanjut, Matematika",10.0,97.0,18.0,153.0,577.56,87.63,S1
323018.0,UNIVERSITAS NEGERI JAKARTA,TEKNIK MESIN,Prov. D.K.I. Jakarta,Kota Jakarta Timur,UNJ,Teknik atau rekayasa,"Fisika, Matematika Tingkat Lanjut, Matematika",10.0,514.0,18.0,540.0,617.42,89.62,S1
323019.0,UNIVERSITAS NEGERI JAKARTA,SISTEM DAN TEKNOLOGI INFORMASI,Prov. D.K.I. Jakarta,Kota Jakarta Timur,UNJ,Ilmu atau Sains Informasi,"Matematika Tingkat Lanjut, Matematika",10.0,501.0,18.0,1118.0,618.31,89.67,S1
323020.0,UNIVERSITAS NEGERI JAKARTA,TEKNOLOGI PENDIDIKAN,Prov. D.K.I. Jakarta,Kota Jakarta Timur,UNJ,Pendidikan Informatika,"Matematika Tingkat Lanjut, Matematika",20.0,428.0,36.0,581.0,589.43,88.22,S1
323021.0,UNIVERSITAS NEGERI JAKARTA,PENDIDIKAN KHUSUS,Prov. D.K.I. Jakarta,Kota Jakarta Timur,UNJ,Pendidikan Khusus,"Matematika, Bahasa Indonesia",23.0,119.0,41.0,182.0,544.13,85.96,S1
323022.0,UNIVERSITAS NEGERI JAKARTA,MANAJEMEN PENDIDIKAN,Prov. D.K.I. Jakarta,Kota Jakarta Timur,UNJ,Manajemen Pendidikan,"Ekonomi, Sosiologi",24.0,481.0,42.0,717.0,553.96,86.45,S1
323023.0,UNIVERSITAS NEGERI JAKARTA,PENDIDIKAN MASYARAKAT,Prov. D.K.I. Jakarta,Kota Jakarta Timur,UNJ,Pendidikan Masyarakat,Sosiologi,24.0,294.0,42.0,415.0,544.79,85.99,S1
323024.0,UNIVERSITAS NEGERI JAKARTA,PENDIDIKAN GURU PAUD,Prov. D.K.I. Jakarta,Kota Jakarta Timur,UNJ,Pendidikan PAUD,"Matematika, Bahasa Indonesia",18.0,500.0,32.0,523.0,556.08,86.55,S1
323025.0,UNIVERSITAS NEGERI JAKARTA,PENDIDIKAN BIMBINGAN DAN KONSELING,Prov. D.K.I. Jakarta,Kota Jakarta Timur,UNJ,Psikologi,"Sosiologi, Matematika",18.0,632.0,32.0,880.0,563.08,86.9,S1
323026.0,UNIVERSITAS NEGERI JAKARTA,PENDIDIKAN GURU SD,Prov. D.K.I. Jakarta,Kota Jakarta Timur,UNJ,Pendidikan SD,"Matematika, Bahasa Indonesia",30.0,1321.0,54.0,1555.0,554.01,86.45,S1
323027.0,UNIVERSITAS NEGERI JAKARTA,PSIKOLOGI,Prov. D.K.I. Jakarta,Kota Jakarta Timur,UNJ,Psikologi,"Sosiologi, Matematika",40.0,2239.0,72.0,3678.0,644.77,90.99,S1
323028.0,UNIVERSITAS NEGERI JAKARTA,PENDIDIKAN BAHASA INDONESIA,Prov. D.K.I. Jakarta,Kota Jakarta Timur,UNJ,Pendidikan Bahasa Indonesia,Bahasa Indonesia,19.0,333.0,34.0,552.0,584.0,87.95,S1
323029.0,UNIVERSITAS NEGERI JAKARTA,SASTRA INDONESIA,Prov. D.K.I. Jakarta,Kota Jakarta Timur,UNJ,Susastra atau Sastra,"Bahasa Indonesia, Bahasa Inggris, Bahasa Asing Lainnya",28.0,425.0,50.0,728.0,620.61,89.78,S1
323030.0,UNIVERSITAS NEGERI JAKARTA,PENDIDIKAN BAHASA INGGRIS,Prov. D.K.I. Jakarta,Kota Jakarta Timur,UNJ,Pendidikan Bahasa Inggris,Bahasa Inggris,13.0,425.0,23.0,733.0,631.33,90.32,S1
323031.0,UNIVERSITAS NEGERI JAKARTA,SASTRA INGGRIS,Prov. D.K.I. Jakarta,Kota Jakarta Timur,UNJ,Susastra atau Sastra,"Bahasa Indonesia, Bahasa Inggris, Bahasa Asing Lainnya",19.0,673.0,34.0,1288.0,628.07,90.15,S1
323032.0,UNIVERSITAS NEGERI JAKARTA,PENDIDIKAN BAHASA PERANCIS,Prov. D.K.I. Jakarta,Kota Jakarta Timur,UNJ,Pendidikan Bahasa Perancis,"Bahasa Indonesia, Bahasa Prancis",20.0,122.0,36.0,147.0,566.87,87.09,S1
323033.0,UNIVERSITAS NEGERI JAKARTA,PENDIDIKAN BAHASA JERMAN,Prov. D.K.I. Jakarta,Kota Jakarta Timur,UNJ,Pendidikan Bahasa Jerman,"Bahasa Indoneisa, Bahasa Jerman",13.0,130.0,23.0,155.0,569.85,87.24,S1
323034.0,UNIVERSITAS NEGERI JAKARTA,PENDIDIKAN BAHASA ARAB,Prov. D.K.I. Jakarta,Kota Jakarta Timur,UNJ,Pendidikan Bahasa Arab,"Bahasa Indonesia, Bahasa Arab",25.0,235.0,45.0,471.0,550.63,86.28,S1
323035.0,UNIVERSITAS NEGERI JAKARTA,PENDIDIKAN BAHASA JEPANG,Prov. D.K.I. Jakarta,Kota Jakarta Timur,UNJ,Pendidikan Bahsa Jepang,"Bahasa Indonesia, Bahasa Jepang",20.0,364.0,36.0,504.0,631.33,90.32,S1
323036.0,UNIVERSITAS NEGERI JAKARTA,PENDIDIKAN TARI,Prov. D.K.I. Jakarta,Kota Jakarta Timur,UNJ,Pendidikan Seni,Seni Budaya,15.0,62.0,27.0,70.0,531.96,85.35,S1
323037.0,UNIVERSITAS NEGERI JAKARTA,PENDIDIKAN MUSIK,Prov. D.K.I. Jakarta,Kota Jakarta Timur,UNJ,Pendidikan Seni,Seni Budaya,13.0,62.0,23.0,122.0,549.42,86.22,S1
323038.0,UNIVERSITAS NEGERI JAKARTA,PENDIDIKAN SENI RUPA,Prov. D.K.I. Jakarta,Kota Jakarta Timur,UNJ,Pendidikan Seni,Seni Budaya,18.0,131.0,32.0,188.0,528.69,85.18,S1
323039.0,UNIVERSITAS NEGERI JAKARTA,PENDIDIKAN PANCASILA DAN KEWARGANEGARAAN,Prov. D.K.I. Jakarta,Kota Jakarta Timur,UNJ,Pendidikan Pancasila,Pendidikan Pancasila,20.0,195.0,36.0,355.0,553.68,86.43,S1
323040.0,UNIVERSITAS NEGERI JAKARTA,PENDIDIKAN GEOGRAFI,Prov. D.K.I. Jakarta,Kota Jakarta Timur,UNJ,Pendidikan Geografi,Geografi,23.0,217.0,41.0,279.0,557.55,86.63,S1
323041.0,UNIVERSITAS NEGERI JAKARTA,PENDIDIKAN SEJARAH,Prov. D.K.I. Jakarta,Kota Jakarta Timur,UNJ,Pendidikan Sejarah,Sejarah,20.0,238.0,36.0,374.0,550.88,86.29,S1
323042.0,UNIVERSITAS NEGERI JAKARTA,PENDIDIKAN AGAMA ISLAM,Prov. D.K.I. Jakarta,Kota Jakarta Timur,UNJ,Pendidikan Agama Islam,Agama Islam,23.0,619.0,41.0,838.0,551.7,86.34,S1
323043.0,UNIVERSITAS NEGERI JAKARTA,SOSIOLOGI,Prov. D.K.I. Jakarta,Kota Jakarta Timur,UNJ,Studi Humanitas,"Sosiologi, Pendidikan Pancasila, Antropologi",18.0,570.0,32.0,823.0,616.61,89.58,S1
323044.0,UNIVERSITAS NEGERI JAKARTA,PENDIDIKAN SOSIOLOGI,Prov. D.K.I. Jakarta,Kota Jakarta Timur,UNJ,Pendidikan Sosiologi,Sosiologi,18.0,318.0,32.0,394.0,551.95,86.35,S1
323045.0,UNIVERSITAS NEGERI JAKARTA,PENDIDIKAN VOKASIONAL KESEJAHTERAAN KELUARGA,Prov. D.K.I. Jakarta,Kota Jakarta Timur,UNJ,Pendidikan Kesejahteraan Keluarga,"Seni Budaya, Biologi",15.0,152.0,27.0,193.0,532.72,85.39,S1
323046.0,UNIVERSITAS NEGERI JAKARTA,PENDIDIKAN JASMANI KESEHATAN DAN REKREASI,Prov. D.K.I. Jakarta,Kota Jakarta Timur,UNJ,Pendidikan Jasmani Kesehatan,"Pendidikan Jasmani, Biologi",40.0,126.0,72.0,253.0,552.8,86.39,S1
323047.0,UNIVERSITAS NEGERI JAKARTA,PENDIDIKAN KEPELATIHAN OLAHRAGA,Prov. D.K.I. Jakarta,Kota Jakarta Timur,UNJ,Pendidikan Jasmani Kesehatan,"Pendidikan Jasmani, Biologi",30.0,75.0,54.0,221.0,554.83,86.49,S1
323048.0,UNIVERSITAS NEGERI JAKARTA,PENDIDIKAN EKONOMI,Prov. D.K.I. Jakarta,Kota Jakarta Timur,UNJ,Pendidikan Ekonomi,Ekonomi,30.0,615.0,54.0,568.0,556.73,86.59,S1
323049.0,UNIVERSITAS NEGERI JAKARTA,MANAJEMEN,Prov. D.K.I. Jakarta,Kota Jakarta Timur,UNJ,Ilmu atau Sains Manajemen,"Ekonomi, Matematika",40.0,3566.0,72.0,3191.0,657.82,91.64,S1
323050.0,UNIVERSITAS NEGERI JAKARTA,AKUNTANSI,Prov. D.K.I. Jakarta,Kota Jakarta Timur,UNJ,Ilmu atau Sains Akuntansi,"Ekonomi, Matematika",30.0,139.0,54.0,1655.0,645.49,91.02,S1
323051.0,UNIVERSITAS NEGERI JAKARTA,PENDIDIKAN IPS,Prov. D.K.I. Jakarta,Kota Jakarta Timur,UNJ,Pendidikan IPS,"Ekonomi, Sosiologi, Geografi",18.0,210.0,32.0,380.0,565.22,87.01,S1
323052.0,UNIVERSITAS NEGERI JAKARTA,PENDIDIKAN VOKASIONAL SENI KULINER,Prov. D.K.I. Jakarta,Kota Jakarta Timur,UNJ,Pendidikan Seni,Seni Budaya,15.0,732.0,27.0,848.0,531.13,85.31,S1
323053.0,UNIVERSITAS NEGERI JAKARTA,PENDIDIKAN VOKASIONAL DESAIN FASHION,Prov. D.K.I. Jakarta,Kota Jakarta Timur,UNJ,Pendidikan Seni,Seni Budaya,15.0,416.0,27.0,551.0,534.11,85.46,S1
323054.0,UNIVERSITAS NEGERI JAKARTA,PENDIDIKAN VOKASIONAL TATA RIAS,Prov. D.K.I. Jakarta,Kota Jakarta Timur,UNJ,Pendidikan Seni,Seni Budaya,10.0,361.0,18.0,523.0,529.27,85.21,S1
323055.0,UNIVERSITAS NEGERI JAKARTA,PENDIDIKAN BISNIS,Prov. D.K.I. Jakarta,Kota Jakarta Timur,UNJ,Pendidikan Ekonomi,Ekonomi,20.0,476.0,36.0,616.0,557.23,86.61,S1
323056.0,UNIVERSITAS NEGERI JAKARTA,PENDIDIKAN BAHASA MANDARIN,Prov. D.K.I. Jakarta,Kota Jakarta Timur,UNJ,Pendidikan Bahasa Mandarin,"Bahasa Indonesia, Bahasa Mandarin",25.0,94.0,45.0,127.0,615.63,89.53,S1
323057.0,UNIVERSITAS NEGERI JAKARTA,PENDIDIKAN ADMINISTRASI PERKANTORAN,Prov. D.K.I. Jakarta,Kota Jakarta Timur,UNJ,Pendidikan Ekonomi,Ekonomi,20.0,860.0,36.0,968.0,562.62,86.88,S1
323058.0,UNIVERSITAS NEGERI JAKARTA,OLAHRAGA REKREASI,Prov. D.K.I. Jakarta,Kota Jakarta Timur,UNJ,Ilmu atau Sains Keolahragaan,"PJOK, Biologi",15.0,37.0,27.0,120.0,553.22,86.41,S1
323059.0,UNIVERSITAS NEGERI JAKARTA,KEPELATIHAN KECABANGAN OLAHRAGA,Prov. D.K.I. Jakarta,Kota Jakarta Timur,UNJ,Ilmu atau Sains Keolahragaan,"PJOK, Biologi",15.0,67.0,27.0,124.0,556.11,86.56,S1
323060.0,UNIVERSITAS NEGERI JAKARTA,ILMU KOMUNIKASI,Prov. D.K.I. Jakarta,Kota Jakarta Timur,UNJ,Ilmu atau Sains Komunikasi,"Sosiologi, Bahasa Indonesia, Antropologi",15.0,1928.0,27.0,3268.0,656.48,91.57,S1
323061.0,UNIVERSITAS NEGERI JAKARTA,GEOGRAFI,Prov. D.K.I. Jakarta,Kota Jakarta Timur,UNJ,"Geografi, Geografi Lingkungan, Sains Informasi Geografi","Geografi, Matematika, Fisika",23.0,295.0,41.0,509.0,537.61,85.63,S1
323062.0,UNIVERSITAS NEGERI JAKARTA,BISNIS DIGITAL,Prov. D.K.I. Jakarta,Kota Jakarta Timur,UNJ,Bisnis,"Ekonomi, Matematika",27.0,1231.0,48.0,1662.0,606.2,89.06,S1
323063.0,UNIVERSITAS NEGERI JAKARTA,PENDIDIKAN AKUNTANSI,Prov. D.K.I. Jakarta,Kota Jakarta Timur,UNJ,Pendidikan Ekonomi,Ekonomi,20.0,0.0,36.0,0.0,0.0,0.0,S1
323064.0,UNIVERSITAS NEGERI JAKARTA,HUBUNGAN MASYARAKAT DAN KOMUNIKASI DIGITAL,Prov. D.K.I. Jakarta,Kota Jakarta Timur,UNJ,Ilmu atau Sains Komunikasi,"Sosiologi, Bahasa Indonesia, Antropologi",18.0,0.0,32.0,0.0,0.0,0.0,D4
323065.0,UNIVERSITAS NEGERI JAKARTA,USAHA PERJALANAN WISATA,Prov. D.K.I. Jakarta,Kota Jakarta Timur,UNJ,Pariwisata,"Ekonomi, Matematika",20.0,0.0,36.0,0.0,0.0,0.0,D4
323066.0,UNIVERSITAS NEGERI JAKARTA,TEKNOLOGI REKAYASA OTOMASI,Prov. D.K.I. Jakarta,Kota Jakarta Timur,UNJ,Teknik atau rekayasa,"Fisika, Matematika Tingkat Lanjut, Matematika",15.0,0.0,27.0,0.0,0.0,0.0,D4
323067.0,UNIVERSITAS NEGERI JAKARTA,TEKNOLOGI REKAYASA MANUFAKTUR,Prov. D.K.I. Jakarta,Kota Jakarta Timur,UNJ,Teknik atau rekayasa,"Fisika, Matematika Tingkat Lanjut, Matematika",15.0,0.0,27.0,0.0,0.0,0.0,D4
323068.0,UNIVERSITAS NEGERI JAKARTA,TEKNOLOGI REKAYASA KONSTRUKSI BANGUNAN GEDUNG,Prov. D.K.I. Jakarta,Kota Jakarta Timur,UNJ,Teknik atau rekayasa,"Fisika, Matematika Tingkat Lanjut, Matematika",15.0,0.0,27.0,0.0,0.0,0.0,D4
323069.0,UNIVERSITAS NEGERI JAKARTA,MANAJEMEN PELABUHAN DAN LOGISTIK MARITIM,Prov. D.K.I. Jakarta,Kota Jakarta Timur,UNJ,Ilmu atau Sains Manajemen,"Ekonomi, Matematika",15.0,0.0,27.0,0.0,0.0,0.0,D4
323070.0,UNIVERSITAS NEGERI JAKARTA,SENI KULINER DAN PENGOLAHAN JASA MAKANAN,Prov. D.K.I. Jakarta,Kota Jakarta Timur,UNJ,Ilmu atau Sains Manajemen,"Ekonomi, Matematika",15.0,0.0,27.0,0.0,0.0,0.0,D4
323071.0,UNIVERSITAS NEGERI JAKARTA,DESAIN MODE,Prov. D.K.I. Jakarta,Kota Jakarta Timur,UNJ,Desain,"Seni Budaya, Matematika",15.0,0.0,27.0,0.0,0.0,0.0,D4
323072.0,UNIVERSITAS NEGERI JAKARTA,KOSMETIK DAN PERAWATAN KECANTIKAN,Prov. D.K.I. Jakarta,Kota Jakarta Timur,UNJ,Seni,Seni Budaya,15.0,0.0,27.0,0.0,0.0,0.0,D4
323073.0,UNIVERSITAS NEGERI JAKARTA,PEMASARAN DIGITAL,Prov. D.K.I. Jakarta,Kota Jakarta Timur,UNJ,Ilmu atau Sains Manajemen,"Ekonomi, Matematika",20.0,0.0,36.0,0.0,0.0,0.0,D4
323074.0,UNIVERSITAS NEGERI JAKARTA,ADMINISTRASI PERKANTORAN,Prov. D.K.I. Jakarta,Kota Jakarta Timur,UNJ,Administrasi Bisnis,"Ekonomi, Matematika",20.0,0.0,36.0,0.0,0.0,0.0,D4
323075.0,UNIVERSITAS NEGERI JAKARTA,AKUNTANSI SEKTOR PUBLIK,Prov. D.K.I. Jakarta,Kota Jakarta Timur,UNJ,Ilmu atau Sains Akuntansi,"Ekonomi, Matematika",20.0,0.0,36.0,0.0,0.0,0.0,D4
324001.0,UPN VETERAN JAKARTA,TEKNIK MESIN,Prov. Jawa Barat,Kota Depok,UPN JAKARTA,Teknik atau rekayasa,"Fisika, Matematika Tingkat Lanjut, Matematika",21.0,224.0,53.0,489.0,617.07,89.6,S1
324002.0,UPN VETERAN JAKARTA,TEKNIK PERKAPALAN,Prov. Jawa Barat,Kota Depok,UPN JAKARTA,Teknik atau rekayasa,"Fisika, Matematika Tingkat Lanjut, Matematika",14.0,89.0,35.0,235.0,597.08,88.6,S1
324003.0,UPN VETERAN JAKARTA,TEKNIK INDUSTRI,Prov. Jawa Barat,Kota Depok,UPN JAKARTA,Teknik atau rekayasa,"Fisika, Matematika Tingkat Lanjut, Matematika",21.0,434.0,53.0,933.0,610.48,89.27,S1
324004.0,UPN VETERAN JAKARTA,INFORMATIKA,Prov. Jawa Barat,Kota Depok,UPN JAKARTA,Ilmu atau Sains Informasi,"Matematika Tingkat Lanjut, Matematika",35.0,918.0,88.0,164.0,613.7,89.44,S1
324005.0,UPN VETERAN JAKARTA,SISTEM INFORMASI - S1,Prov. Jawa Barat,Kota Depok,UPN JAKARTA,Ilmu atau Sains Informasi,"Matematika Tingkat Lanjut, Matematika",35.0,950.0,88.0,1507.0,608.91,89.2,S1
324006.0,UPN VETERAN JAKARTA,KEDOKTERAN,Prov. Jawa Barat,Kota Depok,UPN JAKARTA,Ilmu atau Sains Kedokteran,"Biologi, Kimia, Matematika",44.0,1121.0,110.0,3118.0,668.92,92.2,S1
324007.0,UPN VETERAN JAKARTA,KEPERAWATAN - S1,Prov. Jawa Barat,Kota Depok,UPN JAKARTA,Keperawatan,"Biologi, Matematika",26.0,983.0,65.0,1564.0,615.21,89.51,S1
324008.0,UPN VETERAN JAKARTA,KESEHATAN MASYARAKAT,Prov. Jawa Barat,Kota Depok,UPN JAKARTA,Kesehatan Masyarakat,"Biologi, Matematika, Sosiologi",32.0,748.0,80.0,1643.0,602.29,88.86,S1
324009.0,UPN VETERAN JAKARTA,ILMU GIZI,Prov. Jawa Barat,Kota Depok,UPN JAKARTA,Ilmu atau Sains Gizi,"Biologi, Kimia, Matematika",20.0,658.0,50.0,1307.0,594.38,88.47,S1
324010.0,UPN VETERAN JAKARTA,TEKNIK ELEKTRO,Prov. Jawa Barat,Kota Depok,UPN JAKARTA,Teknik atau rekayasa,"Fisika, Matematika Tingkat Lanjut, Matematika",21.0,289.0,53.0,428.0,615.85,89.54,S1
324011.0,UPN VETERAN JAKARTA,FARMASI,Prov. Jawa Barat,Kota Depok,UPN JAKARTA,Ilmu Farmasi,"Biologi, Kimia, Matematika",12.0,613.0,30.0,1092.0,615.09,89.5,S1
324012.0,UPN VETERAN JAKARTA,FISIOTERAPI - S1,Prov. Jawa Barat,Kota Depok,UPN JAKARTA,Keperawatan,"Biologi, Matematika",13.0,233.0,33.0,647.0,550.37,86.27,S1
324013.0,UPN VETERAN JAKARTA,MANAJEMEN,Prov. Jawa Barat,Kota Depok,UPN JAKARTA,Ilmu atau Sains Manajemen,"Ekonomi, Matematika",56.0,1281.0,140.0,3066.0,605.91,89.05,S1
324014.0,UPN VETERAN JAKARTA,AKUNTANSI - S1,Prov. Jawa Barat,Kota Depok,UPN JAKARTA,Ilmu atau Sains Akuntansi,"Ekonomi, Matematika",48.0,903.0,120.0,168.0,610.78,89.29,S1
324015.0,UPN VETERAN JAKARTA,HUBUNGAN INTERNASIONAL,Prov. Jawa Barat,Kota Depok,UPN JAKARTA,Ilmu atau Sains Komunikasi,"Sosiologi, Bahasa Indonesia, Antropologi",48.0,742.0,120.0,1584.0,613.79,89.44,S1
324016.0,UPN VETERAN JAKARTA,ILMU KOMUNIKASI,Prov. Jawa Barat,Kota Depok,UPN JAKARTA,Ilmu atau Sains Komunikasi,"Sosiologi, Bahasa Indonesia, Antropologi",64.0,2217.0,160.0,4291.0,611.87,89.34,S1
324017.0,UPN VETERAN JAKARTA,HUKUM,Prov. Jawa Barat,Kota Depok,UPN JAKARTA,Hukum,"Sosiologi, Pendidikan Pancasila",96.0,1019.0,240.0,2337.0,604.64,88.98,S1
324018.0,UPN VETERAN JAKARTA,EKONOMI PEMBANGUNAN,Prov. Jawa Barat,Kota Depok,UPN JAKARTA,Ekonomi,"Ekonomi, Matematika",24.0,551.0,60.0,951.0,598.93,88.7,S1
324019.0,UPN VETERAN JAKARTA,EKONOMI SYARIAH,Prov. Jawa Barat,Kota Depok,UPN JAKARTA,Ekonomi,"Ekonomi, Matematika",16.0,265.0,40.0,645.0,593.73,88.44,S1
324020.0,UPN VETERAN JAKARTA,ILMU POLITIK,Prov. Jawa Barat,Kota Depok,UPN JAKARTA,Sosial,"Sosiologi, Sejarah, Antropologi",40.0,553.0,100.0,129.0,600.78,88.79,S1
324021.0,UPN VETERAN JAKARTA,KEPERAWATAN - D3,Prov. Jawa Barat,Kota Depok,UPN JAKARTA,Keperawatan,"Biologi, Matematika",16.0,0.0,40.0,0.0,0.0,0.0,D3
324022.0,UPN VETERAN JAKARTA,FISIOTERAPI - D3,Prov. Jawa Barat,Kota Depok,UPN JAKARTA,Keperawatan,"Biologi, Matematika",12.0,0.0,30.0,0.0,0.0,0.0,D3
324024.0,UPN VETERAN JAKARTA,SISTEM INFORMASI - D3,Prov. Jawa Barat,Kota Depok,UPN JAKARTA,Ilmu atau Sains Informasi,"Matematika Tingkat Lanjut, Matematika",24.0,0.0,60.0,0.0,0.0,0.0,D3
324025.0,UPN VETERAN JAKARTA,PERBANKAN DAN KEUANGAN,Prov. Jawa Barat,Kota Depok,UPN JAKARTA,Ilmu atau Sains Akuntansi,"Ekonomi, Matematika",16.0,0.0,40.0,0.0,0.0,0.0,D3
324026.0,UPN VETERAN JAKARTA,AKUNTANSI - D3,Prov. Jawa Barat,Kota Depok,UPN JAKARTA,Ilmu atau Sains Akuntansi,"Ekonomi, Matematika",16.0,0.0,40.0,0.0,0.0,0.0,D3
324028.0,UPN VETERAN JAKARTA,SAINS INFORMASI,Prov. Jawa Barat,Kota Depok,UPN JAKARTA,Ilmu atau Sains Informasi,"Matematika Tingkat Lanjut, Matematika",16.0,0.0,40.0,0.0,0.0,0.0,S1
329010.0,UNIVERSITAS TERBUKA,MANAJEMEN UPBJJ-UT PALEMBANG,Prov. Banten,Kab Serang,UB SERANG,Ilmu atau Sains Manajemen,"Ekonomi, Matematika",25.0,0.0,0.0,0.0,0.0,0.0,S1
329011.0,UNIVERSITAS TERBUKA,HUKUM UPBJJ-UT SAMARINDA,Prov. Banten,Kab Serang,UB SERANG,Hukum,"Sosiologi, Pendidikan Pancasila",25.0,0.0,0.0,0.0,0.0,0.0,S1
329012.0,UNIVERSITAS TERBUKA,TEKNOLOGI PENDIDIKAN UPBJJ-UT PALEMBANG,Prov. Banten,Kab Serang,UB SERANG,Urusan Publik,"Sosiologi, Pendidikan Pancasila",25.0,0.0,0.0,0.0,0.0,0.0,S1
329013.0,UNIVERSITAS TERBUKA,PERPUSTAKAAN UPBJJ-UT KENDARI,Prov. Banten,Kab Serang,UB SERANG,Urusan Publik,"Sosiologi, Pendidikan Pancasila",25.0,0.0,0.0,0.0,0.0,0.0,S1
329014.0,UNIVERSITAS TERBUKA,PERENCANAAN WILAYAH DAN KOTA UPBJJ-UT SAMARINDA,Prov. Banten,Kab Serang,UB SERANG,Arsitektur,"Matematika, Fisika",25.0,0.0,0.0,0.0,0.0,0.0,S1
329015.0,UNIVERSITAS TERBUKA,HUKUM UPBJJ-UT KENDARI,Prov. Banten,Kab Serang,UB SERANG,Hukum,"Sosiologi, Pendidikan Pancasila",25.0,0.0,0.0,0.0,0.0,0.0,S1
331001.0,UNIVERSITAS SINGAPERBANGSA KARAWANG,AGROTEKNOLOGI,Prov. Jawa Barat,Kab Karawang,UNSIKA,Ilmu dan Sains Pertanian,"Biologi, Matematika",53.0,380.0,60.0,393.0,534.43,85.47,S1
331002.0,UNIVERSITAS SINGAPERBANGSA KARAWANG,TEKNIK INDUSTRI,Prov. Jawa Barat,Kab Karawang,UNSIKA,Teknik atau rekayasa,"Fisika, Matematika Tingkat Lanjut, Matematika",63.0,739.0,72.0,689.0,601.35,88.82,S1
331003.0,UNIVERSITAS SINGAPERBANGSA KARAWANG,TEKNIK MESIN - S1,Prov. Jawa Barat,Kab Karawang,UNSIKA,Teknik atau rekayasa,"Fisika, Matematika Tingkat Lanjut, Matematika",42.0,482.0,48.0,410.0,606.17,89.06,S1
331004.0,UNIVERSITAS SINGAPERBANGSA KARAWANG,TEKNIK ELEKTRO,Prov. Jawa Barat,Kab Karawang,UNSIKA,Teknik atau rekayasa,"Fisika, Matematika Tingkat Lanjut, Matematika",42.0,328.0,48.0,285.0,598.22,88.66,S1
331005.0,UNIVERSITAS SINGAPERBANGSA KARAWANG,INFORMATIKA,Prov. Jawa Barat,Kab Karawang,UNSIKA,Ilmu atau Sains Informasi,"Matematika Tingkat Lanjut, Matematika",63.0,1126.0,72.0,106.0,610.11,89.26,S1
331006.0,UNIVERSITAS SINGAPERBANGSA KARAWANG,PENDIDIKAN MATEMATIKA,Prov. Jawa Barat,Kab Karawang,UNSIKA,Pendidikan Matematika,"Matematika, Matematika Tingkat Lanjut",63.0,283.0,72.0,259.0,535.88,85.54,S1
331007.0,UNIVERSITAS SINGAPERBANGSA KARAWANG,AGROBISNIS,Prov. Jawa Barat,Kab Karawang,UNSIKA,Ilmu dan Sains Pertanian,"Biologi, Matematika",42.0,378.0,48.0,346.0,538.87,85.69,S1
331008.0,UNIVERSITAS SINGAPERBANGSA KARAWANG,FARMASI,Prov. Jawa Barat,Kab Karawang,UNSIKA,Ilmu Farmasi,"Biologi, Kimia, Matematika",25.0,1058.0,28.0,910.0,629.19,90.21,S1
331009.0,UNIVERSITAS SINGAPERBANGSA KARAWANG,ILMU GIZI,Prov. Jawa Barat,Kab Karawang,UNSIKA,Ilmu atau Sains Gizi,"Biologi, Kimia, Matematika",25.0,788.0,28.0,692.0,599.17,88.71,S1
331010.0,UNIVERSITAS SINGAPERBANGSA KARAWANG,TEKNIK KIMIA,Prov. Jawa Barat,Kab Karawang,UNSIKA,Teknik atau rekayasa,"Fisika, Matematika Tingkat Lanjut, Matematika",25.0,244.0,28.0,171.0,606.5,89.08,S1
331011.0,UNIVERSITAS SINGAPERBANGSA KARAWANG,ILMU KEOLAHRAGAAN,Prov. Jawa Barat,Kab Karawang,UNSIKA,Ilmu atau Sains Keolahragaan,"PJOK, Biologi",25.0,46.0,28.0,53.0,498.27,83.66,S1
331012.0,UNIVERSITAS SINGAPERBANGSA KARAWANG,SISTEM INFORMASI,Prov. Jawa Barat,Kab Karawang,UNSIKA,Ilmu atau Sains Informasi,"Matematika Tingkat Lanjut, Matematika",42.0,702.0,48.0,663.0,578.24,87.66,S1
331013.0,UNIVERSITAS SINGAPERBANGSA KARAWANG,TEKNIK LINGKUNGAN,Prov. Jawa Barat,Kab Karawang,UNSIKA,Ilmu atau Sains Lingkungan,"Biologi, Matematika",25.0,280.0,28.0,240.0,569.32,87.22,S1
331014.0,UNIVERSITAS SINGAPERBANGSA KARAWANG,HUKUM,Prov. Jawa Barat,Kab Karawang,UNSIKA,Hukum,"Sosiologi, Pendidikan Pancasila",84.0,638.0,96.0,928.0,531.28,85.31,S1
331015.0,UNIVERSITAS SINGAPERBANGSA KARAWANG,MANAJEMEN,Prov. Jawa Barat,Kab Karawang,UNSIKA,Ilmu atau Sains Manajemen,"Ekonomi, Matematika",84.0,1514.0,96.0,1508.0,617.37,89.62,S1
331016.0,UNIVERSITAS SINGAPERBANGSA KARAWANG,AKUNTANSI - S1,Prov. Jawa Barat,Kab Karawang,UNSIKA,Ilmu atau Sains Akuntansi,"Ekonomi, Matematika",81.0,945.0,92.0,842.0,623.72,89.94,S1
331017.0,UNIVERSITAS SINGAPERBANGSA KARAWANG,PENDIDIKAN MASYARAKAT,Prov. Jawa Barat,Kab Karawang,UNSIKA,Pendidikan Masyarakat,Sosiologi,37.0,103.0,42.0,152.0,502.11,83.86,S1
331018.0,UNIVERSITAS SINGAPERBANGSA KARAWANG,PENDIDIKAN BAHASA INGGRIS,Prov. Jawa Barat,Kab Karawang,UNSIKA,Pendidikan Bahasa Inggris,Bahasa Inggris,61.0,329.0,70.0,450.0,519.43,84.72,S1
331019.0,UNIVERSITAS SINGAPERBANGSA KARAWANG,PENDIDIKAN JASMANI KESEHATAN DAN REKREASI,Prov. Jawa Barat,Kab Karawang,UNSIKA,Pendidikan Jasmani Kesehatan,"Pendidikan Jasmani, Biologi",61.0,71.0,70.0,120.0,495.53,83.53,S1
331020.0,UNIVERSITAS SINGAPERBANGSA KARAWANG,PENDIDIKAN BAHASA DAN SASTRA INDONESIA,Prov. Jawa Barat,Kab Karawang,UNSIKA,Pendidikan Bahasa Indonesia,Bahasa Indonesia,53.0,365.0,60.0,414.0,519.93,84.75,S1
331021.0,UNIVERSITAS SINGAPERBANGSA KARAWANG,ILMU PEMERINTAHAN,Prov. Jawa Barat,Kab Karawang,UNSIKA,Urusan Publik,"Sosiologi, Pendidikan Pancasila",61.0,487.0,70.0,670.0,599.22,88.71,S1
331022.0,UNIVERSITAS SINGAPERBANGSA KARAWANG,ILMU KOMUNIKASI,Prov. Jawa Barat,Kab Karawang,UNSIKA,Ilmu atau Sains Komunikasi,"Sosiologi, Bahasa Indonesia, Antropologi",61.0,852.0,70.0,1397.0,595.44,88.52,S1
331023.0,UNIVERSITAS SINGAPERBANGSA KARAWANG,HUBUNGAN INTERNASIONAL,Prov. Jawa Barat,Kab Karawang,UNSIKA,Ilmu atau Sains Komunikasi,"Sosiologi, Bahasa Indonesia, Antropologi",25.0,254.0,28.0,470.0,614.56,89.48,S1
331024.0,UNIVERSITAS SINGAPERBANGSA KARAWANG,AKUNTANSI - D3,Prov. Jawa Barat,Kab Karawang,UNSIKA,Ilmu atau Sains Akuntansi,"Ekonomi, Matematika",12.0,0.0,14.0,0.0,0.0,0.0,D3
331025.0,UNIVERSITAS SINGAPERBANGSA KARAWANG,TEKNIK MESIN - D3,Prov. Jawa Barat,Kab Karawang,UNSIKA,Teknik atau rekayasa,"Fisika, Matematika Tingkat Lanjut, Matematika",21.0,0.0,24.0,0.0,0.0,0.0,D3
331026.0,UNIVERSITAS SINGAPERBANGSA KARAWANG,KEBIDANAN,Prov. Jawa Barat,Kab Karawang,UNSIKA,Kebidanan,"Biologi, Matematika",21.0,0.0,24.0,0.0,0.0,0.0,D3
332001.0,INSTITUT TEKNOLOGI BANDUNG,FAK. ILMU DAN TEKNOLOGI KEBUMIAN (FITB),Prov. Jawa Barat,Kota Bandung,ITB,Teknik atau rekayasa,"Fisika, Matematika Tingkat Lanjut, Matematika",166.0,562.0,150.0,1059.0,639.61,90.73,S1
332002.0,INSTITUT TEKNOLOGI BANDUNG,FAK. TEKNIK PERTAMB. & PERMINYAKAN (FTTM),Prov. Jawa Barat,Kota Bandung,ITB,Teknik atau rekayasa,"Fisika, Matematika Tingkat Lanjut, Matematika",146.0,907.0,125.0,2009.0,637.63,90.63,S1
332004.0,INSTITUT TEKNOLOGI BANDUNG,FAKULTAS TEKNIK SIPIL & LINGKUNGAN (FTSL) - KAMPUS GANESA,Prov. Jawa Barat,Kota Bandung,ITB,Ilmu atau Sains Lingkungan,"Biologi, Matematika",140.0,600.0,134.0,1171.0,655.72,91.54,S1
332005.0,INSTITUT TEKNOLOGI BANDUNG,SEKOLAH FARMASI (SF),Prov. Jawa Barat,Kota Bandung,ITB,Ilmu Farmasi,"Biologi, Kimia, Matematika",67.0,670.0,56.0,906.0,644.65,90.98,S1
332006.0,INSTITUT TEKNOLOGI BANDUNG,SEKOLAH ILMU & TEKNO. HAYATI - PROG. SAINS,Prov. Jawa Barat,Kota Bandung,ITB,Teknik atau rekayasa,"Fisika, Matematika Tingkat Lanjut, Matematika",74.0,310.0,69.0,427.0,628.24,90.16,S1
332008.0,INSTITUT TEKNOLOGI BANDUNG,FAKULTAS TEKNOLOGI INDUSTRI (FTI) - KAMPUS GANESA,Prov. Jawa Barat,Kota Bandung,ITB,Teknik atau rekayasa,"Fisika, Matematika Tingkat Lanjut, Matematika",156.0,889.0,122.0,1317.0,627.73,90.14,S1
332009.0,INSTITUT TEKNOLOGI BANDUNG,FAKULTAS TEKNIK MESIN & DIRGANTARA (FTMD),Prov. Jawa Barat,Kota Bandung,ITB,Teknik atau rekayasa,"Fisika, Matematika Tingkat Lanjut, Matematika",123.0,548.0,107.0,1202.0,666.12,92.06,S1
332010.0,INSTITUT TEKNOLOGI BANDUNG,"SEK. ARSITEKTUR, PERENC & PENGEMB KEBIJAKAN",Prov. Jawa Barat,Kota Bandung,ITB,Arsitektur,"Matematika, Fisika",81.0,709.0,64.0,1242.0,643.63,90.93,S1
332012.0,INSTITUT TEKNOLOGI BANDUNG,SEKOLAH ILMU & TEKNO HAYATI - PROG REKAYASA,Prov. Jawa Barat,Kota Bandung,ITB,Teknik atau rekayasa,"Fisika, Matematika Tingkat Lanjut, Matematika",151.0,454.0,101.0,517.0,633.11,90.41,S1
332013.0,INSTITUT TEKNOLOGI BANDUNG,FAKULTAS TEKNIK SIPIL DAN LINGKUNGAN (FTSL) - KAMPUS JATINANGOR,Prov. Jawa Barat,Kota Bandung,ITB,Ilmu atau Sains Lingkungan,"Biologi, Matematika",60.0,332.0,40.0,439.0,640.95,90.8,S1
332014.0,INSTITUT TEKNOLOGI BANDUNG,FAKULTAS TEKNOLOGI INDUSTRI (FTI) - KAMPUS JATINANGOR,Prov. Jawa Barat,Kota Bandung,ITB,Teknik atau rekayasa,"Fisika, Matematika Tingkat Lanjut, Matematika",60.0,477.0,40.0,547.0,631.53,90.33,S1
332015.0,INSTITUT TEKNOLOGI BANDUNG,FAKULTAS TEKNOLOGI INDUSTRI (FTI) - KAMPUS CIREBON,Prov. Jawa Barat,Kota Bandung,ITB,Teknik atau rekayasa,"Fisika, Matematika Tingkat Lanjut, Matematika",30.0,331.0,20.0,353.0,637.37,90.62,S1
332016.0,INSTITUT TEKNOLOGI BANDUNG,"SEK. ARSITEKTUR, PERENC & PENGEMB KEBIJAKAN (SAPPK) - KAMPUS CIREBON",Prov. Jawa Barat,Kota Bandung,ITB,Arsitektur,"Matematika, Fisika",30.0,243.0,20.0,298.0,645.14,91.01,S1
332017.0,INSTITUT TEKNOLOGI BANDUNG,FAK. TEKNIK PERTAMB. & PERMINYAKAN (FTTM) - KAMPUS CIREBON,Prov. Jawa Barat,Kota Bandung,ITB,Teknik atau rekayasa,"Fisika, Matematika Tingkat Lanjut, Matematika",72.0,514.0,48.0,657.0,649.67,91.23,S1
332018.0,INSTITUT TEKNOLOGI BANDUNG,FAKULTAS ILMU DAN TEKNOLOGI KEBUMIAN (FITB) - KAMPUS CIREBON,Prov. Jawa Barat,Kota Bandung,ITB,Teknik atau rekayasa,"Fisika, Matematika Tingkat Lanjut, Matematika",30.0,165.0,20.0,198.0,630.25,90.26,S1
332019.0,INSTITUT TEKNOLOGI BANDUNG,FMIPA-MATEMATIKA,Prov. Jawa Barat,Kota Bandung,ITB,Matematika,"Matematika Tingkat Lanjut, Matematika",93.0,525.0,56.0,692.0,635.44,90.52,S1
332020.0,INSTITUT TEKNOLOGI BANDUNG,FMIPA-ILMU PENGETAHUAN ALAM,Prov. Jawa Barat,Kota Bandung,ITB,Matematika,"Matematika Tingkat Lanjut, Matematika",167.0,419.0,91.0,468.0,626.0,90.05,S1
332021.0,INSTITUT TEKNOLOGI BANDUNG,SEKOLAH TEKNIK ELEKTRO DAN INFORMATIKA (STEI) - KOMPUTASI,Prov. Jawa Barat,Kota Bandung,ITB,Komputer,"Matematika Tingkat Lanjut, Matematika",112.0,1487.0,110.0,343.0,677.25,92.61,S1
332022.0,INSTITUT TEKNOLOGI BANDUNG,SEKOLAH TEKNIK ELEKTRO DAN INFORMATIKA (STEI) - REKAYASA,Prov. Jawa Barat,Kota Bandung,ITB,Teknik atau rekayasa,"Fisika, Matematika Tingkat Lanjut, Matematika",102.0,545.0,99.0,1058.0,667.93,92.15,S1
332023.0,INSTITUT TEKNOLOGI BANDUNG,FAKULTAS SENIRUPA DAN DESAIN (FSRD),Prov. Jawa Barat,Kota Bandung,ITB,Seni,Seni Budaya,111.0,887.0,171.0,1793.0,628.62,90.18,S1
332024.0,INSTITUT TEKNOLOGI BANDUNG,SEKOLAH BISNIS DAN MANAJEMEN (SBM),Prov. Jawa Barat,Kota Bandung,ITB,Bisnis,"Ekonomi, Matematika",84.0,1108.0,84.0,1974.0,664.47,91.97,S1
332025.0,INSTITUT TEKNOLOGI BANDUNG,FAKULTAS SENIRUPA DAN DESAIN (FSRD) - KAMPUS CIREBON,Prov. Jawa Barat,Kota Bandung,ITB,Seni,Seni Budaya,22.0,54.0,28.0,185.0,618.31,89.67,S1
333001.0,UNIVERSITAS PADJADJARAN,KEDOKTERAN,Prov. Jawa Barat,Kab Sumedang,UNPAD,Ilmu atau Sains Kedokteran,"Biologi, Kimia, Matematika",58.0,1864.0,115.0,3544.0,693.14,93.41,S1
333002.0,UNIVERSITAS PADJADJARAN,MATEMATIKA,Prov. Jawa Barat,Kab Sumedang,UNPAD,Matematika,"Matematika Tingkat Lanjut, Matematika",22.0,331.0,44.0,441.0,625.8,90.04,S1
333003.0,UNIVERSITAS PADJADJARAN,KIMIA,Prov. Jawa Barat,Kab Sumedang,UNPAD,Kimia,"Kimia, Matematika",22.0,379.0,44.0,408.0,621.58,89.83,S1
333004.0,UNIVERSITAS PADJADJARAN,FISIKA,Prov. Jawa Barat,Kab Sumedang,UNPAD,Fisika,"Fisika, Matematika",18.0,131.0,36.0,182.0,609.47,89.22,S1
333005.0,UNIVERSITAS PADJADJARAN,BIOLOGI,Prov. Jawa Barat,Kab Sumedang,UNPAD,Biologi,"Biologi, Matematika",27.0,387.0,53.0,560.0,602.95,88.9,S1
333006.0,UNIVERSITAS PADJADJARAN,STATISTIK,Prov. Jawa Barat,Kab Sumedang,UNPAD,Sains Data,"Matematika Tingkat Lanjut, Matematika",22.0,495.0,44.0,703.0,611.66,89.33,S1
333007.0,UNIVERSITAS PADJADJARAN,AGROTEKNOLOGI,Prov. Jawa Barat,Kab Sumedang,UNPAD,Ilmu dan Sains Pertanian,"Biologi, Matematika",88.0,679.0,176.0,1159.0,592.37,88.37,S1
333008.0,UNIVERSITAS PADJADJARAN,AGROBISNIS,Prov. Jawa Barat,Kab Sumedang,UNPAD,Ilmu dan Sains Pertanian,"Biologi, Matematika",33.0,538.0,66.0,936.0,624.21,89.96,S1
333009.0,UNIVERSITAS PADJADJARAN,KEDOKTERAN GIGI,Prov. Jawa Barat,Kab Sumedang,UNPAD,Ilmu atau Sains Kedokteran Gigi,"Biologi, Kimia, Matematika",25.0,732.0,49.0,134.0,658.65,91.68,S1
333010.0,UNIVERSITAS PADJADJARAN,PETERNAKAN,Prov. Jawa Barat,Kab Sumedang,UNPAD,Peternakan,"Biologi, Matematika",78.0,615.0,155.0,886.0,590.65,88.28,S1
333011.0,UNIVERSITAS PADJADJARAN,PERIKANAN,Prov. Jawa Barat,Kab Sumedang,UNPAD,Ilmu atau Sains Perikanan,"Biologi, Matematika",44.0,291.0,88.0,359.0,591.68,88.33,S1
333012.0,UNIVERSITAS PADJADJARAN,KEPERAWATAN,Prov. Jawa Barat,Kab Sumedang,UNPAD,Keperawatan,"Biologi, Matematika",44.0,2531.0,88.0,2101.0,626.8,90.09,S1
333013.0,UNIVERSITAS PADJADJARAN,ILMU KELAUTAN,Prov. Jawa Barat,Kab Sumedang,UNPAD,Ilmu atau Sains Kelautan,"Biologi, Matematika, Geografi",28.0,310.0,55.0,333.0,617.71,89.64,S1
333014.0,UNIVERSITAS PADJADJARAN,TEKNOLOGI PANGAN,Prov. Jawa Barat,Kab Sumedang,UNPAD,"Teknologi Pangan, Teknologi Hasil Pertanian/ Peternakan/ Perikanan","Kimia, Biologi, Matematika",31.0,723.0,62.0,1198.0,623.99,89.95,S1
333015.0,UNIVERSITAS PADJADJARAN,TEKNIK PERTANIAN,Prov. Jawa Barat,Kab Sumedang,UNPAD,Teknik atau rekayasa,"Fisika, Matematika Tingkat Lanjut, Matematika",27.0,317.0,53.0,419.0,624.77,89.99,S1
333016.0,UNIVERSITAS PADJADJARAN,FARMASI,Prov. Jawa Barat,Kab Sumedang,UNPAD,Ilmu Farmasi,"Biologi, Kimia, Matematika",39.0,2116.0,78.0,2544.0,650.65,91.28,S1
333017.0,UNIVERSITAS PADJADJARAN,TEKNIK GEOLOGI,Prov. Jawa Barat,Kab Sumedang,UNPAD,Ilmu atau Sains Kebumian,"Fisika, Matematika Tingkat Lanjut, Matematika",40.0,556.0,80.0,777.0,640.21,90.76,S1
333018.0,UNIVERSITAS PADJADJARAN,PSIKOLOGI,Prov. Jawa Barat,Kab Sumedang,UNPAD,Psikologi,"Sosiologi, Matematika",42.0,2041.0,84.0,3309.0,646.43,91.07,S1
333019.0,UNIVERSITAS PADJADJARAN,GEOFISIKA,Prov. Jawa Barat,Kab Sumedang,UNPAD,Ilmu atau Sains Kebumian,"Fisika, Matematika Tingkat Lanjut, Matematika",14.0,212.0,27.0,193.0,636.44,90.57,S1
333020.0,UNIVERSITAS PADJADJARAN,TEKNIK INFORMATIKA,Prov. Jawa Barat,Kab Sumedang,UNPAD,Teknik atau rekayasa,"Fisika, Matematika Tingkat Lanjut, Matematika",22.0,1762.0,44.0,2906.0,655.4,91.52,S1
333021.0,UNIVERSITAS PADJADJARAN,TEKNOLOGI INDUSTRI PERTANIAN,Prov. Jawa Barat,Kab Sumedang,UNPAD,Ilmu dan Sains Pertanian,"Biologi, Matematika",18.0,342.0,36.0,387.0,607.29,89.11,S1
333022.0,UNIVERSITAS PADJADJARAN,TEKNIK ELEKTRO,Prov. Jawa Barat,Kab Sumedang,UNPAD,Teknik atau rekayasa,"Fisika, Matematika Tingkat Lanjut, Matematika",14.0,346.0,27.0,413.0,631.75,90.34,S1
333023.0,UNIVERSITAS PADJADJARAN,KEDOKTERAN HEWAN,Prov. Jawa Barat,Kab Sumedang,UNPAD,Ilmu atau Sains Veteriner,"Biologi, Kimia, Matematika",13.0,315.0,25.0,529.0,602.12,88.86,S1
333028.0,UNIVERSITAS PADJADJARAN,AKTUARIA,Prov. Jawa Barat,Kab Sumedang,UNPAD,Sains Data,"Matematika Tingkat Lanjut, Matematika",12.0,353.0,23.0,283.0,610.45,89.27,S1
333030.0,UNIVERSITAS PADJADJARAN,PERIKANAN PSDKU PANGANDARAN,Prov. Jawa Barat,Kab Sumedang,UNPAD,Ilmu atau Sains Perikanan,"Biologi, Matematika",14.0,80.0,28.0,77.0,595.65,88.53,S1
333031.0,UNIVERSITAS PADJADJARAN,PETERNAKAN PSDKU PANGANDARAN,Prov. Jawa Barat,Kab Sumedang,UNPAD,Peternakan,"Biologi, Matematika",9.0,165.0,18.0,333.0,578.02,87.65,S1
333032.0,UNIVERSITAS PADJADJARAN,KEPERAWATAN PSDKU PANGANDARAN,Prov. Jawa Barat,Kab Sumedang,UNPAD,Keperawatan,"Biologi, Matematika",11.0,287.0,22.0,299.0,602.07,88.85,S1
333033.0,UNIVERSITAS PADJADJARAN,HUKUM,Prov. Jawa Barat,Kab Sumedang,UNPAD,Hukum,"Sosiologi, Pendidikan Pancasila",99.0,1619.0,198.0,3667.0,623.64,89.93,S1
333034.0,UNIVERSITAS PADJADJARAN,AKUNTANSI,Prov. Jawa Barat,Kab Sumedang,UNPAD,Ilmu atau Sains Akuntansi,"Ekonomi, Matematika",30.0,1151.0,60.0,1445.0,663.44,91.92,S1
333035.0,UNIVERSITAS PADJADJARAN,EKONOMI,Prov. Jawa Barat,Kab Sumedang,UNPAD,Ekonomi,"Ekonomi, Matematika",27.0,567.0,53.0,951.0,620.08,89.75,S1
333036.0,UNIVERSITAS PADJADJARAN,MANAJEMEN,Prov. Jawa Barat,Kab Sumedang,UNPAD,Ilmu atau Sains Manajemen,"Ekonomi, Matematika",27.0,2274.0,53.0,2774.0,654.11,91.46,S1
333037.0,UNIVERSITAS PADJADJARAN,ADMINISTRASI PUBLIK,Prov. Jawa Barat,Kab Sumedang,UNPAD,Administrasi Bisnis,"Ekonomi, Matematika",16.0,667.0,31.0,1101.0,614.58,89.48,S1
333038.0,UNIVERSITAS PADJADJARAN,HUBUNGAN INTERNASIONAL,Prov. Jawa Barat,Kab Sumedang,UNPAD,Ilmu atau Sains Komunikasi,"Sosiologi, Bahasa Indonesia, Antropologi",27.0,1043.0,53.0,1772.0,648.85,91.19,S1
333039.0,UNIVERSITAS PADJADJARAN,ILMU KESEJAHTERAAN SOSIAL,Prov. Jawa Barat,Kab Sumedang,UNPAD,Studi Humanitas,"Sosiologi, Pendidikan Pancasila, Antropologi",14.0,406.0,27.0,716.0,594.05,88.45,S1
333040.0,UNIVERSITAS PADJADJARAN,ILMU PEMERINTAHAN,Prov. Jawa Barat,Kab Sumedang,UNPAD,Urusan Publik,"Sosiologi, Pendidikan Pancasila",16.0,455.0,31.0,731.0,608.97,89.2,S1
333041.0,UNIVERSITAS PADJADJARAN,ANTROPOLOGI,Prov. Jawa Barat,Kab Sumedang,UNPAD,Studi Humanitas,"Sosiologi, Pendidikan Pancasila, Antropologi",9.0,275.0,18.0,390.0,571.77,87.34,S1
333042.0,UNIVERSITAS PADJADJARAN,ILMU ADMINISTRASI BISNIS - S1,Prov. Jawa Barat,Kab Sumedang,UNPAD,Administrasi Bisnis,"Ekonomi, Matematika",20.0,921.0,40.0,1206.0,615.95,89.55,S1
333043.0,UNIVERSITAS PADJADJARAN,SASTRA INDONESIA,Prov. Jawa Barat,Kab Sumedang,UNPAD,Susastra atau Sastra,"Bahasa Indonesia, Bahasa Inggris, Bahasa Asing Lainnya",25.0,422.0,49.0,500.0,597.59,88.63,S1
333044.0,UNIVERSITAS PADJADJARAN,SASTRA DAERAH UNTUK SASTRA SUNDA,Prov. Jawa Barat,Kab Sumedang,UNPAD,Susastra atau Sastra,"Bahasa Indonesia, Bahasa Inggris, Bahasa Asing Lainnya",18.0,170.0,36.0,207.0,529.7,85.24,S1
333045.0,UNIVERSITAS PADJADJARAN,SEJARAH,Prov. Jawa Barat,Kab Sumedang,UNPAD,Sejarah,Sejarah,25.0,330.0,49.0,650.0,568.73,87.19,S1
333046.0,UNIVERSITAS PADJADJARAN,SASTRA INGGRIS,Prov. Jawa Barat,Kab Sumedang,UNPAD,Susastra atau Sastra,"Bahasa Indonesia, Bahasa Inggris, Bahasa Asing Lainnya",25.0,799.0,50.0,132.0,623.16,89.91,S1
333047.0,UNIVERSITAS PADJADJARAN,SASTRA PERANCIS,Prov. Jawa Barat,Kab Sumedang,UNPAD,Susastra atau Sastra,"Bahasa Indonesia, Bahasa Inggris, Bahasa Asing Lainnya",14.0,115.0,27.0,343.0,590.18,88.26,S1
333048.0,UNIVERSITAS PADJADJARAN,SASTRA JEPANG,Prov. Jawa Barat,Kab Sumedang,UNPAD,Susastra atau Sastra,"Bahasa Indonesia, Bahasa Inggris, Bahasa Asing Lainnya",25.0,515.0,50.0,858.0,609.8,89.24,S1
333049.0,UNIVERSITAS PADJADJARAN,SASTRA RUSIA,Prov. Jawa Barat,Kab Sumedang,UNPAD,Susastra atau Sastra,"Bahasa Indonesia, Bahasa Inggris, Bahasa Asing Lainnya",12.0,58.0,23.0,161.0,582.52,87.88,S1
333050.0,UNIVERSITAS PADJADJARAN,SASTRA JERMAN,Prov. Jawa Barat,Kab Sumedang,UNPAD,Susastra atau Sastra,"Bahasa Indonesia, Bahasa Inggris, Bahasa Asing Lainnya",12.0,145.0,23.0,198.0,595.85,88.54,S1
333051.0,UNIVERSITAS PADJADJARAN,SASTRA ARAB,Prov. Jawa Barat,Kab Sumedang,UNPAD,Susastra atau Sastra,"Bahasa Indonesia, Bahasa Inggris, Bahasa Asing Lainnya",25.0,321.0,49.0,423.0,559.84,86.74,S1
333052.0,UNIVERSITAS PADJADJARAN,ILMU KOMUNIKASI,Prov. Jawa Barat,Kab Sumedang,UNPAD,Ilmu atau Sains Komunikasi,"Sosiologi, Bahasa Indonesia, Antropologi",22.0,1876.0,44.0,2908.0,631.67,90.33,S1
333053.0,UNIVERSITAS PADJADJARAN,PERPUSTAKAAN,Prov. Jawa Barat,Kab Sumedang,UNPAD,Ilmu atau Sains Komunikasi,"Sosiologi, Bahasa Indonesia, Antropologi",22.0,379.0,44.0,602.0,581.39,87.82,S1
333054.0,UNIVERSITAS PADJADJARAN,SOSIOLOGI,Prov. Jawa Barat,Kab Sumedang,UNPAD,Studi Humanitas,"Sosiologi, Pendidikan Pancasila, Antropologi",9.0,400.0,18.0,491.0,598.0,88.65,S1
333055.0,UNIVERSITAS PADJADJARAN,ILMU POLITIK,Prov. Jawa Barat,Kab Sumedang,UNPAD,Sosial,"Sosiologi, Sejarah, Antropologi",12.0,396.0,23.0,529.0,615.94,89.55,S1
333056.0,UNIVERSITAS PADJADJARAN,HUBUNGAN MASYARAKAT,Prov. Jawa Barat,Kab Sumedang,UNPAD,Studi Humanitas,"Sosiologi, Pendidikan Pancasila, Antropologi",22.0,521.0,44.0,961.0,613.98,89.45,S1
333057.0,UNIVERSITAS PADJADJARAN,EKONOMI ISLAM,Prov. Jawa Barat,Kab Sumedang,UNPAD,Ekonomi,"Ekonomi, Matematika",27.0,389.0,53.0,437.0,616.31,89.57,S1
333058.0,UNIVERSITAS PADJADJARAN,MANAJEMEN KOMUNIKASI,Prov. Jawa Barat,Kab Sumedang,UNPAD,Ilmu atau Sains Komunikasi,"Sosiologi, Bahasa Indonesia, Antropologi",22.0,725.0,44.0,842.0,622.16,89.86,S1
333059.0,UNIVERSITAS PADJADJARAN,JURNALISTIK,Prov. Jawa Barat,Kab Sumedang,UNPAD,Ilmu atau Sains Komunikasi,"Sosiologi, Bahasa Indonesia, Antropologi",22.0,476.0,44.0,694.0,613.86,89.44,S1
333060.0,UNIVERSITAS PADJADJARAN,TELEVISI DAN FILM,Prov. Jawa Barat,Kab Sumedang,UNPAD,Ilmu atau Sains Komunikasi,"Sosiologi, Bahasa Indonesia, Antropologi",22.0,643.0,44.0,945.0,570.71,87.29,S1
333064.0,UNIVERSITAS PADJADJARAN,BISNIS DIGITAL,Prov. Jawa Barat,Kab Sumedang,UNPAD,Bisnis,"Ekonomi, Matematika",18.0,816.0,36.0,1742.0,623.72,89.94,S1
333065.0,UNIVERSITAS PADJADJARAN,ADMINISTRASI BISNIS PSDKU PANGANDARAN,Prov. Jawa Barat,Kab Sumedang,UNPAD,Administrasi Bisnis,"Ekonomi, Matematika",8.0,121.0,16.0,156.0,613.81,89.44,S1
333066.0,UNIVERSITAS PADJADJARAN,ILMU KOMUNIKASI PSDKU PANGANDARAN,Prov. Jawa Barat,Kab Sumedang,UNPAD,Ilmu atau Sains Komunikasi,"Sosiologi, Bahasa Indonesia, Antropologi",11.0,141.0,22.0,190.0,632.6,90.38,S1
334001.0,UNIVERSITAS PENDIDIKAN INDONESIA,PENDIDIKAN MATEMATIKA,Prov. Jawa Barat,Kota Bandung,UPI,Pendidikan Matematika,"Matematika, Matematika Tingkat Lanjut",18.0,488.0,45.0,530.0,611.41,89.32,S1
334002.0,UNIVERSITAS PENDIDIKAN INDONESIA,PENDIDIKAN FISIKA,Prov. Jawa Barat,Kota Bandung,UPI,Pendidikan Fisika,Fisika,30.0,225.0,45.0,165.0,600.1,88.76,S1
334003.0,UNIVERSITAS PENDIDIKAN INDONESIA,PENDIDIKAN BIOLOGI,Prov. Jawa Barat,Kota Bandung,UPI,Pendidikan Biologi,Biologi,22.0,550.0,43.0,518.0,594.68,88.48,S1
334004.0,UNIVERSITAS PENDIDIKAN INDONESIA,PENDIDIKAN KIMIA,Prov. Jawa Barat,Kota Bandung,UPI,Pendidikan Kimia,Kimia,16.0,289.0,40.0,277.0,593.29,88.41,S1
334005.0,UNIVERSITAS PENDIDIKAN INDONESIA,PENDIDIKAN ILMU KOMPUTER,Prov. Jawa Barat,Kota Bandung,UPI,Pendidikan Informatika,"Matematika Tingkat Lanjut, Matematika",17.0,356.0,46.0,282.0,608.99,89.2,S1
334007.0,UNIVERSITAS PENDIDIKAN INDONESIA,FISIKA,Prov. Jawa Barat,Kota Bandung,UPI,Fisika,"Fisika, Matematika",25.0,137.0,40.0,107.0,595.47,88.52,S1
334008.0,UNIVERSITAS PENDIDIKAN INDONESIA,BIOLOGI,Prov. Jawa Barat,Kota Bandung,UPI,Biologi,"Biologi, Matematika",13.0,432.0,33.0,415.0,596.24,88.56,S1
334009.0,UNIVERSITAS PENDIDIKAN INDONESIA,KIMIA,Prov. Jawa Barat,Kota Bandung,UPI,Kimia,"Kimia, Matematika",20.0,403.0,50.0,419.0,603.64,88.93,S1
334010.0,UNIVERSITAS PENDIDIKAN INDONESIA,ILMU KOMPUTER,Prov. Jawa Barat,Kota Bandung,UPI,Komputer,"Matematika Tingkat Lanjut, Matematika",20.0,1015.0,49.0,1215.0,655.69,91.53,S1
334011.0,UNIVERSITAS PENDIDIKAN INDONESIA,PENDIDIKAN TEKNIK ARSITEKTUR,Prov. Jawa Barat,Kota Bandung,UPI,Pendidikan Teknik,"Fisika, Matematika Tingkat Lanjut, Matematika",26.0,286.0,33.0,191.0,615.14,89.51,S1
334012.0,UNIVERSITAS PENDIDIKAN INDONESIA,PENDIDIKAN TEKNIK BANGUNAN,Prov. Jawa Barat,Kota Bandung,UPI,Pendidikan Teknik,"Fisika, Matematika Tingkat Lanjut, Matematika",52.0,190.0,33.0,195.0,608.07,89.15,S1
334013.0,UNIVERSITAS PENDIDIKAN INDONESIA,PENDIDIKAN TEKNIK ELEKTRO,Prov. Jawa Barat,Kota Bandung,UPI,Pendidikan Teknik,"Fisika, Matematika Tingkat Lanjut, Matematika",18.0,156.0,27.0,127.0,608.8,89.19,S1
334014.0,UNIVERSITAS PENDIDIKAN INDONESIA,PENDIDIKAN TEKNIK MESIN,Prov. Jawa Barat,Kota Bandung,UPI,Pendidikan Teknik,"Fisika, Matematika Tingkat Lanjut, Matematika",22.0,163.0,33.0,211.0,611.77,89.34,S1
334015.0,UNIVERSITAS PENDIDIKAN INDONESIA,ILMU KEOLAHRAGAAN,Prov. Jawa Barat,Kota Bandung,UPI,Ilmu atau Sains Keolahragaan,"PJOK, Biologi",50.0,114.0,52.0,189.0,594.53,88.48,S1
334016.0,UNIVERSITAS PENDIDIKAN INDONESIA,TEKNIK ELEKTRO,Prov. Jawa Barat,Kota Bandung,UPI,Teknik atau rekayasa,"Fisika, Matematika Tingkat Lanjut, Matematika",11.0,372.0,32.0,417.0,656.85,91.59,S1
334017.0,UNIVERSITAS PENDIDIKAN INDONESIA,PENDIDIKAN TEKNOLOGI AGRO INDUSTRI,Prov. Jawa Barat,Kota Bandung,UPI,Ilmu dan Sains Pertanian,"Biologi, Matematika",16.0,245.0,22.0,210.0,597.07,88.6,S1
334018.0,UNIVERSITAS PENDIDIKAN INDONESIA,TEKNIK SIPIL,Prov. Jawa Barat,Kota Bandung,UPI,Teknik atau rekayasa,"Fisika, Matematika Tingkat Lanjut, Matematika",21.0,576.0,47.0,837.0,658.03,91.65,S1
334019.0,UNIVERSITAS PENDIDIKAN INDONESIA,PENDIDIKAN IPA,Prov. Jawa Barat,Kota Bandung,UPI,Pendidikan IPA,"Matematika, Biologi",10.0,217.0,20.0,200.0,598.64,88.68,S1
334020.0,UNIVERSITAS PENDIDIKAN INDONESIA,ARSITEKTUR,Prov. Jawa Barat,Kota Bandung,UPI,Arsitektur,"Matematika, Fisika",16.0,636.0,27.0,829.0,659.97,91.75,S1
334021.0,UNIVERSITAS PENDIDIKAN INDONESIA,PENDIDIKAN KELAUTAN DAN PERIKANAN KAMPUS SERANG,Prov. Jawa Barat,Kota Bandung,UPI,Ilmu dan Sains Pertanian,"Biologi, Matematika",32.0,77.0,63.0,118.0,606.25,89.06,S1
334022.0,UNIVERSITAS PENDIDIKAN INDONESIA,PENDIDIKAN MULTIMEDIA,Prov. Jawa Barat,Kota Bandung,UPI,Pendidikan Informatika,"Matematika Tingkat Lanjut, Matematika",35.0,303.0,45.0,234.0,579.17,87.71,S1
334023.0,UNIVERSITAS PENDIDIKAN INDONESIA,PENDIDIKAN SISTEM DAN TEKNOLOGI INFORMASI,Prov. Jawa Barat,Kota Bandung,UPI,Pendidikan Informatika,"Matematika Tingkat Lanjut, Matematika",37.0,207.0,43.0,188.0,587.34,88.12,S1
334024.0,UNIVERSITAS PENDIDIKAN INDONESIA,PENDIDIKAN TEKNIK OTOMOTIF,Prov. Jawa Barat,Kota Bandung,UPI,Pendidikan Teknik,"Fisika, Matematika Tingkat Lanjut, Matematika",32.0,277.0,53.0,147.0,603.28,88.91,S1
334025.0,UNIVERSITAS PENDIDIKAN INDONESIA,SISTEM INFORMASI KELAUTAN,Prov. Jawa Barat,Kota Bandung,UPI,Ilmu atau Sains Informasi,"Matematika Tingkat Lanjut, Matematika",37.0,111.0,63.0,100.0,530.69,85.28,S1
334026.0,UNIVERSITAS PENDIDIKAN INDONESIA,KEPELATIHAN FISIK OLAHRAGA,Prov. Jawa Barat,Kota Bandung,UPI,Ilmu atau Sains Keolahragaan,"PJOK, Biologi",30.0,87.0,48.0,124.0,550.51,86.28,S1
334027.0,UNIVERSITAS PENDIDIKAN INDONESIA,REKAYASA PERANGKAT LUNAK,Prov. Jawa Barat,Kota Bandung,UPI,Teknik atau rekayasa,"Fisika, Matematika Tingkat Lanjut, Matematika",35.0,297.0,45.0,367.0,601.56,88.83,S1
334028.0,UNIVERSITAS PENDIDIKAN INDONESIA,SISTEM TELEKOMUNIKASI,Prov. Jawa Barat,Kota Bandung,UPI,Ilmu atau Sains Komunikasi,"Sosiologi, Bahasa Indonesia, Antropologi",32.0,183.0,58.0,166.0,610.23,89.26,S1
334029.0,UNIVERSITAS PENDIDIKAN INDONESIA,KEPERAWATAN - KAMPUS SUMEDANG,Prov. Jawa Barat,Kota Bandung,UPI,Keperawatan,"Biologi, Matematika",87.0,1557.0,65.0,132.0,594.0,88.45,S1
334030.0,UNIVERSITAS PENDIDIKAN INDONESIA,TEKNIK LOGISTIK,Prov. Jawa Barat,Kota Bandung,UPI,Teknik atau rekayasa,"Fisika, Matematika Tingkat Lanjut, Matematika",20.0,238.0,48.0,367.0,583.49,87.92,S1
334031.0,UNIVERSITAS PENDIDIKAN INDONESIA,PENDIDIKAN TEKNIK OTOMASI INDUSTRI DAN ROBOTIKA,Prov. Jawa Barat,Kota Bandung,UPI,Pendidikan Teknik,"Fisika, Matematika Tingkat Lanjut, Matematika",13.0,66.0,20.0,104.0,589.32,88.22,S1
334032.0,UNIVERSITAS PENDIDIKAN INDONESIA,TEKNIK KOMPUTER,Prov. Jawa Barat,Kota Bandung,UPI,Komputer,"Matematika Tingkat Lanjut, Matematika",32.0,342.0,45.0,499.0,611.42,89.32,S1
334033.0,UNIVERSITAS PENDIDIKAN INDONESIA,LOGISTIK KELAUTAN,Prov. Jawa Barat,Kota Bandung,UPI,Ilmu atau Sains Kelautan,"Biologi, Matematika, Geografi",35.0,98.0,67.0,122.0,579.41,87.72,S1
334034.0,UNIVERSITAS PENDIDIKAN INDONESIA,ILMU GIZI,Prov. Jawa Barat,Kota Bandung,UPI,Ilmu atau Sains Gizi,"Biologi, Kimia, Matematika",30.0,1423.0,35.0,1413.0,612.3,89.37,S1
334035.0,UNIVERSITAS PENDIDIKAN INDONESIA,MEKATRONIKA DAN KECERDASAN BUATAN,Prov. Jawa Barat,Kota Bandung,UPI,Teknik atau rekayasa,"Fisika, Matematika Tingkat Lanjut, Matematika",32.0,126.0,48.0,119.0,570.39,87.27,S1
334036.0,UNIVERSITAS PENDIDIKAN INDONESIA,SURVEI PEMETAAN DAN INFORMASI GEOGRAFIS,Prov. Jawa Barat,Kota Bandung,UPI,"Geografi, Geografi Lingkungan, Sains Informasi Geografi","Geografi, Matematika, Fisika",32.0,151.0,43.0,223.0,571.18,87.31,D4
334037.0,UNIVERSITAS PENDIDIKAN INDONESIA,KEPERAWATAN,Prov. Jawa Barat,Kota Bandung,UPI,Keperawatan,"Biologi, Matematika",33.0,552.0,80.0,773.0,573.66,87.43,S1
334038.0,UNIVERSITAS PENDIDIKAN INDONESIA,ADMINISTRASI PENDIDIKAN,Prov. Jawa Barat,Kota Bandung,UPI,Manajemen Pendidikan,"Ekonomi, Sosiologi",30.0,479.0,32.0,569.0,584.58,87.98,S1
334039.0,UNIVERSITAS PENDIDIKAN INDONESIA,PENDIDIKAN BIMBINGAN DAN KONSELING,Prov. Jawa Barat,Kota Bandung,UPI,Psikologi,"Sosiologi, Matematika",29.0,116.0,51.0,1411.0,597.32,88.62,S1
334040.0,UNIVERSITAS PENDIDIKAN INDONESIA,PENDIDIKAN MASYARAKAT,Prov. Jawa Barat,Kota Bandung,UPI,Pendidikan Masyarakat,Sosiologi,20.0,275.0,48.0,343.0,595.36,88.52,S1
334041.0,UNIVERSITAS PENDIDIKAN INDONESIA,PENDIDIKAN KHUSUS,Prov. Jawa Barat,Kota Bandung,UPI,Pendidikan Khusus,"Matematika, Bahasa Indonesia",27.0,234.0,35.0,311.0,593.61,88.43,S1
334042.0,UNIVERSITAS PENDIDIKAN INDONESIA,TEKNOLOGI PENDIDIKAN,Prov. Jawa Barat,Kota Bandung,UPI,Pendidikan Informatika,"Matematika Tingkat Lanjut, Matematika",32.0,350.0,43.0,535.0,601.48,88.82,S1
334043.0,UNIVERSITAS PENDIDIKAN INDONESIA,PSIKOLOGI,Prov. Jawa Barat,Kota Bandung,UPI,Psikologi,"Sosiologi, Matematika",40.0,1476.0,90.0,2732.0,641.68,90.83,S1
334044.0,UNIVERSITAS PENDIDIKAN INDONESIA,PENDIDIKAN PANCASILA DAN KEWARGANEGARAAN,Prov. Jawa Barat,Kota Bandung,UPI,Pendidikan Pancasila,Pendidikan Pancasila,22.0,248.0,43.0,290.0,596.79,88.59,S1
334045.0,UNIVERSITAS PENDIDIKAN INDONESIA,PENDIDIKAN SEJARAH,Prov. Jawa Barat,Kota Bandung,UPI,Pendidikan Sejarah,Sejarah,22.0,377.0,43.0,475.0,596.01,88.55,S1
334046.0,UNIVERSITAS PENDIDIKAN INDONESIA,PENDIDIKAN GEOGRAFI,Prov. Jawa Barat,Kota Bandung,UPI,Pendidikan Geografi,Geografi,22.0,269.0,43.0,346.0,592.09,88.35,S1
334047.0,UNIVERSITAS PENDIDIKAN INDONESIA,PENDIDIKAN AGAMA ISLAM,Prov. Jawa Barat,Kota Bandung,UPI,Pendidikan Agama Islam,Agama Islam,45.0,941.0,46.0,861.0,530.94,85.3,S1
334048.0,UNIVERSITAS PENDIDIKAN INDONESIA,MANAJEMEN RESORT DAN LEISURE,Prov. Jawa Barat,Kota Bandung,UPI,Ilmu atau Sains Manajemen,"Ekonomi, Matematika",22.0,438.0,43.0,605.0,592.71,88.39,S1
334049.0,UNIVERSITAS PENDIDIKAN INDONESIA,MANAJEMEN PEMASARAN PARIWISATA,Prov. Jawa Barat,Kota Bandung,UPI,Pariwisata,"Ekonomi, Matematika",32.0,639.0,43.0,743.0,596.61,88.58,S1
334050.0,UNIVERSITAS PENDIDIKAN INDONESIA,MANAJEMEN INDUSTRI KATERING,Prov. Jawa Barat,Kota Bandung,UPI,Ilmu atau Sains Manajemen,"Ekonomi, Matematika",22.0,441.0,33.0,511.0,594.77,88.49,S1
334051.0,UNIVERSITAS PENDIDIKAN INDONESIA,PENDIDIKAN BAHASA DAN SASTRA INDONESIA,Prov. Jawa Barat,Kota Bandung,UPI,Pendidikan Bahasa Indonesia,Bahasa Indonesia,22.0,661.0,38.0,630.0,599.52,88.73,S1
334052.0,UNIVERSITAS PENDIDIKAN INDONESIA,PENDIDIKAN BAHASA SUNDA,Prov. Jawa Barat,Kota Bandung,UPI,Pendidikan Bahasa Sunda,"Bahasa Sunda, Bahasa Indonesia",32.0,331.0,53.0,311.0,521.53,84.83,S1
334053.0,UNIVERSITAS PENDIDIKAN INDONESIA,PENDIDIKAN BAHASA INGGRIS,Prov. Jawa Barat,Kota Bandung,UPI,Pendidikan Bahasa Inggris,Bahasa Inggris,27.0,695.0,43.0,760.0,616.35,89.57,S1
334054.0,UNIVERSITAS PENDIDIKAN INDONESIA,PENDIDIKAN BAHASA ARAB,Prov. Jawa Barat,Kota Bandung,UPI,Pendidikan Bahasa Arab,"Bahasa Indonesia, Bahasa Arab",27.0,395.0,43.0,493.0,523.9,84.95,S1
334055.0,UNIVERSITAS PENDIDIKAN INDONESIA,PENDIDIKAN BAHASA JEPANG,Prov. Jawa Barat,Kota Bandung,UPI,Pendidikan Bahsa Jepang,"Bahasa Indonesia, Bahasa Jepang",29.0,469.0,54.0,583.0,616.57,89.58,S1
334056.0,UNIVERSITAS PENDIDIKAN INDONESIA,PENDIDIKAN BAHASA JERMAN,Prov. Jawa Barat,Kota Bandung,UPI,Pendidikan Bahasa Jerman,"Bahasa Indoneisa, Bahasa Jerman",27.0,149.0,43.0,155.0,586.96,88.1,S1
334057.0,UNIVERSITAS PENDIDIKAN INDONESIA,PENDIDIKAN BAHASA PERANCIS,Prov. Jawa Barat,Kota Bandung,UPI,Pendidikan Bahasa Perancis,"Bahasa Indonesia, Bahasa Prancis",17.0,118.0,43.0,191.0,584.71,87.99,S1
334058.0,UNIVERSITAS PENDIDIKAN INDONESIA,PENDIDIKAN SENI RUPA DAN KERAJINAN,Prov. Jawa Barat,Kota Bandung,UPI,Pendidikan Seni,Seni Budaya,48.0,150.0,42.0,197.0,591.32,88.32,S1
334059.0,UNIVERSITAS PENDIDIKAN INDONESIA,PENDIDIKAN SENI TARI,Prov. Jawa Barat,Kota Bandung,UPI,Pendidikan Seni,Seni Budaya,42.0,151.0,60.0,146.0,593.71,88.44,S1
334060.0,UNIVERSITAS PENDIDIKAN INDONESIA,PENDIDIKAN SENI MUSIK,Prov. Jawa Barat,Kota Bandung,UPI,Pendidikan Seni,Seni Budaya,44.0,107.0,52.0,166.0,594.23,88.46,S1
334061.0,UNIVERSITAS PENDIDIKAN INDONESIA,BAHASA DAN SASTRA INGGRIS,Prov. Jawa Barat,Kota Bandung,UPI,Susastra atau Sastra,"Bahasa Indonesia, Bahasa Inggris, Bahasa Asing Lainnya",33.0,978.0,27.0,1293.0,638.21,90.66,S1
334062.0,UNIVERSITAS PENDIDIKAN INDONESIA,BAHASA DAN SASTRA INDONESIA,Prov. Jawa Barat,Kota Bandung,UPI,Susastra atau Sastra,"Bahasa Indonesia, Bahasa Inggris, Bahasa Asing Lainnya",22.0,557.0,38.0,624.0,610.16,89.26,S1
334063.0,UNIVERSITAS PENDIDIKAN INDONESIA,PENDIDIKAN KESEJAHTERAAN KELUARGA,Prov. Jawa Barat,Kota Bandung,UPI,Pendidikan Kesejahteraan Keluarga,"Seni Budaya, Biologi",28.0,164.0,22.0,190.0,592.67,88.38,S1
334064.0,UNIVERSITAS PENDIDIKAN INDONESIA,PENDIDIKAN TATA BOGA,Prov. Jawa Barat,Kota Bandung,UPI,Pendidikan Tataboga,"Biologi, Kimia",11.0,733.0,32.0,1031.0,596.53,88.58,S1
334065.0,UNIVERSITAS PENDIDIKAN INDONESIA,PENDIDIKAN TATA BUSANA,Prov. Jawa Barat,Kota Bandung,UPI,Pendidikan Seni,Seni Budaya,19.0,483.0,32.0,674.0,591.39,88.32,S1
334066.0,UNIVERSITAS PENDIDIKAN INDONESIA,PENDIDIKAN KEPELATIHAN OLAHRAGA,Prov. Jawa Barat,Kota Bandung,UPI,Pendidikan Jasmani Kesehatan,"Pendidikan Jasmani, Biologi",48.0,193.0,65.0,341.0,593.18,88.41,S1
334067.0,UNIVERSITAS PENDIDIKAN INDONESIA,PENDIDIKAN JASMANI KESEHATAN DAN REKREASI,Prov. Jawa Barat,Kota Bandung,UPI,Pendidikan Jasmani Kesehatan,"Pendidikan Jasmani, Biologi",89.0,375.0,103.0,577.0,594.93,88.5,S1
334068.0,UNIVERSITAS PENDIDIKAN INDONESIA,PENDIDIKAN AKUNTANSI,Prov. Jawa Barat,Kota Bandung,UPI,Pendidikan Ekonomi,Ekonomi,22.0,332.0,53.0,381.0,611.3,89.32,S1
334069.0,UNIVERSITAS PENDIDIKAN INDONESIA,PENDIDIKAN BISNIS,Prov. Jawa Barat,Kota Bandung,UPI,Pendidikan Ekonomi,Ekonomi,22.0,408.0,53.0,579.0,593.3,88.42,S1
334070.0,UNIVERSITAS PENDIDIKAN INDONESIA,PENDIDIKAN MANAJEMEN PERKANTORAN,Prov. Jawa Barat,Kota Bandung,UPI,Manajemen Pendidikan,"Ekonomi, Sosiologi",22.0,806.0,63.0,884.0,591.83,88.34,S1
334071.0,UNIVERSITAS PENDIDIKAN INDONESIA,PENDIDIKAN EKONOMI,Prov. Jawa Barat,Kota Bandung,UPI,Pendidikan Ekonomi,Ekonomi,22.0,348.0,53.0,248.0,591.37,88.32,S1
334072.0,UNIVERSITAS PENDIDIKAN INDONESIA,MANAJEMEN,Prov. Jawa Barat,Kota Bandung,UPI,Ilmu atau Sains Manajemen,"Ekonomi, Matematika",24.0,1523.0,60.0,2285.0,640.93,90.8,S1
334073.0,UNIVERSITAS PENDIDIKAN INDONESIA,AKUNTANSI,Prov. Jawa Barat,Kota Bandung,UPI,Ilmu atau Sains Akuntansi,"Ekonomi, Matematika",24.0,973.0,56.0,114.0,645.55,91.03,S1
334074.0,UNIVERSITAS PENDIDIKAN INDONESIA,PERPUSTAKAAN DAN ILMU INFORMASI,Prov. Jawa Barat,Kota Bandung,UPI,Ilmu atau Sains Komunikasi,"Sosiologi, Bahasa Indonesia, Antropologi",21.0,366.0,17.0,415.0,594.04,88.45,S1
334075.0,UNIVERSITAS PENDIDIKAN INDONESIA,PENDIDIKAN IPS,Prov. Jawa Barat,Kota Bandung,UPI,Pendidikan IPS,"Ekonomi, Sosiologi, Geografi",22.0,309.0,43.0,416.0,591.4,88.32,S1
334076.0,UNIVERSITAS PENDIDIKAN INDONESIA,PENDIDIKAN SOSIOLOGI,Prov. Jawa Barat,Kota Bandung,UPI,Pendidikan Sosiologi,Sosiologi,22.0,717.0,43.0,706.0,595.78,88.54,S1
334077.0,UNIVERSITAS PENDIDIKAN INDONESIA,PENDIDIKAN GURU SD (PENDIDIKAN JASMANI) KAMPUS BUMI SILIWANGI,Prov. Jawa Barat,Kota Bandung,UPI,Pendidikan Jasmani Kesehatan,"Pendidikan Jasmani, Biologi",42.0,89.0,64.0,117.0,597.69,88.63,S1
334078.0,UNIVERSITAS PENDIDIKAN INDONESIA,PENDIDIKAN GURU SD KAMPUS CIBIRU,Prov. Jawa Barat,Kota Bandung,UPI,Pendidikan SD,"Matematika, Bahasa Indonesia",75.0,1132.0,110.0,1016.0,593.58,88.43,S1
334079.0,UNIVERSITAS PENDIDIKAN INDONESIA,PENDIDIKAN GURU PAUD KAMPUS CIBIRU,Prov. Jawa Barat,Kota Bandung,UPI,Pendidikan PAUD,"Matematika, Bahasa Indonesia",45.0,222.0,65.0,304.0,591.52,88.33,S1
334080.0,UNIVERSITAS PENDIDIKAN INDONESIA,PENDIDIKAN GURU SD KAMPUS SUMEDANG,Prov. Jawa Barat,Kota Bandung,UPI,Pendidikan SD,"Matematika, Bahasa Indonesia",65.0,523.0,108.0,645.0,592.45,88.37,S1
334081.0,UNIVERSITAS PENDIDIKAN INDONESIA,PENDIDIKAN GURU SD (PENDIDIKAN JASMANI) KAMPUS SUMEDANG,Prov. Jawa Barat,Kota Bandung,UPI,Pendidikan Jasmani Kesehatan,"Pendidikan Jasmani, Biologi",60.0,81.0,100.0,100.0,591.97,88.35,S1
334082.0,UNIVERSITAS PENDIDIKAN INDONESIA,PENDIDIKAN GURU SD KAMPUS PURWAKARTA,Prov. Jawa Barat,Kota Bandung,UPI,Pendidikan SD,"Matematika, Bahasa Indonesia",49.0,404.0,101.0,398.0,597.84,88.64,S1
334083.0,UNIVERSITAS PENDIDIKAN INDONESIA,PENDIDIKAN GURU SD KAMPUS TASIKMALAYA,Prov. Jawa Barat,Kota Bandung,UPI,Pendidikan SD,"Matematika, Bahasa Indonesia",37.0,678.0,71.0,646.0,593.19,88.41,S1
334084.0,UNIVERSITAS PENDIDIKAN INDONESIA,PENDIDIKAN GURU SD KAMPUS SERANG,Prov. Jawa Barat,Kota Bandung,UPI,Pendidikan SD,"Matematika, Bahasa Indonesia",43.0,276.0,75.0,441.0,593.15,88.41,S1
334085.0,UNIVERSITAS PENDIDIKAN INDONESIA,PENDIDIKAN GURU SD KAMPUS BUMI SILIWANGI,Prov. Jawa Barat,Kota Bandung,UPI,Pendidikan SD,"Matematika, Bahasa Indonesia",64.0,706.0,86.0,849.0,595.04,88.5,S1
334086.0,UNIVERSITAS PENDIDIKAN INDONESIA,PENDIDIKAN GURU PAUD KAMPUS BUMI SILIWANGI,Prov. Jawa Barat,Kota Bandung,UPI,Pendidikan PAUD,"Matematika, Bahasa Indonesia",29.0,199.0,39.0,311.0,592.93,88.4,S1
334087.0,UNIVERSITAS PENDIDIKAN INDONESIA,ILMU KOMUNIKASI,Prov. Jawa Barat,Kota Bandung,UPI,Ilmu atau Sains Komunikasi,"Sosiologi, Bahasa Indonesia, Antropologi",24.0,1543.0,36.0,2724.0,640.34,90.77,S1
334088.0,UNIVERSITAS PENDIDIKAN INDONESIA,PENDIDIKAN GURU PAUD KAMPUS SERANG,Prov. Jawa Barat,Kota Bandung,UPI,Pendidikan PAUD,"Matematika, Bahasa Indonesia",32.0,62.0,53.0,94.0,588.75,88.19,S1
334089.0,UNIVERSITAS PENDIDIKAN INDONESIA,ILMU EKONOMI DAN KEUANGAN ISLAM,Prov. Jawa Barat,Kota Bandung,UPI,Ekonomi,"Ekonomi, Matematika",22.0,403.0,53.0,554.0,598.68,88.68,S1
334090.0,UNIVERSITAS PENDIDIKAN INDONESIA,PENDIDIKAN GURU PAUD KAMPUS TASIKMALAYA,Prov. Jawa Barat,Kota Bandung,UPI,Pendidikan PAUD,"Matematika, Bahasa Indonesia",53.0,203.0,59.0,167.0,586.35,88.07,S1
334091.0,UNIVERSITAS PENDIDIKAN INDONESIA,PENDIDIKAN GURU PAUD KAMPUS PURWAKARTA,Prov. Jawa Barat,Kota Bandung,UPI,Pendidikan PAUD,"Matematika, Bahasa Indonesia",42.0,138.0,43.0,140.0,594.04,88.45,S1
334092.0,UNIVERSITAS PENDIDIKAN INDONESIA,PENDIDIKAN BAHASA KOREA,Prov. Jawa Barat,Kota Bandung,UPI,Pendidikan Bahasa Korea,"Bahasa Korea, Bahasa Indonesia",17.0,605.0,35.0,821.0,584.97,88.0,S1
334093.0,UNIVERSITAS PENDIDIKAN INDONESIA,KEWIRAUSAHAAN,Prov. Jawa Barat,Kota Bandung,UPI,Bisnis,"Ekonomi, Matematika",27.0,222.0,58.0,239.0,549.92,86.25,S1
334094.0,UNIVERSITAS PENDIDIKAN INDONESIA,SAINS INFORMASI GEOGRAFI,Prov. Jawa Barat,Kota Bandung,UPI,"Geografi, Geografi Lingkungan, Sains Informasi Geografi","Geografi, Matematika, Fisika",22.0,273.0,53.0,445.0,597.72,88.64,S1
334095.0,UNIVERSITAS PENDIDIKAN INDONESIA,DESAIN KOMUNIKASI VISUAL (DKV),Prov. Jawa Barat,Kota Bandung,UPI,Desain,"Seni Budaya, Matematika",44.0,613.0,52.0,1049.0,595.05,88.5,S1
334096.0,UNIVERSITAS PENDIDIKAN INDONESIA,PENDIDIKAN PARIWISATA,Prov. Jawa Barat,Kota Bandung,UPI,Pendidikan Pariwisata,"Sosiologi, Bahasa Inggris",32.0,361.0,43.0,502.0,591.05,88.3,S1
334097.0,UNIVERSITAS PENDIDIKAN INDONESIA,FILM DAN TELEVISI,Prov. Jawa Barat,Kota Bandung,UPI,Ilmu atau Sains Komunikasi,"Sosiologi, Bahasa Indonesia, Antropologi",44.0,263.0,52.0,430.0,590.5,88.28,S1
334098.0,UNIVERSITAS PENDIDIKAN INDONESIA,BISNIS DIGITAL,Prov. Jawa Barat,Kota Bandung,UPI,Bisnis,"Ekonomi, Matematika",24.0,419.0,59.0,713.0,603.14,88.91,S1
334099.0,UNIVERSITAS PENDIDIKAN INDONESIA,MUSIK,Prov. Jawa Barat,Kota Bandung,UPI,Seni,Seni Budaya,44.0,69.0,52.0,118.0,578.29,87.66,S1
334100.0,UNIVERSITAS PENDIDIKAN INDONESIA,INDUSTRI PARIWISATA,Prov. Jawa Barat,Kota Bandung,UPI,Pariwisata,"Ekonomi, Matematika",64.0,201.0,126.0,254.0,590.96,88.3,S1
334101.0,UNIVERSITAS PENDIDIKAN INDONESIA,DESAIN PRODUK INDUSTRI,Prov. Jawa Barat,Kota Bandung,UPI,Desain,"Seni Budaya, Matematika",29.0,154.0,48.0,148.0,594.86,88.49,S1
335001.0,ISBI BANDUNG,SENI TARI,Prov. Jawa Barat,Kota Bandung,ISBI BANDUNG,Seni,Seni Budaya,19.0,69.0,34.0,87.0,504.44,83.97,S1
335002.0,ISBI BANDUNG,KARAWITAN,Prov. Jawa Barat,Kota Bandung,ISBI BANDUNG,Seni,Seni Budaya,25.0,50.0,45.0,91.0,512.51,84.38,S1
335003.0,ISBI BANDUNG,TEATER,Prov. Jawa Barat,Kota Bandung,ISBI BANDUNG,Seni,Seni Budaya,20.0,23.0,36.0,43.0,497.24,83.61,S1
335004.0,ISBI BANDUNG,SENI MURNI,Prov. Jawa Barat,Kota Bandung,ISBI BANDUNG,Seni,Seni Budaya,11.0,57.0,14.0,137.0,501.41,83.82,S1
335005.0,ISBI BANDUNG,ANTROPOLOGI BUDAYA,Prov. Jawa Barat,Kota Bandung,ISBI BANDUNG,Studi Humanitas,"Sosiologi, Pendidikan Pancasila, Antropologi",24.0,111.0,32.0,232.0,526.14,85.06,S1
335006.0,ISBI BANDUNG,ANGKLUNG DAN MUSIK BAMBU,Prov. Jawa Barat,Kota Bandung,ISBI BANDUNG,Seni,Seni Budaya,12.0,3.0,23.0,22.0,525.97,85.05,D4
335007.0,ISBI BANDUNG,SENI TARI SUNDA,Prov. Jawa Barat,Kota Bandung,ISBI BANDUNG,Seni,Seni Budaya,8.0,7.0,13.0,8.0,512.12,84.36,D4
335008.0,ISBI BANDUNG,TELEVISI DAN FILM,Prov. Jawa Barat,Kota Bandung,ISBI BANDUNG,Ilmu atau Sains Komunikasi,"Sosiologi, Bahasa Indonesia, Antropologi",24.0,146.0,32.0,255.0,496.86,83.59,D4
335009.0,ISBI BANDUNG,TATA RIAS DAN BUSANA,Prov. Jawa Barat,Kota Bandung,ISBI BANDUNG,Seni,Seni Budaya,11.0,50.0,14.0,100.0,493.64,83.43,D4
335010.0,ISBI BANDUNG,KRIYA SENI,Prov. Jawa Barat,Kota Bandung,ISBI BANDUNG,Seni,Seni Budaya,11.0,0.0,14.0,0.0,0.0,0.0,D3
336002.0,UNIVERSITAS ISLAM NEGERI SUNAN GUNUNG DJATI,MATEMATIKA,Prov. Jawa Barat,Kota Bandung,UIN SGD,Matematika,"Matematika Tingkat Lanjut, Matematika",27.0,244.0,36.0,150.0,575.98,87.55,S1
336003.0,UNIVERSITAS ISLAM NEGERI SUNAN GUNUNG DJATI,BIOLOGI,Prov. Jawa Barat,Kota Bandung,UIN SGD,Biologi,"Biologi, Matematika",27.0,377.0,36.0,222.0,565.08,87.0,S1
336004.0,UNIVERSITAS ISLAM NEGERI SUNAN GUNUNG DJATI,FISIKA,Prov. Jawa Barat,Kota Bandung,UIN SGD,Fisika,"Fisika, Matematika",14.0,80.0,18.0,44.0,570.66,87.28,S1
336005.0,UNIVERSITAS ISLAM NEGERI SUNAN GUNUNG DJATI,KIMIA,Prov. Jawa Barat,Kota Bandung,UIN SGD,Kimia,"Kimia, Matematika",27.0,219.0,36.0,123.0,568.32,87.17,S1
336006.0,UNIVERSITAS ISLAM NEGERI SUNAN GUNUNG DJATI,TEKNIK INFORMATIKA,Prov. Jawa Barat,Kota Bandung,UIN SGD,Ilmu atau Sains Informasi,"Matematika Tingkat Lanjut, Matematika",41.0,883.0,54.0,758.0,628.22,90.16,S1
336007.0,UNIVERSITAS ISLAM NEGERI SUNAN GUNUNG DJATI,TEKNIK ELEKTRO,Prov. Jawa Barat,Kota Bandung,UIN SGD,Teknik atau rekayasa,"Fisika, Matematika Tingkat Lanjut, Matematika",27.0,236.0,36.0,161.0,620.1,89.76,S1
336008.0,UNIVERSITAS ISLAM NEGERI SUNAN GUNUNG DJATI,AGROTEKNOLOGI,Prov. Jawa Barat,Kota Bandung,UIN SGD,Ilmu dan Sains Pertanian,"Biologi, Matematika",27.0,286.0,36.0,252.0,598.27,88.66,S1
336012.0,UNIVERSITAS ISLAM NEGERI SUNAN GUNUNG DJATI,SOSIOLOGI,Prov. Jawa Barat,Kota Bandung,UIN SGD,Studi Humanitas,"Sosiologi, Pendidikan Pancasila, Antropologi",68.0,596.0,90.0,416.0,608.24,89.16,S1
336014.0,UNIVERSITAS ISLAM NEGERI SUNAN GUNUNG DJATI,HUKUM,Prov. Jawa Barat,Kota Bandung,UIN SGD,Hukum,"Sosiologi, Pendidikan Pancasila",54.0,597.0,72.0,632.0,613.05,89.4,S1
336015.0,UNIVERSITAS ISLAM NEGERI SUNAN GUNUNG DJATI,MANAJEMEN,Prov. Jawa Barat,Kota Bandung,UIN SGD,Ilmu atau Sains Manajemen,"Ekonomi, Matematika",81.0,1634.0,108.0,12.0,625.36,90.02,S1
336016.0,UNIVERSITAS ISLAM NEGERI SUNAN GUNUNG DJATI,ADMINISTRASI PUBLIK,Prov. Jawa Barat,Kota Bandung,UIN SGD,Administrasi Bisnis,"Ekonomi, Matematika",68.0,718.0,90.0,561.0,594.02,88.45,S1
336017.0,UNIVERSITAS ISLAM NEGERI SUNAN GUNUNG DJATI,ILMU KOMUNIKASI KONST. HUMAS,Prov. Jawa Barat,Kota Bandung,UIN SGD,Ilmu atau Sains Komunikasi,"Sosiologi, Bahasa Indonesia, Antropologi",54.0,453.0,72.0,515.0,617.16,89.61,S1
336018.0,UNIVERSITAS ISLAM NEGERI SUNAN GUNUNG DJATI,ILMU KOMUNIKASI KONST. JURNALISTIK,Prov. Jawa Barat,Kota Bandung,UIN SGD,Ilmu atau Sains Komunikasi,"Sosiologi, Bahasa Indonesia, Antropologi",54.0,517.0,72.0,491.0,620.91,89.8,S1
336019.0,UNIVERSITAS ISLAM NEGERI SUNAN GUNUNG DJATI,BAHASA DAN SASTRA INGGRIS,Prov. Jawa Barat,Kota Bandung,UIN SGD,Susastra atau Sastra,"Bahasa Indonesia, Bahasa Inggris, Bahasa Asing Lainnya",81.0,576.0,108.0,569.0,609.18,89.21,S1
336020.0,UNIVERSITAS ISLAM NEGERI SUNAN GUNUNG DJATI,PSIKOLOGI,Prov. Jawa Barat,Kota Bandung,UIN SGD,Psikologi,"Sosiologi, Matematika",60.0,1318.0,80.0,1034.0,623.44,89.92,S1
336041.0,UNIVERSITAS ISLAM NEGERI SUNAN GUNUNG DJATI,ILMU POLITIK,Prov. Jawa Barat,Kota Bandung,UIN SGD,Sosial,"Sosiologi, Sejarah, Antropologi",36.0,191.0,48.0,214.0,607.46,89.12,S1
341001.0,INSTITUT PERTANIAN BOGOR,AGROBISNIS,Prov. Jawa Barat,Kota Bogor,IPB,Ilmu dan Sains Pertanian,"Biologi, Matematika",53.0,780.0,53.0,883.0,601.01,88.8,S1
341002.0,INSTITUT PERTANIAN BOGOR,AGRONOMI,Prov. Jawa Barat,Kota Bogor,IPB,Ilmu dan Sains Pertanian,"Biologi, Matematika",69.0,476.0,69.0,488.0,575.21,87.51,S1
341003.0,INSTITUT PERTANIAN BOGOR,ARSITEKTUR LANSKAP,Prov. Jawa Barat,Kota Bogor,IPB,Arsitektur,"Matematika, Fisika",32.0,422.0,32.0,477.0,599.94,88.75,S1
341004.0,INSTITUT PERTANIAN BOGOR,BIOKIMIA,Prov. Jawa Barat,Kota Bogor,IPB,"Bioteknologi, Biokewirausaha an, Bioinformatika","Biologi, Matematika",35.0,366.0,35.0,221.0,580.5,87.78,S1
341005.0,INSTITUT PERTANIAN BOGOR,BIOLOGI,Prov. Jawa Barat,Kota Bogor,IPB,Biologi,"Biologi, Matematika",39.0,484.0,39.0,344.0,610.52,89.28,S1
341006.0,INSTITUT PERTANIAN BOGOR,EKONOMI SUMBERDAYA DAN LINGKUNGAN,Prov. Jawa Barat,Kota Bogor,IPB,Ilmu atau Sains Lingkungan,"Biologi, Matematika",35.0,391.0,35.0,227.0,611.66,89.33,S1
341007.0,INSTITUT PERTANIAN BOGOR,ILMU DAN TEKNOLOGI KELAUTAN,Prov. Jawa Barat,Kota Bogor,IPB,Ilmu atau Sains Kelautan,"Biologi, Matematika, Geografi",42.0,315.0,42.0,304.0,594.75,88.49,S1
341008.0,INSTITUT PERTANIAN BOGOR,ILMU KOMPUTER,Prov. Jawa Barat,Kota Bogor,IPB,Komputer,"Matematika Tingkat Lanjut, Matematika",53.0,1386.0,53.0,1241.0,680.03,92.75,S1
341009.0,INSTITUT PERTANIAN BOGOR,KEDOKTERAN HEWAN DAN BIOMEDIS,Prov. Jawa Barat,Kota Bogor,IPB,Ilmu atau Sains Veteriner,"Biologi, Kimia, Matematika",70.0,743.0,70.0,1007.0,647.39,91.12,S1
341010.0,INSTITUT PERTANIAN BOGOR,KIMIA,Prov. Jawa Barat,Kota Bogor,IPB,Kimia,"Kimia, Matematika",42.0,422.0,42.0,289.0,608.59,89.18,S1
341011.0,INSTITUT PERTANIAN BOGOR,KOMUNIKASI DAN PENGEMBANGAN MASYARAKAT,Prov. Jawa Barat,Kota Bogor,IPB,Urusan Publik,"Sosiologi, Pendidikan Pancasila",53.0,727.0,53.0,780.0,600.47,88.77,S1
341012.0,INSTITUT PERTANIAN BOGOR,KONSERVASI SUMBERDAYA HUTAN DAN EKOWISATA,Prov. Jawa Barat,Kota Bogor,IPB,"Konservasi Biologi, Konservasi Hewan Liar, Konservasi Hewan Liar dan Hutan, Konservasi Hutan, Konservasi Sumber Daya Alam","Biologi, Matematika",46.0,367.0,46.0,505.0,593.91,88.45,S1
341013.0,INSTITUT PERTANIAN BOGOR,MANAJEMEN HUTAN,Prov. Jawa Barat,Kota Bogor,IPB,"Konservasi Biologi, Konservasi Hewan Liar, Konservasi Hewan Liar dan Hutan, Konservasi Hutan, Konservasi Sumber Daya Alam","Biologi, Matematika",46.0,427.0,46.0,419.0,613.99,89.45,S1
341014.0,INSTITUT PERTANIAN BOGOR,STATISTIK DAN SAINS DATA,Prov. Jawa Barat,Kota Bogor,IPB,Sains Data,"Matematika Tingkat Lanjut, Matematika",35.0,758.0,35.0,823.0,628.9,90.2,S1
341015.0,INSTITUT PERTANIAN BOGOR,TEKNIK PERTANIAN DAN BIOSISTEM,Prov. Jawa Barat,Kota Bogor,IPB,Teknik atau rekayasa,"Fisika, Matematika Tingkat Lanjut, Matematika",42.0,408.0,42.0,408.0,608.09,89.15,S1
341016.0,INSTITUT PERTANIAN BOGOR,TEKNOLOGI HASIL HUTAN,Prov. Jawa Barat,Kota Bogor,IPB,"Konservasi Biologi, Konservasi Hewan Liar, Konservasi Hewan Liar dan Hutan, Konservasi Hutan, Konservasi Sumber Daya Alam","Biologi, Matematika",32.0,267.0,32.0,236.0,611.09,89.3,S1
341017.0,INSTITUT PERTANIAN BOGOR,TEKNOLOGI INDUSTRI PERTANIAN,Prov. Jawa Barat,Kota Bogor,IPB,Ilmu dan Sains Pertanian,"Biologi, Matematika",44.0,542.0,44.0,626.0,610.89,89.29,S1
341018.0,INSTITUT PERTANIAN BOGOR,TEKNOLOGI PANGAN,Prov. Jawa Barat,Kota Bogor,IPB,"Teknologi Pangan, Teknologi Hasil Pertanian/ Peternakan/ Perikanan","Kimia, Biologi, Matematika",46.0,820.0,46.0,1129.0,614.7,89.49,S1
341019.0,INSTITUT PERTANIAN BOGOR,NUTRISI DAN TEKNOLOGI PAKAN,Prov. Jawa Barat,Kota Bogor,IPB,Peternakan,"Biologi, Matematika",53.0,412.0,53.0,318.0,580.29,87.76,S1
341020.0,INSTITUT PERTANIAN BOGOR,TEKNOLOGI PRODUKSI TERNAK,Prov. Jawa Barat,Kota Bogor,IPB,Ilmu atau Sains Veteriner,"Biologi, Kimia, Matematika",35.0,287.0,35.0,364.0,602.89,88.89,S1
341021.0,INSTITUT PERTANIAN BOGOR,TEKNIK SIPIL DAN LINGKUNGAN,Prov. Jawa Barat,Kota Bogor,IPB,Ilmu atau Sains Lingkungan,"Biologi, Matematika",32.0,741.0,32.0,710.0,649.01,91.2,S1
341022.0,INSTITUT PERTANIAN BOGOR,TEKNOLOGI DAN MANAJEMEN PERIKANAN BUDIDAYA,Prov. Jawa Barat,Kota Bogor,IPB,Ilmu atau Sains Perikanan,"Biologi, Matematika",42.0,309.0,42.0,301.0,583.62,87.93,S1
341023.0,INSTITUT PERTANIAN BOGOR,EKONOMI PEMBANGUNAN,Prov. Jawa Barat,Kota Bogor,IPB,Ekonomi,"Ekonomi, Matematika",35.0,486.0,35.0,526.0,636.18,90.56,S1
341024.0,INSTITUT PERTANIAN BOGOR,MANAJEMEN,Prov. Jawa Barat,Kota Bogor,IPB,Ilmu atau Sains Manajemen,"Ekonomi, Matematika",53.0,1524.0,53.0,992.0,640.39,90.77,S1
341025.0,INSTITUT PERTANIAN BOGOR,ILMU GIZI,Prov. Jawa Barat,Kota Bogor,IPB,Ilmu atau Sains Gizi,"Biologi, Kimia, Matematika",35.0,1042.0,35.0,1132.0,636.86,90.59,S1
341026.0,INSTITUT PERTANIAN BOGOR,EKONOMI SYARIAH,Prov. Jawa Barat,Kota Bogor,IPB,Ekonomi,"Ekonomi, Matematika",35.0,412.0,35.0,370.0,580.24,87.76,S1
341027.0,INSTITUT PERTANIAN BOGOR,MANAJEMEN SUMBERDAYA LAHAN,Prov. Jawa Barat,Kota Bogor,IPB,Ilmu dan Sains Pertanian,"Biologi, Matematika",30.0,288.0,30.0,218.0,595.37,88.52,S1
341028.0,INSTITUT PERTANIAN BOGOR,PROTEKSI TANAMAN,Prov. Jawa Barat,Kota Bogor,IPB,Ilmu dan Sains Pertanian,"Biologi, Matematika",34.0,278.0,34.0,276.0,574.39,87.47,S1
341029.0,INSTITUT PERTANIAN BOGOR,MANAJEMEN SUMBERDAYA PERAIRAN,Prov. Jawa Barat,Kota Bogor,IPB,"Konservasi Biologi, Konservasi Hewan Liar, Konservasi Hewan Liar dan Hutan, Konservasi Hutan, Konservasi Sumber Daya Alam","Biologi, Matematika",34.0,255.0,34.0,253.0,578.8,87.69,S1
341030.0,INSTITUT PERTANIAN BOGOR,TEKNOLOGI HASIL PERAIRAN,Prov. Jawa Barat,Kota Bogor,IPB,"Teknologi Pangan, Teknologi Hasil Pertanian/ Peternakan/ Perikanan","Kimia, Biologi, Matematika",34.0,277.0,34.0,425.0,605.83,89.04,S1
341031.0,INSTITUT PERTANIAN BOGOR,TEKNOLOGI DAN MANAJEMEN PERIKANAN TANGKAP,Prov. Jawa Barat,Kota Bogor,IPB,Ilmu atau Sains Perikanan,"Biologi, Matematika",34.0,218.0,34.0,110.0,586.05,88.05,S1
341032.0,INSTITUT PERTANIAN BOGOR,SILVIKULTUR,Prov. Jawa Barat,Kota Bogor,IPB,Ilmu dan Sains Pertanian,"Biologi, Matematika",35.0,227.0,35.0,236.0,583.65,87.93,S1
341033.0,INSTITUT PERTANIAN BOGOR,METEOROLOGI TERAPAN,Prov. Jawa Barat,Kota Bogor,IPB,"Geografi, Geografi Lingkungan, Sains Informasi Geografi","Geografi, Matematika, Fisika",35.0,378.0,35.0,367.0,587.11,88.11,S1
341034.0,INSTITUT PERTANIAN BOGOR,MATEMATIKA,Prov. Jawa Barat,Kota Bogor,IPB,Matematika,"Matematika Tingkat Lanjut, Matematika",32.0,384.0,32.0,324.0,644.01,90.95,S1
341035.0,INSTITUT PERTANIAN BOGOR,FISIKA,Prov. Jawa Barat,Kota Bogor,IPB,Fisika,"Fisika, Matematika",42.0,236.0,42.0,164.0,605.47,89.02,S1
341036.0,INSTITUT PERTANIAN BOGOR,ILMU KELUARGA DAN KONSUMEN,Prov. Jawa Barat,Kota Bogor,IPB,Kesehatan Masyarakat,"Biologi, Matematika, Sosiologi",39.0,424.0,39.0,416.0,615.16,89.51,S1
341037.0,INSTITUT PERTANIAN BOGOR,BISNIS,Prov. Jawa Barat,Kota Bogor,IPB,Bisnis,"Ekonomi, Matematika",70.0,987.0,70.0,801.0,580.41,87.77,S1
341038.0,INSTITUT PERTANIAN BOGOR,TEKNOLOGI HASIL PETERNAKAN,Prov. Jawa Barat,Kota Bogor,IPB,Ilmu atau Sains Veteriner,"Biologi, Kimia, Matematika",32.0,255.0,32.0,306.0,605.66,89.03,S1
341039.0,INSTITUT PERTANIAN BOGOR,AKTUARIA,Prov. Jawa Barat,Kota Bogor,IPB,Sains Data,"Matematika Tingkat Lanjut, Matematika",25.0,529.0,25.0,480.0,687.08,93.1,S1
341040.0,INSTITUT PERTANIAN BOGOR,TEKNOLOGI INDUSTRI BENIH,Prov. Jawa Barat,Kota Bogor,IPB,Teknik atau rekayasa,"Fisika, Matematika Tingkat Lanjut, Matematika",21.0,0.0,21.0,0.0,0.0,0.0,D3
341041.0,INSTITUT PERTANIAN BOGOR,TEKNOLOGI INDUSTRI BENIH (KAMPUS SUKABUMI),Prov. Jawa Barat,Kota Bogor,IPB,Teknik atau rekayasa,"Fisika, Matematika Tingkat Lanjut, Matematika",21.0,0.0,21.0,0.0,0.0,0.0,D3
341042.0,INSTITUT PERTANIAN BOGOR,KOMUNIKASI DIGITAL DAN MEDIA,Prov. Jawa Barat,Kota Bogor,IPB,Ilmu atau Sains Komunikasi,"Sosiologi, Bahasa Indonesia, Antropologi",84.0,0.0,84.0,0.0,0.0,0.0,D4
341043.0,INSTITUT PERTANIAN BOGOR,KOMUNIKASI DIGITAL DAN MEDIA (KAMPUS SUKABUMI),Prov. Jawa Barat,Kota Bogor,IPB,Ilmu atau Sains Komunikasi,"Sosiologi, Bahasa Indonesia, Antropologi",21.0,0.0,21.0,0.0,0.0,0.0,D4
341044.0,INSTITUT PERTANIAN BOGOR,EKOWISATA,Prov. Jawa Barat,Kota Bogor,IPB,Pariwisata,"Ekonomi, Matematika",32.0,0.0,32.0,0.0,0.0,0.0,D4
341045.0,INSTITUT PERTANIAN BOGOR,EKOWISATA (KAMPUS SUKABUMI),Prov. Jawa Barat,Kota Bogor,IPB,Pariwisata,"Ekonomi, Matematika",21.0,0.0,21.0,0.0,0.0,0.0,D4
341046.0,INSTITUT PERTANIAN BOGOR,TEKNOLOGI REKAYASA PERANGKAT LUNAK,Prov. Jawa Barat,Kota Bogor,IPB,Teknik atau rekayasa,"Fisika, Matematika Tingkat Lanjut, Matematika",42.0,0.0,42.0,0.0,0.0,0.0,D4
341047.0,INSTITUT PERTANIAN BOGOR,TEKNOLOGI REKAYASA KOMPUTER,Prov. Jawa Barat,Kota Bogor,IPB,Teknik atau rekayasa,"Fisika, Matematika Tingkat Lanjut, Matematika",42.0,0.0,42.0,0.0,0.0,0.0,D4
341048.0,INSTITUT PERTANIAN BOGOR,SUPERVISOR JAMINAN MUTU PANGAN,Prov. Jawa Barat,Kota Bogor,IPB,Kesehatan,"Biologi, Matematika",42.0,0.0,42.0,0.0,0.0,0.0,D4
341049.0,INSTITUT PERTANIAN BOGOR,MANAJEMEN INDUSTRI JASA MAKANAN DAN GIZI,Prov. Jawa Barat,Kota Bogor,IPB,Ilmu atau Sains Manajemen,"Ekonomi, Matematika",42.0,0.0,42.0,0.0,0.0,0.0,D4
341050.0,INSTITUT PERTANIAN BOGOR,TEKNOLOGI DAN MANAJEMEN PEMBENIHAN IKAN,Prov. Jawa Barat,Kota Bogor,IPB,Ilmu atau Sains Manajemen,"Ekonomi, Matematika",21.0,0.0,21.0,0.0,0.0,0.0,D4
341051.0,INSTITUT PERTANIAN BOGOR,TEKNOLOGI DAN MANAJEMEN PEMBENIHAN IKAN (KAMPUS SUKABUMI),Prov. Jawa Barat,Kota Bogor,IPB,Ilmu atau Sains Manajemen,"Ekonomi, Matematika",21.0,0.0,21.0,0.0,0.0,0.0,D4
341052.0,INSTITUT PERTANIAN BOGOR,TEKNOLOGI DAN MANAJEMEN TERNAK,Prov. Jawa Barat,Kota Bogor,IPB,Ilmu atau Sains Manajemen,"Ekonomi, Matematika",21.0,0.0,21.0,0.0,0.0,0.0,D4
341053.0,INSTITUT PERTANIAN BOGOR,TEKNOLOGI DAN MANAJEMEN TERNAK (KAMPUS SUKABUMI),Prov. Jawa Barat,Kota Bogor,IPB,Ilmu atau Sains Manajemen,"Ekonomi, Matematika",21.0,0.0,21.0,0.0,0.0,0.0,D4
341054.0,INSTITUT PERTANIAN BOGOR,MANAJEMEN AGROBISNIS,Prov. Jawa Barat,Kota Bogor,IPB,Ilmu atau Sains Manajemen,"Ekonomi, Matematika",84.0,0.0,84.0,0.0,0.0,0.0,D4
341055.0,INSTITUT PERTANIAN BOGOR,MANAJEMEN AGROBISNIS (KAMPUS SUKABUMI),Prov. Jawa Barat,Kota Bogor,IPB,Ilmu atau Sains Manajemen,"Ekonomi, Matematika",21.0,0.0,21.0,0.0,0.0,0.0,D4
341056.0,INSTITUT PERTANIAN BOGOR,MANAJEMEN INDUSTRI,Prov. Jawa Barat,Kota Bogor,IPB,Ilmu atau Sains Manajemen,"Ekonomi, Matematika",42.0,0.0,42.0,0.0,0.0,0.0,D4
341057.0,INSTITUT PERTANIAN BOGOR,ANALIS KIMIA,Prov. Jawa Barat,Kota Bogor,IPB,Kimia,"Kimia, Matematika",42.0,0.0,42.0,0.0,0.0,0.0,D4
341058.0,INSTITUT PERTANIAN BOGOR,TEKNIK DAN MANAJEMEN LINGKUNGAN,Prov. Jawa Barat,Kota Bogor,IPB,Teknik atau rekayasa,"Fisika, Matematika Tingkat Lanjut, Matematika",42.0,0.0,42.0,0.0,0.0,0.0,D4
341059.0,INSTITUT PERTANIAN BOGOR,AKUNTANSI,Prov. Jawa Barat,Kota Bogor,IPB,Ilmu atau Sains Akuntansi,"Ekonomi, Matematika",84.0,0.0,84.0,0.0,0.0,0.0,D4
341060.0,INSTITUT PERTANIAN BOGOR,PARAMEDIK VETERINER,Prov. Jawa Barat,Kota Bogor,IPB,Ilmu atau Sains Veteriner,"Biologi, Kimia, Matematika",21.0,0.0,21.0,0.0,0.0,0.0,D4
341061.0,INSTITUT PERTANIAN BOGOR,TEKNOLOGI PRODUKSI DAN MANAJEMEN PERKEBUNAN,Prov. Jawa Barat,Kota Bogor,IPB,Teknik atau rekayasa,"Fisika, Matematika Tingkat Lanjut, Matematika",32.0,0.0,32.0,0.0,0.0,0.0,D4
341062.0,INSTITUT PERTANIAN BOGOR,TEKNOLOGI PRODUKSI DAN PENGEMBANGAN MASYARAKAT PERTANIAN,Prov. Jawa Barat,Kota Bogor,IPB,Teknik atau rekayasa,"Fisika, Matematika Tingkat Lanjut, Matematika",21.0,0.0,21.0,0.0,0.0,0.0,D4
342001.0,UNIVERSITAS SILIWANGI,PENDIDIKAN MATEMATIKA,Prov. Jawa Barat,Kab Tasikmalaya,UNSIL,Pendidikan Matematika,"Matematika, Matematika Tingkat Lanjut",34.0,354.0,82.0,301.0,558.44,86.67,S1
342002.0,UNIVERSITAS SILIWANGI,PENDIDIKAN BIOLOGI,Prov. Jawa Barat,Kab Tasikmalaya,UNSIL,Pendidikan Biologi,Biologi,30.0,361.0,75.0,343.0,546.93,86.1,S1
342003.0,UNIVERSITAS SILIWANGI,AGROTEKNOLOGI,Prov. Jawa Barat,Kab Tasikmalaya,UNSIL,Ilmu dan Sains Pertanian,"Biologi, Matematika",26.0,345.0,65.0,453.0,533.25,85.41,S1
342004.0,UNIVERSITAS SILIWANGI,AGROBISNIS,Prov. Jawa Barat,Kab Tasikmalaya,UNSIL,Ilmu dan Sains Pertanian,"Biologi, Matematika",32.0,545.0,80.0,550.0,536.74,85.59,S1
342005.0,UNIVERSITAS SILIWANGI,TEKNIK SIPIL,Prov. Jawa Barat,Kab Tasikmalaya,UNSIL,Teknik atau rekayasa,"Fisika, Matematika Tingkat Lanjut, Matematika",22.0,484.0,55.0,540.0,607.38,89.12,S1
342006.0,UNIVERSITAS SILIWANGI,TEKNIK ELEKTRO,Prov. Jawa Barat,Kab Tasikmalaya,UNSIL,Teknik atau rekayasa,"Fisika, Matematika Tingkat Lanjut, Matematika",14.0,184.0,35.0,231.0,596.11,88.56,S1
342007.0,UNIVERSITAS SILIWANGI,INFORMATIKA,Prov. Jawa Barat,Kab Tasikmalaya,UNSIL,Ilmu atau Sains Informasi,"Matematika Tingkat Lanjut, Matematika",34.0,905.0,82.0,896.0,623.32,89.92,S1
342008.0,UNIVERSITAS SILIWANGI,KESEHATAN MASYARAKAT,Prov. Jawa Barat,Kab Tasikmalaya,UNSIL,Kesehatan Masyarakat,"Biologi, Matematika, Sosiologi",32.0,1094.0,80.0,1022.0,536.94,85.6,S1
342009.0,UNIVERSITAS SILIWANGI,PENDIDIKAN FISIKA,Prov. Jawa Barat,Kab Tasikmalaya,UNSIL,Pendidikan Fisika,Fisika,22.0,137.0,55.0,127.0,545.83,86.04,S1
342010.0,UNIVERSITAS SILIWANGI,ILMU GIZI,Prov. Jawa Barat,Kab Tasikmalaya,UNSIL,Ilmu atau Sains Gizi,"Biologi, Kimia, Matematika",24.0,730.0,60.0,749.0,551.09,86.3,S1
342011.0,UNIVERSITAS SILIWANGI,PENDIDIKAN MASYARAKAT,Prov. Jawa Barat,Kab Tasikmalaya,UNSIL,Pendidikan Masyarakat,Sosiologi,28.0,187.0,70.0,330.0,544.2,85.96,S1
342012.0,UNIVERSITAS SILIWANGI,PENDIDIKAN EKONOMI,Prov. Jawa Barat,Kab Tasikmalaya,UNSIL,Pendidikan Ekonomi,Ekonomi,28.0,346.0,70.0,320.0,546.28,86.06,S1
342013.0,UNIVERSITAS SILIWANGI,PENDIDIKAN GEOGRAFI,Prov. Jawa Barat,Kab Tasikmalaya,UNSIL,Pendidikan Geografi,Geografi,28.0,248.0,70.0,320.0,546.54,86.08,S1
342014.0,UNIVERSITAS SILIWANGI,PENDIDIKAN SEJARAH,Prov. Jawa Barat,Kab Tasikmalaya,UNSIL,Pendidikan Sejarah,Sejarah,34.0,315.0,85.0,359.0,543.93,85.95,S1
342015.0,UNIVERSITAS SILIWANGI,PENDIDIKAN JASMANI KESEHATAN DAN REKREASI,Prov. Jawa Barat,Kab Tasikmalaya,UNSIL,Pendidikan Jasmani Kesehatan,"Pendidikan Jasmani, Biologi",58.0,135.0,142.0,252.0,545.55,86.03,S1
342016.0,UNIVERSITAS SILIWANGI,EKONOMI PEMBANGUNAN,Prov. Jawa Barat,Kab Tasikmalaya,UNSIL,Ekonomi,"Ekonomi, Matematika",62.0,658.0,155.0,906.0,610.42,89.27,S1
342017.0,UNIVERSITAS SILIWANGI,MANAJEMEN,Prov. Jawa Barat,Kab Tasikmalaya,UNSIL,Ilmu atau Sains Manajemen,"Ekonomi, Matematika",78.0,1553.0,192.0,1563.0,623.65,89.93,S1
342018.0,UNIVERSITAS SILIWANGI,AKUNTANSI,Prov. Jawa Barat,Kab Tasikmalaya,UNSIL,Ilmu atau Sains Akuntansi,"Ekonomi, Matematika",64.0,804.0,160.0,780.0,628.01,90.15,S1
342020.0,UNIVERSITAS SILIWANGI,EKONOMI SYARIAH,Prov. Jawa Barat,Kab Tasikmalaya,UNSIL,Ekonomi,"Ekonomi, Matematika",34.0,394.0,83.0,520.0,595.09,88.5,S1
342021.0,UNIVERSITAS SILIWANGI,ILMU POLITIK,Prov. Jawa Barat,Kab Tasikmalaya,UNSIL,Sosial,"Sosiologi, Sejarah, Antropologi",32.0,369.0,80.0,517.0,606.27,89.06,S1
342022.0,UNIVERSITAS SILIWANGI,PENDIDIKAN BAHASA INDONESIA,Prov. Jawa Barat,Kab Tasikmalaya,UNSIL,Pendidikan Bahasa Indonesia,Bahasa Indonesia,30.0,442.0,75.0,539.0,547.8,86.14,S1
342023.0,UNIVERSITAS SILIWANGI,PENDIDIKAN BAHASA INGGRIS,Prov. Jawa Barat,Kab Tasikmalaya,UNSIL,Pendidikan Bahasa Inggris,Bahasa Inggris,32.0,353.0,80.0,396.0,558.32,86.67,S1
342024.0,UNIVERSITAS SILIWANGI,PERBANKAN DAN KEUANGAN,Prov. Jawa Barat,Kab Tasikmalaya,UNSIL,Ilmu atau Sains Akuntansi,"Ekonomi, Matematika",43.0,0.0,107.0,0.0,0.0,0.0,D3
342025.0,UNIVERSITAS SILIWANGI,SISTEM INFORMASI,Prov. Jawa Barat,Kab Tasikmalaya,UNSIL,Ilmu atau Sains Informasi,"Matematika Tingkat Lanjut, Matematika",14.0,0.0,35.0,0.0,0.0,0.0,S1
351001.0,UNIVERSITAS JENDERAL SOEDIRMAN,BIOLOGI,Prov. Jawa Tengah,Kab Banyumas,UNSOED,Biologi,"Biologi, Matematika",84.0,542.0,112.0,682.0,600.74,88.79,S1
351002.0,UNIVERSITAS JENDERAL SOEDIRMAN,KIMIA,Prov. Jawa Tengah,Kab Banyumas,UNSOED,Kimia,"Kimia, Matematika",48.0,273.0,64.0,300.0,600.18,88.76,S1
351003.0,UNIVERSITAS JENDERAL SOEDIRMAN,MATEMATIKA,Prov. Jawa Tengah,Kab Banyumas,UNSOED,Matematika,"Matematika Tingkat Lanjut, Matematika",48.0,420.0,64.0,424.0,618.0,89.65,S1
351004.0,UNIVERSITAS JENDERAL SOEDIRMAN,FISIKA,Prov. Jawa Tengah,Kab Banyumas,UNSOED,Fisika,"Fisika, Matematika",48.0,131.0,64.0,125.0,596.69,88.58,S1
351005.0,UNIVERSITAS JENDERAL SOEDIRMAN,MANAJEMEN SUMBERDAYA PERAIRAN,Prov. Jawa Tengah,Kab Banyumas,UNSOED,"Bioteknologi, Biokewirausaha an, Bioinformatika","Biologi, Matematika",45.0,238.0,60.0,357.0,558.07,86.65,S1
351006.0,UNIVERSITAS JENDERAL SOEDIRMAN,AKUAKULTUR,Prov. Jawa Tengah,Kab Banyumas,UNSOED,Ilmu atau Sains Perikanan,"Biologi, Matematika",45.0,231.0,60.0,205.0,561.36,86.82,S1
351007.0,UNIVERSITAS JENDERAL SOEDIRMAN,TEKNIK PERTANIAN,Prov. Jawa Tengah,Kab Banyumas,UNSOED,Teknik atau rekayasa,"Fisika, Matematika Tingkat Lanjut, Matematika",42.0,287.0,56.0,389.0,598.86,88.69,S1
351008.0,UNIVERSITAS JENDERAL SOEDIRMAN,TEKNIK ELEKTRO,Prov. Jawa Tengah,Kab Banyumas,UNSOED,Teknik atau rekayasa,"Fisika, Matematika Tingkat Lanjut, Matematika",45.0,381.0,60.0,556.0,620.43,89.77,S1
351009.0,UNIVERSITAS JENDERAL SOEDIRMAN,TEKNIK SIPIL,Prov. Jawa Tengah,Kab Banyumas,UNSOED,Teknik atau rekayasa,"Fisika, Matematika Tingkat Lanjut, Matematika",45.0,655.0,60.0,903.0,619.68,89.73,S1
351010.0,UNIVERSITAS JENDERAL SOEDIRMAN,KEDOKTERAN,Prov. Jawa Tengah,Kab Banyumas,UNSOED,Ilmu atau Sains Kedokteran,"Biologi, Kimia, Matematika",39.0,1316.0,52.0,2378.0,683.17,92.91,S1
351011.0,UNIVERSITAS JENDERAL SOEDIRMAN,KESEHATAN MASYARAKAT,Prov. Jawa Tengah,Kab Banyumas,UNSOED,Kesehatan Masyarakat,"Biologi, Matematika, Sosiologi",45.0,1068.0,60.0,141.0,604.56,88.98,S1
351012.0,UNIVERSITAS JENDERAL SOEDIRMAN,KEPERAWATAN,Prov. Jawa Tengah,Kab Banyumas,UNSOED,Keperawatan,"Biologi, Matematika",45.0,1577.0,60.0,1581.0,612.43,89.37,S1
351013.0,UNIVERSITAS JENDERAL SOEDIRMAN,FARMASI,Prov. Jawa Tengah,Kab Banyumas,UNSOED,Ilmu Farmasi,"Biologi, Kimia, Matematika",45.0,1339.0,60.0,169.0,641.5,90.83,S1
351014.0,UNIVERSITAS JENDERAL SOEDIRMAN,TEKNIK GEOLOGI,Prov. Jawa Tengah,Kab Banyumas,UNSOED,Ilmu atau Sains Kebumian,"Fisika, Matematika Tingkat Lanjut, Matematika",36.0,392.0,48.0,575.0,609.0,89.2,S1
351015.0,UNIVERSITAS JENDERAL SOEDIRMAN,ILMU KELAUTAN,Prov. Jawa Tengah,Kab Banyumas,UNSOED,Ilmu atau Sains Kelautan,"Biologi, Matematika, Geografi",45.0,255.0,60.0,302.0,592.44,88.37,S1
351016.0,UNIVERSITAS JENDERAL SOEDIRMAN,AGROTEKNOLOGI,Prov. Jawa Tengah,Kab Banyumas,UNSOED,Ilmu dan Sains Pertanian,"Biologi, Matematika",90.0,686.0,120.0,825.0,593.01,88.4,S1
351017.0,UNIVERSITAS JENDERAL SOEDIRMAN,AGROBISNIS - S1,Prov. Jawa Tengah,Kab Banyumas,UNSOED,Ilmu dan Sains Pertanian,"Biologi, Matematika",45.0,600.0,60.0,681.0,597.33,88.62,S1
351018.0,UNIVERSITAS JENDERAL SOEDIRMAN,TEKNOLOGI PANGAN,Prov. Jawa Tengah,Kab Banyumas,UNSOED,"Teknologi Pangan, Teknologi Hasil Pertanian/ Peternakan/ Perikanan","Kimia, Biologi, Matematika",42.0,655.0,56.0,1015.0,619.9,89.75,S1
351019.0,UNIVERSITAS JENDERAL SOEDIRMAN,PETERNAKAN,Prov. Jawa Tengah,Kab Banyumas,UNSOED,Peternakan,"Biologi, Matematika",90.0,453.0,120.0,713.0,574.5,87.48,S1
351020.0,UNIVERSITAS JENDERAL SOEDIRMAN,INFORMATIKA,Prov. Jawa Tengah,Kab Banyumas,UNSOED,Ilmu atau Sains Informasi,"Matematika Tingkat Lanjut, Matematika",45.0,1015.0,60.0,1305.0,636.79,90.59,S1
351021.0,UNIVERSITAS JENDERAL SOEDIRMAN,KEDOKTERAN GIGI,Prov. Jawa Tengah,Kab Banyumas,UNSOED,Ilmu atau Sains Kedokteran Gigi,"Biologi, Kimia, Matematika",15.0,571.0,20.0,820.0,656.97,91.6,S1
351022.0,UNIVERSITAS JENDERAL SOEDIRMAN,ILMU GIZI,Prov. Jawa Tengah,Kab Banyumas,UNSOED,Ilmu atau Sains Gizi,"Biologi, Kimia, Matematika",45.0,1043.0,60.0,1325.0,625.66,90.03,S1
351023.0,UNIVERSITAS JENDERAL SOEDIRMAN,PENDIDIKAN JASMANI KESEHATAN DAN REKREASI,Prov. Jawa Tengah,Kab Banyumas,UNSOED,Pendidikan Jasmani Kesehatan,"Pendidikan Jasmani, Biologi",39.0,86.0,52.0,192.0,568.67,87.18,S1
351024.0,UNIVERSITAS JENDERAL SOEDIRMAN,TEKNIK INDUSTRI,Prov. Jawa Tengah,Kab Banyumas,UNSOED,Teknik atau rekayasa,"Fisika, Matematika Tingkat Lanjut, Matematika",36.0,494.0,48.0,642.0,616.41,89.57,S1
351025.0,UNIVERSITAS JENDERAL SOEDIRMAN,HUKUM,Prov. Jawa Tengah,Kab Banyumas,UNSOED,Hukum,"Sosiologi, Pendidikan Pancasila",75.0,833.0,100.0,1878.0,614.65,89.48,S1
351026.0,UNIVERSITAS JENDERAL SOEDIRMAN,SOSIOLOGI,Prov. Jawa Tengah,Kab Banyumas,UNSOED,Studi Humanitas,"Sosiologi, Pendidikan Pancasila, Antropologi",60.0,570.0,80.0,1001.0,608.05,89.15,S1
351027.0,UNIVERSITAS JENDERAL SOEDIRMAN,ADMINISTRASI PUBLIK,Prov. Jawa Tengah,Kab Banyumas,UNSOED,Administrasi Bisnis,"Ekonomi, Matematika",48.0,670.0,64.0,1176.0,613.27,89.41,S1
351028.0,UNIVERSITAS JENDERAL SOEDIRMAN,MANAJEMEN,Prov. Jawa Tengah,Kab Banyumas,UNSOED,Ilmu atau Sains Manajemen,"Ekonomi, Matematika",39.0,1185.0,52.0,1821.0,628.13,90.16,S1
351029.0,UNIVERSITAS JENDERAL SOEDIRMAN,EKONOMI PEMBANGUNAN,Prov. Jawa Tengah,Kab Banyumas,UNSOED,Ekonomi,"Ekonomi, Matematika",39.0,539.0,52.0,833.0,619.96,89.75,S1
351030.0,UNIVERSITAS JENDERAL SOEDIRMAN,AKUNTANSI - S1,Prov. Jawa Tengah,Kab Banyumas,UNSOED,Ilmu atau Sains Akuntansi,"Ekonomi, Matematika",39.0,648.0,52.0,955.0,636.99,90.6,S1
351031.0,UNIVERSITAS JENDERAL SOEDIRMAN,ILMU KOMUNIKASI,Prov. Jawa Tengah,Kab Banyumas,UNSOED,Ilmu atau Sains Komunikasi,"Sosiologi, Bahasa Indonesia, Antropologi",48.0,818.0,64.0,2045.0,621.6,89.83,S1
351032.0,UNIVERSITAS JENDERAL SOEDIRMAN,ILMU POLITIK,Prov. Jawa Tengah,Kab Banyumas,UNSOED,Sosial,"Sosiologi, Sejarah, Antropologi",36.0,308.0,48.0,548.0,611.52,89.33,S1
351033.0,UNIVERSITAS JENDERAL SOEDIRMAN,SASTRA INDONESIA,Prov. Jawa Tengah,Kab Banyumas,UNSOED,Susastra atau Sastra,"Bahasa Indonesia, Bahasa Inggris, Bahasa Asing Lainnya",36.0,254.0,48.0,490.0,594.66,88.48,S1
351034.0,UNIVERSITAS JENDERAL SOEDIRMAN,SASTRA INGGRIS,Prov. Jawa Tengah,Kab Banyumas,UNSOED,Susastra atau Sastra,"Bahasa Indonesia, Bahasa Inggris, Bahasa Asing Lainnya",36.0,259.0,48.0,653.0,606.66,89.08,S1
351035.0,UNIVERSITAS JENDERAL SOEDIRMAN,HUBUNGAN INTERNASIONAL,Prov. Jawa Tengah,Kab Banyumas,UNSOED,Ilmu atau Sains Komunikasi,"Sosiologi, Bahasa Indonesia, Antropologi",36.0,328.0,48.0,767.0,625.95,90.05,S1
351036.0,UNIVERSITAS JENDERAL SOEDIRMAN,SASTRA JEPANG,Prov. Jawa Tengah,Kab Banyumas,UNSOED,Susastra atau Sastra,"Bahasa Indonesia, Bahasa Inggris, Bahasa Asing Lainnya",36.0,145.0,48.0,379.0,608.17,89.16,S1
351037.0,UNIVERSITAS JENDERAL SOEDIRMAN,PENDIDIKAN EKONOMI,Prov. Jawa Tengah,Kab Banyumas,UNSOED,Pendidikan Ekonomi,Ekonomi,30.0,256.0,40.0,340.0,587.28,88.11,S1
351038.0,UNIVERSITAS JENDERAL SOEDIRMAN,PENDIDIKAN BAHASA INDONESIA,Prov. Jawa Tengah,Kab Banyumas,UNSOED,Pendidikan Bahasa Indonesia,Bahasa Indonesia,36.0,368.0,48.0,668.0,594.63,88.48,S1
351039.0,UNIVERSITAS JENDERAL SOEDIRMAN,PENDIDIKAN BAHASA INGGRIS,Prov. Jawa Tengah,Kab Banyumas,UNSOED,Pendidikan Bahasa Inggris,Bahasa Inggris,36.0,201.0,48.0,428.0,598.87,88.69,S1
351040.0,UNIVERSITAS JENDERAL SOEDIRMAN,ADMINISTRASI BISNIS,Prov. Jawa Tengah,Kab Banyumas,UNSOED,Administrasi Bisnis,"Ekonomi, Matematika",27.0,0.0,36.0,0.0,0.0,0.0,D3
351041.0,UNIVERSITAS JENDERAL SOEDIRMAN,BAHASA MANDARIN,Prov. Jawa Tengah,Kab Banyumas,UNSOED,Susastra atau Sastra,"Bahasa Indonesia, Bahasa Inggris, Bahasa Asing Lainnya",24.0,0.0,32.0,0.0,0.0,0.0,D3
351042.0,UNIVERSITAS JENDERAL SOEDIRMAN,BUDIDAYA IKAN,Prov. Jawa Tengah,Kab Banyumas,UNSOED,Ilmu atau Sains Perikanan,"Biologi, Matematika",36.0,0.0,48.0,0.0,0.0,0.0,D3
351043.0,UNIVERSITAS JENDERAL SOEDIRMAN,AGROBISNIS - D3,Prov. Jawa Tengah,Kab Banyumas,UNSOED,"Bioteknologi, Biokewirausaha an, Bioinformatika","Biologi, Matematika",36.0,0.0,48.0,0.0,0.0,0.0,D3
351044.0,UNIVERSITAS JENDERAL SOEDIRMAN,PERENCANAAN SUMBER DAYA LAHAN,Prov. Jawa Tengah,Kab Banyumas,UNSOED,Ilmu atau Sains Lingkungan,"Biologi, Matematika",36.0,0.0,48.0,0.0,0.0,0.0,D3
351046.0,UNIVERSITAS JENDERAL SOEDIRMAN,BAHASA INGGRIS,Prov. Jawa Tengah,Kab Banyumas,UNSOED,Susastra atau Sastra,"Bahasa Indonesia, Bahasa Inggris, Bahasa Asing Lainnya",36.0,0.0,48.0,0.0,0.0,0.0,D3
351048.0,UNIVERSITAS JENDERAL SOEDIRMAN,AKUNTANSI - D3,Prov. Jawa Tengah,Kab Banyumas,UNSOED,Ilmu atau Sains Akuntansi,"Ekonomi, Matematika",27.0,0.0,36.0,0.0,0.0,0.0,D3
351049.0,UNIVERSITAS JENDERAL SOEDIRMAN,BISNIS INTERNASIONAL,Prov. Jawa Tengah,Kab Banyumas,UNSOED,Bisnis,"Ekonomi, Matematika",27.0,0.0,36.0,0.0,0.0,0.0,D3
351051.0,UNIVERSITAS JENDERAL SOEDIRMAN,ADMINISTRASI PERKANTORAN,Prov. Jawa Tengah,Kab Banyumas,UNSOED,Administrasi Bisnis,"Ekonomi, Matematika",27.0,0.0,36.0,0.0,0.0,0.0,D3
351052.0,UNIVERSITAS JENDERAL SOEDIRMAN,BUDIDAYA TERNAK,Prov. Jawa Tengah,Kab Banyumas,UNSOED,Peternakan,"Biologi, Matematika",60.0,0.0,80.0,0.0,0.0,0.0,D3
352001.0,UNIVERSITAS TIDAR,AGROTEKNOLOGI,Prov. Jawa Tengah,Kota Magelang,UNTIDAR,Ilmu dan Sains Pertanian,"Biologi, Matematika",30.0,340.0,75.0,534.0,552.67,86.38,S1
352002.0,UNIVERSITAS TIDAR,TEKNIK SIPIL,Prov. Jawa Tengah,Kota Magelang,UNTIDAR,Teknik atau rekayasa,"Fisika, Matematika Tingkat Lanjut, Matematika",32.0,368.0,80.0,574.0,604.76,88.99,S1
352003.0,UNIVERSITAS TIDAR,TEKNIK MESIN,Prov. Jawa Tengah,Kota Magelang,UNTIDAR,Teknik atau rekayasa,"Fisika, Matematika Tingkat Lanjut, Matematika",32.0,235.0,80.0,326.0,611.82,89.34,S1
352004.0,UNIVERSITAS TIDAR,TEKNIK ELEKTRO,Prov. Jawa Tengah,Kota Magelang,UNTIDAR,Teknik atau rekayasa,"Fisika, Matematika Tingkat Lanjut, Matematika",32.0,180.0,80.0,295.0,611.9,89.35,S1
352005.0,UNIVERSITAS TIDAR,PETERNAKAN,Prov. Jawa Tengah,Kota Magelang,UNTIDAR,Peternakan,"Biologi, Matematika",30.0,209.0,75.0,318.0,517.37,84.62,S1
352006.0,UNIVERSITAS TIDAR,PENDIDIKAN IPA,Prov. Jawa Tengah,Kota Magelang,UNTIDAR,Pendidikan IPA,"Matematika, Biologi",32.0,274.0,80.0,320.0,513.89,84.44,S1
352007.0,UNIVERSITAS TIDAR,PENDIDIKAN BIOLOGI,Prov. Jawa Tengah,Kota Magelang,UNTIDAR,Pendidikan Biologi,Biologi,32.0,295.0,80.0,326.0,523.68,84.93,S1
352008.0,UNIVERSITAS TIDAR,PENDIDIKAN MATEMATIKA,Prov. Jawa Tengah,Kota Magelang,UNTIDAR,Pendidikan Matematika,"Matematika, Matematika Tingkat Lanjut",32.0,297.0,80.0,363.0,523.08,84.9,S1
352009.0,UNIVERSITAS TIDAR,AKUAKULTUR,Prov. Jawa Tengah,Kota Magelang,UNTIDAR,Ilmu atau Sains Perikanan,"Biologi, Matematika",30.0,163.0,75.0,213.0,549.01,86.2,S1
352010.0,UNIVERSITAS TIDAR,EKONOMI PEMBANGUNAN,Prov. Jawa Tengah,Kota Magelang,UNTIDAR,Ekonomi,"Ekonomi, Matematika",40.0,415.0,100.0,559.0,594.33,88.47,S1
352011.0,UNIVERSITAS TIDAR,ADMINISTRASI NEGARA,Prov. Jawa Tengah,Kota Magelang,UNTIDAR,Administrasi Bisnis,"Ekonomi, Matematika",40.0,485.0,100.0,851.0,586.7,88.09,S1
352012.0,UNIVERSITAS TIDAR,PENDIDIKAN BAHASA INGGRIS,Prov. Jawa Tengah,Kota Magelang,UNTIDAR,Pendidikan Bahasa Inggris,Bahasa Inggris,40.0,293.0,100.0,442.0,578.2,87.66,S1
352013.0,UNIVERSITAS TIDAR,PENDIDIKAN BAHASA DAN SASTRA INDONESIA,Prov. Jawa Tengah,Kota Magelang,UNTIDAR,Pendidikan Bahasa Indonesia,Bahasa Indonesia,40.0,480.0,100.0,663.0,534.51,85.48,S1
352014.0,UNIVERSITAS TIDAR,HUKUM,Prov. Jawa Tengah,Kota Magelang,UNTIDAR,Hukum,"Sosiologi, Pendidikan Pancasila",40.0,498.0,100.0,751.0,588.82,88.19,S1
352015.0,UNIVERSITAS TIDAR,MANAJEMEN,Prov. Jawa Tengah,Kota Magelang,UNTIDAR,Ilmu atau Sains Manajemen,"Ekonomi, Matematika",40.0,916.0,100.0,1203.0,604.39,88.97,S1
352016.0,UNIVERSITAS TIDAR,ILMU KOMUNIKASI,Prov. Jawa Tengah,Kota Magelang,UNTIDAR,Ilmu atau Sains Komunikasi,"Sosiologi, Bahasa Indonesia, Antropologi",40.0,532.0,100.0,884.0,601.08,88.8,S1
352017.0,UNIVERSITAS TIDAR,AKUNTANSI - S1,Prov. Jawa Tengah,Kota Magelang,UNTIDAR,Ilmu atau Sains Akuntansi,"Ekonomi, Matematika",40.0,544.0,100.0,756.0,605.79,89.04,S1
352018.0,UNIVERSITAS TIDAR,AKUNTANSI - D3,Prov. Jawa Tengah,Kota Magelang,UNTIDAR,Ilmu atau Sains Akuntansi,"Ekonomi, Matematika",30.0,0.0,75.0,0.0,0.0,0.0,D3
352019.0,UNIVERSITAS TIDAR,TEKNOLOGI REKAYASA PERANCANGAN MANUFAKTUR,Prov. Jawa Tengah,Kota Magelang,UNTIDAR,Teknik atau rekayasa,"Fisika, Matematika Tingkat Lanjut, Matematika",24.0,0.0,60.0,0.0,0.0,0.0,D4
352020.0,UNIVERSITAS TIDAR,PARIWISATA,Prov. Jawa Tengah,Kota Magelang,UNTIDAR,Pariwisata,"Ekonomi, Matematika",20.0,0.0,50.0,0.0,0.0,0.0,S1
352021.0,UNIVERSITAS TIDAR,TEKNOLOGI PANGAN,Prov. Jawa Tengah,Kota Magelang,UNTIDAR,"Teknologi Pangan, Teknologi Hasil Pertanian/ Peternakan/ Perikanan","Kimia, Biologi, Matematika",20.0,0.0,50.0,0.0,0.0,0.0,S1
352022.0,UNIVERSITAS TIDAR,TEKNOLOGI INFORMASI,Prov. Jawa Tengah,Kota Magelang,UNTIDAR,Ilmu atau Sains Informasi,"Matematika Tingkat Lanjut, Matematika",16.0,0.0,40.0,0.0,0.0,0.0,S1
352023.0,UNIVERSITAS TIDAR,TEKNIK MEKATRONIKA,Prov. Jawa Tengah,Kota Magelang,UNTIDAR,Teknik atau rekayasa,"Fisika, Matematika Tingkat Lanjut, Matematika",16.0,0.0,40.0,0.0,0.0,0.0,S1
352024.0,UNIVERSITAS TIDAR,TEKNIK INDUSTRI,Prov. Jawa Tengah,Kota Magelang,UNTIDAR,Teknik atau rekayasa,"Fisika, Matematika Tingkat Lanjut, Matematika",16.0,0.0,40.0,0.0,0.0,0.0,S1
352025.0,UNIVERSITAS TIDAR,AGROBISNIS,Prov. Jawa Tengah,Kota Magelang,UNTIDAR,Ilmu dan Sains Pertanian,"Biologi, Matematika",0.0,0.0,0.0,0.0,0.0,0.0,S1
352026.0,UNIVERSITAS TIDAR,ILMU GIZI,Prov. Jawa Tengah,Kota Magelang,UNTIDAR,Ilmu atau Sains Gizi,"Biologi, Kimia, Matematika",0.0,0.0,0.0,0.0,0.0,0.0,S1
353001.0,UNIVERSITAS SEBELAS MARET,KEDOKTERAN,Prov. Jawa Tengah,Kota Surakarta,UNS,Ilmu atau Sains Kedokteran,"Biologi, Kimia, Matematika",44.0,1484.0,77.0,3512.0,690.94,93.3,S1
353002.0,UNIVERSITAS SEBELAS MARET,PSIKOLOGI,Prov. Jawa Tengah,Kota Surakarta,UNS,Psikologi,"Sosiologi, Matematika",52.0,2034.0,91.0,2944.0,648.64,91.18,S1
353003.0,UNIVERSITAS SEBELAS MARET,AGROTEKNOLOGI,Prov. Jawa Tengah,Kota Surakarta,UNS,Ilmu dan Sains Pertanian,"Biologi, Matematika",36.0,375.0,63.0,824.0,613.03,89.4,S1
353004.0,UNIVERSITAS SEBELAS MARET,AGROBISNIS - S1,Prov. Jawa Tengah,Kota Surakarta,UNS,Ilmu dan Sains Pertanian,"Biologi, Matematika",32.0,671.0,56.0,1035.0,614.07,89.45,S1
353005.0,UNIVERSITAS SEBELAS MARET,PETERNAKAN,Prov. Jawa Tengah,Kota Surakarta,UNS,Peternakan,"Biologi, Matematika",40.0,354.0,70.0,682.0,612.93,89.4,S1
353006.0,UNIVERSITAS SEBELAS MARET,ILMU DAN TEKNOLOGI PANGAN,Prov. Jawa Tengah,Kota Surakarta,UNS,"Teknologi Pangan, Teknologi Hasil Pertanian/ Peternakan/ Perikanan","Kimia, Biologi, Matematika",24.0,468.0,42.0,1071.0,616.02,89.55,S1
353007.0,UNIVERSITAS SEBELAS MARET,TEKNIK SIPIL - S1,Prov. Jawa Tengah,Kota Surakarta,UNS,Teknik atau rekayasa,"Fisika, Matematika Tingkat Lanjut, Matematika",36.0,587.0,63.0,1258.0,647.19,91.11,S1
353008.0,UNIVERSITAS SEBELAS MARET,ARSITEKTUR,Prov. Jawa Tengah,Kota Surakarta,UNS,Arsitektur,"Matematika, Fisika",24.0,525.0,42.0,956.0,638.39,90.67,S1
353009.0,UNIVERSITAS SEBELAS MARET,TEKNIK INDUSTRI,Prov. Jawa Tengah,Kota Surakarta,UNS,Teknik atau rekayasa,"Fisika, Matematika Tingkat Lanjut, Matematika",26.0,575.0,46.0,119.0,639.84,90.74,S1
353010.0,UNIVERSITAS SEBELAS MARET,TEKNIK MESIN - S1,Prov. Jawa Tengah,Kota Surakarta,UNS,Teknik atau rekayasa,"Fisika, Matematika Tingkat Lanjut, Matematika",30.0,606.0,53.0,851.0,627.01,90.1,S1
353011.0,UNIVERSITAS SEBELAS MARET,TEKNIK KIMIA - S1,Prov. Jawa Tengah,Kota Surakarta,UNS,Teknik atau rekayasa,"Fisika, Matematika Tingkat Lanjut, Matematika",24.0,317.0,42.0,503.0,638.57,90.68,S1
353012.0,UNIVERSITAS SEBELAS MARET,MATEMATIKA,Prov. Jawa Tengah,Kota Surakarta,UNS,Matematika,"Matematika Tingkat Lanjut, Matematika",18.0,260.0,32.0,402.0,619.48,89.72,S1
353013.0,UNIVERSITAS SEBELAS MARET,FISIKA,Prov. Jawa Tengah,Kota Surakarta,UNS,Fisika,"Fisika, Matematika",20.0,100.0,35.0,100.0,608.11,89.16,S1
353014.0,UNIVERSITAS SEBELAS MARET,KIMIA,Prov. Jawa Tengah,Kota Surakarta,UNS,Kimia,"Kimia, Matematika",18.0,151.0,32.0,281.0,608.17,89.16,S1
353015.0,UNIVERSITAS SEBELAS MARET,BIOLOGI,Prov. Jawa Tengah,Kota Surakarta,UNS,Biologi,"Biologi, Matematika",18.0,270.0,32.0,432.0,614.29,89.46,S1
353016.0,UNIVERSITAS SEBELAS MARET,PERENCANAAN WILAYAH DAN KOTA,Prov. Jawa Tengah,Kota Surakarta,UNS,Perencanaan Wilayah,"Ekonomi, Matematika",16.0,361.0,28.0,657.0,624.74,89.99,S1
353017.0,UNIVERSITAS SEBELAS MARET,INFORMATIKA,Prov. Jawa Tengah,Kota Surakarta,UNS,Ilmu atau Sains Informasi,"Matematika Tingkat Lanjut, Matematika",30.0,1094.0,53.0,2047.0,654.24,91.46,S1
353018.0,UNIVERSITAS SEBELAS MARET,PENDIDIKAN FISIKA,Prov. Jawa Tengah,Kota Surakarta,UNS,Pendidikan Fisika,Fisika,18.0,133.0,32.0,167.0,599.01,88.7,S1
353019.0,UNIVERSITAS SEBELAS MARET,PENDIDIKAN KIMIA,Prov. Jawa Tengah,Kota Surakarta,UNS,Pendidikan,,20.0,132.0,35.0,237.0,596.69,88.58,S1
353020.0,UNIVERSITAS SEBELAS MARET,PENDIDIKAN BIOLOGI,Prov. Jawa Tengah,Kota Surakarta,UNS,Pendidikan Biologi,Biologi,20.0,314.0,35.0,397.0,599.75,88.74,S1
353021.0,UNIVERSITAS SEBELAS MARET,PENDIDIKAN MATEMATIKA,Prov. Jawa Tengah,Kota Surakarta,UNS,Pendidikan Matematika,"Matematika, Matematika Tingkat Lanjut",18.0,321.0,32.0,562.0,602.3,88.87,S1
353022.0,UNIVERSITAS SEBELAS MARET,PENDIDIKAN TEKNIK MESIN,Prov. Jawa Tengah,Kota Surakarta,UNS,Pendidikan Teknik,"Fisika, Matematika Tingkat Lanjut, Matematika",16.0,188.0,28.0,198.0,602.41,88.87,S1
353023.0,UNIVERSITAS SEBELAS MARET,PENDIDIKAN TEKNIK BANGUNAN,Prov. Jawa Tengah,Kota Surakarta,UNS,Pendidikan Teknik,"Fisika, Matematika Tingkat Lanjut, Matematika",16.0,126.0,28.0,150.0,598.7,88.69,S1
353024.0,UNIVERSITAS SEBELAS MARET,PENDIDIKAN TEKNIK INFORMATIKA DAN KOMPUTER,Prov. Jawa Tengah,Kota Surakarta,UNS,Pendidikan Informatika,"Matematika Tingkat Lanjut, Matematika",16.0,473.0,28.0,588.0,606.21,89.06,S1
353025.0,UNIVERSITAS SEBELAS MARET,ILMU TANAH,Prov. Jawa Tengah,Kota Surakarta,UNS,Ilmu atau Sains Lingkungan,"Biologi, Matematika",26.0,296.0,46.0,518.0,614.67,89.48,S1
353026.0,UNIVERSITAS SEBELAS MARET,PENYULUHAN DAN KOMUNIKASI PERTANIAN,Prov. Jawa Tengah,Kota Surakarta,UNS,Ilmu dan Sains Pertanian,"Biologi, Matematika",24.0,315.0,42.0,414.0,611.03,89.3,S1
353027.0,UNIVERSITAS SEBELAS MARET,FARMASI - S1,Prov. Jawa Tengah,Kota Surakarta,UNS,Ilmu Farmasi,"Biologi, Kimia, Matematika",16.0,906.0,28.0,1534.0,686.04,93.05,S1
353028.0,UNIVERSITAS SEBELAS MARET,TEKNIK ELEKTRO,Prov. Jawa Tengah,Kota Surakarta,UNS,Teknik atau rekayasa,"Fisika, Matematika Tingkat Lanjut, Matematika",16.0,175.0,28.0,450.0,649.4,91.22,S1
353029.0,UNIVERSITAS SEBELAS MARET,STATISTIK,Prov. Jawa Tengah,Kota Surakarta,UNS,Sains Data,"Matematika Tingkat Lanjut, Matematika",18.0,394.0,32.0,595.0,618.58,89.68,S1
353030.0,UNIVERSITAS SEBELAS MARET,PENDIDIKAN IPA,Prov. Jawa Tengah,Kota Surakarta,UNS,Pendidikan IPA,"Matematika, Biologi",16.0,237.0,28.0,348.0,586.6,88.08,S1
353031.0,UNIVERSITAS SEBELAS MARET,ILMU LINGKUNGAN,Prov. Jawa Tengah,Kota Surakarta,UNS,Ilmu atau Sains Lingkungan,"Biologi, Matematika",16.0,296.0,28.0,377.0,593.12,88.41,S1
353032.0,UNIVERSITAS SEBELAS MARET,PENGELOLAAN HUTAN,Prov. Jawa Tengah,Kota Surakarta,UNS,"Konservasi Biologi, Konservasi Hewan Liar, Konservasi Hewan Liar dan Hutan, Konservasi Hutan, Konservasi Sumber Daya Alam","Biologi, Matematika",20.0,243.0,35.0,434.0,591.2,88.31,S1
353033.0,UNIVERSITAS SEBELAS MARET,KESELAMATAN DAN KESEHATAN KERJA,Prov. Jawa Tengah,Kota Surakarta,UNS,Keperawatan,"Biologi, Matematika",24.0,438.0,42.0,868.0,584.46,87.97,D4
353034.0,UNIVERSITAS SEBELAS MARET,KEBIDANAN - S1,Prov. Jawa Tengah,Kota Surakarta,UNS,Kebidanan,"Biologi, Matematika",12.0,586.0,21.0,821.0,611.38,89.32,S1
353035.0,UNIVERSITAS SEBELAS MARET,ADMINISTRASI NEGARA,Prov. Jawa Tengah,Kota Surakarta,UNS,Administrasi Bisnis,"Ekonomi, Matematika",27.0,479.0,48.0,1202.0,627.33,90.12,S1
353036.0,UNIVERSITAS SEBELAS MARET,ILMU KOMUNIKASI,Prov. Jawa Tengah,Kota Surakarta,UNS,Ilmu atau Sains Komunikasi,"Sosiologi, Bahasa Indonesia, Antropologi",27.0,824.0,48.0,228.0,647.41,91.12,S1
353037.0,UNIVERSITAS SEBELAS MARET,SOSIOLOGI,Prov. Jawa Tengah,Kota Surakarta,UNS,Studi Humanitas,"Sosiologi, Pendidikan Pancasila, Antropologi",27.0,462.0,48.0,1088.0,617.9,89.65,S1
353038.0,UNIVERSITAS SEBELAS MARET,HUKUM,Prov. Jawa Tengah,Kota Surakarta,UNS,Hukum,"Sosiologi, Pendidikan Pancasila",110.0,867.0,193.0,2609.0,629.62,90.23,S1
353039.0,UNIVERSITAS SEBELAS MARET,EKONOMI PEMBANGUNAN,Prov. Jawa Tengah,Kota Surakarta,UNS,Ekonomi,"Ekonomi, Matematika",30.0,722.0,53.0,1051.0,641.56,90.83,S1
353040.0,UNIVERSITAS SEBELAS MARET,MANAJEMEN,Prov. Jawa Tengah,Kota Surakarta,UNS,Ilmu atau Sains Manajemen,"Ekonomi, Matematika",36.0,1338.0,63.0,2939.0,644.53,90.98,S1
353041.0,UNIVERSITAS SEBELAS MARET,AKUNTANSI - S1,Prov. Jawa Tengah,Kota Surakarta,UNS,Ilmu atau Sains Akuntansi,"Ekonomi, Matematika",30.0,985.0,53.0,1475.0,653.25,91.41,S1
353042.0,UNIVERSITAS SEBELAS MARET,SEJARAH,Prov. Jawa Tengah,Kota Surakarta,UNS,Sejarah,Sejarah,17.0,181.0,30.0,388.0,609.01,89.2,S1
353043.0,UNIVERSITAS SEBELAS MARET,SASTRA INDONESIA,Prov. Jawa Tengah,Kota Surakarta,UNS,Susastra atau Sastra,"Bahasa Indonesia, Bahasa Inggris, Bahasa Asing Lainnya",17.0,177.0,30.0,403.0,612.06,89.35,S1
353044.0,UNIVERSITAS SEBELAS MARET,SASTRA INGGRIS,Prov. Jawa Tengah,Kota Surakarta,UNS,Susastra atau Sastra,"Bahasa Indonesia, Bahasa Inggris, Bahasa Asing Lainnya",17.0,307.0,30.0,776.0,627.47,90.12,S1
353045.0,UNIVERSITAS SEBELAS MARET,SASTRA DAERAH UNTUK SASTRA JAWA,Prov. Jawa Tengah,Kota Surakarta,UNS,Susastra atau Sastra,"Bahasa Indonesia, Bahasa Inggris, Bahasa Asing Lainnya",17.0,134.0,30.0,187.0,577.73,87.64,S1
353046.0,UNIVERSITAS SEBELAS MARET,KRIYA SENI (DESAIN TEKSTIL),Prov. Jawa Tengah,Kota Surakarta,UNS,Desain,"Seni Budaya, Matematika",12.0,53.0,21.0,69.0,556.07,86.55,S1
353047.0,UNIVERSITAS SEBELAS MARET,SENI RUPA MURNI,Prov. Jawa Tengah,Kota Surakarta,UNS,Seni,Seni Budaya,14.0,42.0,25.0,89.0,550.23,86.26,S1
353048.0,UNIVERSITAS SEBELAS MARET,DESAIN INTERIOR,Prov. Jawa Tengah,Kota Surakarta,UNS,Desain,"Seni Budaya, Matematika",16.0,114.0,28.0,275.0,589.45,88.22,S1
353049.0,UNIVERSITAS SEBELAS MARET,DESAIN KOMUNIKASI VISUAL (DKV) - S1,Prov. Jawa Tengah,Kota Surakarta,UNS,Desain,"Seni Budaya, Matematika",30.0,302.0,53.0,903.0,614.22,89.46,S1
353050.0,UNIVERSITAS SEBELAS MARET,PENDIDIKAN SEJARAH,Prov. Jawa Tengah,Kota Surakarta,UNS,Pendidikan Sejarah,Sejarah,16.0,176.0,28.0,410.0,556.59,86.58,S1
353051.0,UNIVERSITAS SEBELAS MARET,PENDIDIKAN GEOGRAFI,Prov. Jawa Tengah,Kota Surakarta,UNS,Pendidikan Geografi,Geografi,16.0,194.0,28.0,305.0,557.68,86.63,S1
353052.0,UNIVERSITAS SEBELAS MARET,PENDIDIKAN PANCASILA DAN KEWARGANEGARAAN,Prov. Jawa Tengah,Kota Surakarta,UNS,Pendidikan Pancasila,Pendidikan Pancasila,16.0,227.0,28.0,336.0,553.54,86.43,S1
353053.0,UNIVERSITAS SEBELAS MARET,PENDIDIKAN LUAR BIASA,Prov. Jawa Tengah,Kota Surakarta,UNS,Pendidikan Luar Sekolah,"Bahasa Indonesia, Matematika",21.0,104.0,37.0,255.0,556.27,86.56,S1
353054.0,UNIVERSITAS SEBELAS MARET,PENDIDIKAN JASMANI KESEHATAN DAN REKREASI,Prov. Jawa Tengah,Kota Surakarta,UNS,Pendidikan Jasmani Kesehatan,"Pendidikan Jasmani, Biologi",25.0,140.0,44.0,430.0,555.21,86.51,S1
353055.0,UNIVERSITAS SEBELAS MARET,PENDIDIKAN KEPELATIHAN OLAHRAGA,Prov. Jawa Tengah,Kota Surakarta,UNS,Pendidikan Jasmani Kesehatan,"Pendidikan Jasmani, Biologi",29.0,120.0,51.0,327.0,550.33,86.27,S1
353057.0,UNIVERSITAS SEBELAS MARET,"PENDIDIKAN BAHASA, SASTRA INDONESIA DAN DAERAH",Prov. Jawa Tengah,Kota Surakarta,UNS,Pendidikan Bahasa Indonesia,Bahasa Indonesia,16.0,476.0,28.0,479.0,552.77,86.39,S1
353058.0,UNIVERSITAS SEBELAS MARET,PENDIDIKAN BAHASA INGGRIS,Prov. Jawa Tengah,Kota Surakarta,UNS,Pendidikan Bahasa Inggris,Bahasa Inggris,18.0,269.0,31.0,588.0,618.83,89.69,S1
353059.0,UNIVERSITAS SEBELAS MARET,PENDIDIKAN SENI RUPA,Prov. Jawa Tengah,Kota Surakarta,UNS,Pendidikan Seni,Seni Budaya,16.0,52.0,28.0,77.0,555.72,86.54,S1
353060.0,UNIVERSITAS SEBELAS MARET,PENDIDIKAN SOSIOLOGI ANTROPOLOGI,Prov. Jawa Tengah,Kota Surakarta,UNS,Pendidikan Sosiologi,Sosiologi,16.0,254.0,28.0,429.0,554.96,86.5,S1
353061.0,UNIVERSITAS SEBELAS MARET,PENDIDIKAN GURU SD SURAKARTA,Prov. Jawa Tengah,Kota Surakarta,UNS,Pendidikan SD,"Matematika, Bahasa Indonesia",40.0,817.0,70.0,1394.0,557.29,86.61,S1
353062.0,UNIVERSITAS SEBELAS MARET,PENDIDIKAN BIMBINGAN DAN KONSELING,Prov. Jawa Tengah,Kota Surakarta,UNS,Psikologi,"Sosiologi, Matematika",16.0,421.0,28.0,937.0,558.67,86.68,S1
353063.0,UNIVERSITAS SEBELAS MARET,PENDIDIKAN GURU PAUD,Prov. Jawa Tengah,Kota Surakarta,UNS,Pendidikan PAUD,"Matematika, Bahasa Indonesia",16.0,165.0,28.0,261.0,552.43,86.37,S1
353064.0,UNIVERSITAS SEBELAS MARET,SASTRA ARAB,Prov. Jawa Tengah,Kota Surakarta,UNS,Susastra atau Sastra,"Bahasa Indonesia, Bahasa Inggris, Bahasa Asing Lainnya",17.0,166.0,30.0,318.0,570.89,87.29,S1
353065.0,UNIVERSITAS SEBELAS MARET,PENDIDIKAN BAHASA JAWA,Prov. Jawa Tengah,Kota Surakarta,UNS,Pendidikan Bahsa Jawa,"Bahasa Jawa, Bahasa Indonesia",16.0,143.0,28.0,273.0,555.41,86.52,S1
353066.0,UNIVERSITAS SEBELAS MARET,PENDIDIKAN GURU SD KEBUMEN,Prov. Jawa Tengah,Kota Surakarta,UNS,Pendidikan SD,"Matematika, Bahasa Indonesia",24.0,230.0,42.0,433.0,553.23,86.41,S1
353067.0,UNIVERSITAS SEBELAS MARET,HUBUNGAN INTERNASIONAL,Prov. Jawa Tengah,Kota Surakarta,UNS,Ilmu atau Sains Komunikasi,"Sosiologi, Bahasa Indonesia, Antropologi",13.0,230.0,23.0,764.0,640.57,90.78,S1
353068.0,UNIVERSITAS SEBELAS MARET,PENDIDIKAN AKUNTANSI,Prov. Jawa Tengah,Kota Surakarta,UNS,Pendidikan Ekonomi,Ekonomi,16.0,205.0,28.0,339.0,599.73,88.74,S1
353069.0,UNIVERSITAS SEBELAS MARET,PENDIDIKAN ADMINISTRASI PERKANTORAN,Prov. Jawa Tengah,Kota Surakarta,UNS,Pendidikan Ekonomi,Ekonomi,20.0,481.0,35.0,764.0,587.58,88.13,S1
353070.0,UNIVERSITAS SEBELAS MARET,PENDIDIKAN EKONOMI,Prov. Jawa Tengah,Kota Surakarta,UNS,Pendidikan Ekonomi,Ekonomi,24.0,384.0,42.0,449.0,553.89,86.44,S1
353071.0,UNIVERSITAS SEBELAS MARET,DEMOGRAFI DAN PENCATATAN SIPIL,Prov. Jawa Tengah,Kota Surakarta,UNS,Urusan Publik,"Sosiologi, Pendidikan Pancasila",30.0,655.0,53.0,653.0,537.54,85.63,D4
353072.0,UNIVERSITAS SEBELAS MARET,AKUNTANSI - D3,Prov. Jawa Tengah,Kota Surakarta,UNS,Ilmu atau Sains Akuntansi,"Ekonomi, Matematika",16.0,0.0,28.0,0.0,0.0,0.0,D3
353073.0,UNIVERSITAS SEBELAS MARET,KEBIDANAN - D3,Prov. Jawa Tengah,Kota Surakarta,UNS,Kebidanan,"Biologi, Matematika",14.0,0.0,25.0,0.0,0.0,0.0,D3
353074.0,UNIVERSITAS SEBELAS MARET,BAHASA MANDARIN,Prov. Jawa Tengah,Kota Surakarta,UNS,Susastra atau Sastra,"Bahasa Indonesia, Bahasa Inggris, Bahasa Asing Lainnya",12.0,0.0,21.0,0.0,0.0,0.0,D3
353075.0,UNIVERSITAS SEBELAS MARET,KEUANGAN DAN PERBANKAN,Prov. Jawa Tengah,Kota Surakarta,UNS,Ilmu atau Sains Akuntansi,"Ekonomi, Matematika",16.0,0.0,28.0,0.0,0.0,0.0,D3
353076.0,UNIVERSITAS SEBELAS MARET,PERPUSTAKAAN,Prov. Jawa Tengah,Kota Surakarta,UNS,Urusan Publik,"Sosiologi, Pendidikan Pancasila",16.0,0.0,28.0,0.0,0.0,0.0,D3
353077.0,UNIVERSITAS SEBELAS MARET,TEKNOLOGI HASIL PERTANIAN,Prov. Jawa Tengah,Kota Surakarta,UNS,"Teknologi Pangan, Teknologi Hasil Pertanian/ Peternakan/ Perikanan","Kimia, Biologi, Matematika",16.0,0.0,28.0,0.0,0.0,0.0,D3
353078.0,UNIVERSITAS SEBELAS MARET,PERPAJAKAN,Prov. Jawa Tengah,Kota Surakarta,UNS,Ilmu atau Sains Akuntansi,"Ekonomi, Matematika",16.0,0.0,28.0,0.0,0.0,0.0,D3
353079.0,UNIVERSITAS SEBELAS MARET,TEKNIK INFORMATIKA,Prov. Jawa Tengah,Kota Surakarta,UNS,Teknik atau rekayasa,"Fisika, Matematika Tingkat Lanjut, Matematika",18.0,0.0,32.0,0.0,0.0,0.0,D3
353080.0,UNIVERSITAS SEBELAS MARET,BAHASA INGGRIS,Prov. Jawa Tengah,Kota Surakarta,UNS,Susastra atau Sastra,"Bahasa Indonesia, Bahasa Inggris, Bahasa Asing Lainnya",12.0,0.0,21.0,0.0,0.0,0.0,D3
353081.0,UNIVERSITAS SEBELAS MARET,USAHA PERJALANAN WISATA,Prov. Jawa Tengah,Kota Surakarta,UNS,Pariwisata,"Ekonomi, Matematika",16.0,0.0,28.0,0.0,0.0,0.0,D3
353082.0,UNIVERSITAS SEBELAS MARET,AGROBISNIS - D3,Prov. Jawa Tengah,Kota Surakarta,UNS,"Bioteknologi, Biokewirausaha an, Bioinformatika","Biologi, Matematika",20.0,0.0,35.0,0.0,0.0,0.0,D3
353083.0,UNIVERSITAS SEBELAS MARET,TEKNIK KIMIA - D3,Prov. Jawa Tengah,Kota Surakarta,UNS,Teknik atau rekayasa,"Fisika, Matematika Tingkat Lanjut, Matematika",9.0,0.0,16.0,0.0,0.0,0.0,D3
353084.0,UNIVERSITAS SEBELAS MARET,DESAIN KOMUNIKASI VISUAL (DKV) - D3,Prov. Jawa Tengah,Kota Surakarta,UNS,Desain,"Seni Budaya, Matematika",12.0,0.0,21.0,0.0,0.0,0.0,D3
353085.0,UNIVERSITAS SEBELAS MARET,MANAJEMEN BISNIS,Prov. Jawa Tengah,Kota Surakarta,UNS,Ilmu atau Sains Manajemen,"Ekonomi, Matematika",16.0,0.0,28.0,0.0,0.0,0.0,D3
353086.0,UNIVERSITAS SEBELAS MARET,TEKNIK MESIN - D3,Prov. Jawa Tengah,Kota Surakarta,UNS,Teknik atau rekayasa,"Fisika, Matematika Tingkat Lanjut, Matematika",9.0,0.0,16.0,0.0,0.0,0.0,D3
353087.0,UNIVERSITAS SEBELAS MARET,TEKNIK SIPIL - D3,Prov. Jawa Tengah,Kota Surakarta,UNS,Teknik atau rekayasa,"Fisika, Matematika Tingkat Lanjut, Matematika",18.0,0.0,32.0,0.0,0.0,0.0,D3
353088.0,UNIVERSITAS SEBELAS MARET,KOMUNIKASI TERAPAN,Prov. Jawa Tengah,Kota Surakarta,UNS,Ilmu atau Sains Komunikasi,"Sosiologi, Bahasa Indonesia, Antropologi",30.0,0.0,53.0,0.0,0.0,0.0,D3
353089.0,UNIVERSITAS SEBELAS MARET,FARMASI - D3,Prov. Jawa Tengah,Kota Surakarta,UNS,Ilmu Farmasi,"Biologi, Kimia, Matematika",12.0,0.0,21.0,0.0,0.0,0.0,D3
353090.0,UNIVERSITAS SEBELAS MARET,BUDIDAYA TERNAK,Prov. Jawa Tengah,Kota Surakarta,UNS,Peternakan,"Biologi, Matematika",10.0,0.0,18.0,0.0,0.0,0.0,D3
353091.0,UNIVERSITAS SEBELAS MARET,MANAJEMEN ADMINISTRASI,Prov. Jawa Tengah,Kota Surakarta,UNS,Ilmu atau Sains Manajemen,"Ekonomi, Matematika",16.0,0.0,28.0,0.0,0.0,0.0,D3
353092.0,UNIVERSITAS SEBELAS MARET,MANAJEMEN PERDAGANGAN,Prov. Jawa Tengah,Kota Surakarta,UNS,Ilmu atau Sains Manajemen,"Ekonomi, Matematika",16.0,0.0,28.0,0.0,0.0,0.0,D3
353093.0,UNIVERSITAS SEBELAS MARET,MANAJEMEN PEMASARAN,Prov. Jawa Tengah,Kota Surakarta,UNS,Ilmu atau Sains Manajemen,"Ekonomi, Matematika",16.0,0.0,28.0,0.0,0.0,0.0,D3
353094.0,UNIVERSITAS SEBELAS MARET,TEKNOLOGI PENDIDIKAN,Prov. Jawa Tengah,Kota Surakarta,UNS,Urusan Publik,"Sosiologi, Pendidikan Pancasila",16.0,0.0,28.0,0.0,0.0,0.0,S1
353095.0,UNIVERSITAS SEBELAS MARET,BAHASA MANDARIN DAN KEBUDAYAAN TIONGKOK,Prov. Jawa Tengah,Kota Surakarta,UNS,Susastra atau Sastra,"Bahasa Indonesia, Bahasa Inggris, Bahasa Asing Lainnya",15.0,0.0,27.0,0.0,0.0,0.0,S1
353096.0,UNIVERSITAS SEBELAS MARET,BISNIS DIGITAL,Prov. Jawa Tengah,Kota Surakarta,UNS,Bisnis,"Ekonomi, Matematika",18.0,0.0,32.0,0.0,0.0,0.0,S1
353097.0,UNIVERSITAS SEBELAS MARET,SAINS DATA,Prov. Jawa Tengah,Kota Surakarta,UNS,Sains Data,"Matematika Tingkat Lanjut, Matematika",10.0,0.0,18.0,0.0,0.0,0.0,S1
354001.0,ISI SURAKARTA,SENI TARI,Prov. Jawa Tengah,Kota Surakarta,ISI SURAKARTA,Seni,Seni Budaya,26.0,56.0,65.0,90.0,528.36,85.17,S1
354002.0,ISI SURAKARTA,ETNO MUSIKOLOGI,Prov. Jawa Tengah,Kota Surakarta,ISI SURAKARTA,Seni,Seni Budaya,17.0,15.0,43.0,39.0,526.7,85.09,S1
354003.0,ISI SURAKARTA,TEATER,Prov. Jawa Tengah,Kota Surakarta,ISI SURAKARTA,Seni,Seni Budaya,8.0,5.0,20.0,29.0,517.57,84.63,S1
354004.0,ISI SURAKARTA,KRIYA SENI,Prov. Jawa Tengah,Kota Surakarta,ISI SURAKARTA,Desain,"Seni Budaya, Matematika",13.0,20.0,33.0,42.0,522.45,84.87,S1
354005.0,ISI SURAKARTA,SENI MURNI,Prov. Jawa Tengah,Kota Surakarta,ISI SURAKARTA,Seni,Seni Budaya,16.0,37.0,40.0,97.0,515.27,84.51,S1
354006.0,ISI SURAKARTA,DESAIN INTERIOR,Prov. Jawa Tengah,Kota Surakarta,ISI SURAKARTA,Desain,"Seni Budaya, Matematika",20.0,83.0,50.0,191.0,583.37,87.92,S1
354007.0,ISI SURAKARTA,DESAIN KOMUNIKASI VISUAL (DKV),Prov. Jawa Tengah,Kota Surakarta,ISI SURAKARTA,Desain,"Seni Budaya, Matematika",21.0,202.0,53.0,545.0,589.77,88.24,S1
354008.0,ISI SURAKARTA,FILM DAN TELEVISI,Prov. Jawa Tengah,Kota Surakarta,ISI SURAKARTA,Ilmu atau Sains Komunikasi,"Sosiologi, Bahasa Indonesia, Antropologi",21.0,156.0,53.0,337.0,548.49,86.17,S1
354009.0,ISI SURAKARTA,FOTOGRAFI,Prov. Jawa Tengah,Kota Surakarta,ISI SURAKARTA,Ilmu atau Sains Komunikasi,"Sosiologi, Bahasa Indonesia, Antropologi",20.0,78.0,50.0,192.0,554.95,86.5,S1
354010.0,ISI SURAKARTA,SENI KARAWITAN,Prov. Jawa Tengah,Kota Surakarta,ISI SURAKARTA,Seni,Seni Budaya,22.0,54.0,55.0,88.0,519.03,84.7,S1
354011.0,ISI SURAKARTA,SENI PEDALANGAN,Prov. Jawa Tengah,Kota Surakarta,ISI SURAKARTA,Seni,Seni Budaya,11.0,24.0,28.0,37.0,522.52,84.88,S1
354012.0,ISI SURAKARTA,SENJATA TRADISIONAL KERIS,Prov. Jawa Tengah,Kota Surakarta,ISI SURAKARTA,Seni,Seni Budaya,6.0,1.0,15.0,6.0,476.89,82.59,D4
354013.0,ISI SURAKARTA,DESAIN MODE BATIK,Prov. Jawa Tengah,Kota Surakarta,ISI SURAKARTA,Desain,"Seni Budaya, Matematika",21.0,24.0,53.0,41.0,482.96,82.9,D4
355001.0,UNIVERSITAS DIPONEGORO,KESEHATAN MASYARAKAT,Prov. Jawa Tengah,Kota Semarang,UNDIP,Kesehatan Masyarakat,"Biologi, Matematika, Sosiologi",78.0,1496.0,117.0,2292.0,628.63,90.18,S1
355002.0,UNIVERSITAS DIPONEGORO,KEDOKTERAN,Prov. Jawa Tengah,Kota Semarang,UNDIP,Ilmu atau Sains Kedokteran,"Biologi, Kimia, Matematika",60.0,1524.0,90.0,3097.0,694.83,93.49,S1
355003.0,UNIVERSITAS DIPONEGORO,KEPERAWATAN,Prov. Jawa Tengah,Kota Semarang,UNDIP,Keperawatan,"Biologi, Matematika",50.0,1218.0,75.0,2017.0,627.39,90.12,S1
355004.0,UNIVERSITAS DIPONEGORO,ILMU GIZI,Prov. Jawa Tengah,Kota Semarang,UNDIP,Ilmu atau Sains Gizi,"Biologi, Kimia, Matematika",31.0,855.0,47.0,1378.0,629.72,90.24,S1
355005.0,UNIVERSITAS DIPONEGORO,MATEMATIKA,Prov. Jawa Tengah,Kota Semarang,UNDIP,Matematika,"Matematika Tingkat Lanjut, Matematika",44.0,453.0,66.0,493.0,629.26,90.21,S1
355006.0,UNIVERSITAS DIPONEGORO,BIOLOGI,Prov. Jawa Tengah,Kota Semarang,UNDIP,Biologi,"Biologi, Matematika",48.0,495.0,72.0,500.0,613.29,89.41,S1
355007.0,UNIVERSITAS DIPONEGORO,KIMIA,Prov. Jawa Tengah,Kota Semarang,UNDIP,Kimia,"Kimia, Matematika",44.0,334.0,66.0,376.0,607.79,89.14,S1
355008.0,UNIVERSITAS DIPONEGORO,FISIKA,Prov. Jawa Tengah,Kota Semarang,UNDIP,Fisika,"Fisika, Matematika",44.0,181.0,66.0,150.0,611.29,89.31,S1
355009.0,UNIVERSITAS DIPONEGORO,STATISTIK,Prov. Jawa Tengah,Kota Semarang,UNDIP,Sains Data,"Matematika Tingkat Lanjut, Matematika",46.0,784.0,69.0,112.0,623.37,89.92,S1
355010.0,UNIVERSITAS DIPONEGORO,INFORMATIKA,Prov. Jawa Tengah,Kota Semarang,UNDIP,Ilmu atau Sains Informasi,"Matematika Tingkat Lanjut, Matematika",44.0,1207.0,66.0,1988.0,642.71,90.89,S1
355011.0,UNIVERSITAS DIPONEGORO,MANAJEMEN SUMBERDAYA PERAIRAN,Prov. Jawa Tengah,Kota Semarang,UNDIP,"Bioteknologi, Biokewirausaha an, Bioinformatika","Biologi, Matematika",34.0,232.0,51.0,307.0,611.69,89.33,S1
355012.0,UNIVERSITAS DIPONEGORO,AKUAKULTUR,Prov. Jawa Tengah,Kota Semarang,UNDIP,Ilmu atau Sains Perikanan,"Biologi, Matematika",29.0,211.0,44.0,160.0,603.68,88.93,S1
355013.0,UNIVERSITAS DIPONEGORO,PERIKANAN TANGKAP,Prov. Jawa Tengah,Kota Semarang,UNDIP,Ilmu atau Sains Perikanan,"Biologi, Matematika",24.0,123.0,36.0,143.0,599.14,88.71,S1
355014.0,UNIVERSITAS DIPONEGORO,ILMU KELAUTAN,Prov. Jawa Tengah,Kota Semarang,UNDIP,Ilmu atau Sains Kelautan,"Biologi, Matematika, Geografi",42.0,243.0,63.0,352.0,607.92,89.15,S1
355015.0,UNIVERSITAS DIPONEGORO,OSEANOGRAFI,Prov. Jawa Tengah,Kota Semarang,UNDIP,Ilmu atau Sains Kelautan,"Biologi, Matematika, Geografi",39.0,286.0,59.0,354.0,606.81,89.09,S1
355016.0,UNIVERSITAS DIPONEGORO,TEKNOLOGI HASIL PERIKANAN,Prov. Jawa Tengah,Kota Semarang,UNDIP,"Teknologi Pangan, Teknologi Hasil Pertanian/ Peternakan/ Perikanan","Kimia, Biologi, Matematika",26.0,135.0,39.0,227.0,596.2,88.56,S1
355017.0,UNIVERSITAS DIPONEGORO,TEKNIK SIPIL,Prov. Jawa Tengah,Kota Semarang,UNDIP,Teknik atau rekayasa,"Fisika, Matematika Tingkat Lanjut, Matematika",50.0,859.0,75.0,1404.0,647.03,91.1,S1
355018.0,UNIVERSITAS DIPONEGORO,ARSITEKTUR,Prov. Jawa Tengah,Kota Semarang,UNDIP,Arsitektur,"Matematika, Fisika",40.0,567.0,60.0,1068.0,638.91,90.7,S1
355019.0,UNIVERSITAS DIPONEGORO,TEKNIK MESIN,Prov. Jawa Tengah,Kota Semarang,UNDIP,Teknik atau rekayasa,"Fisika, Matematika Tingkat Lanjut, Matematika",42.0,497.0,63.0,724.0,631.0,90.3,S1
355020.0,UNIVERSITAS DIPONEGORO,TEKNIK KIMIA,Prov. Jawa Tengah,Kota Semarang,UNDIP,Teknik atau rekayasa,"Fisika, Matematika Tingkat Lanjut, Matematika",46.0,493.0,69.0,623.0,647.34,91.12,S1
355021.0,UNIVERSITAS DIPONEGORO,TEKNIK ELEKTRO,Prov. Jawa Tengah,Kota Semarang,UNDIP,Teknik atau rekayasa,"Fisika, Matematika Tingkat Lanjut, Matematika",42.0,532.0,63.0,663.0,638.5,90.68,S1
355022.0,UNIVERSITAS DIPONEGORO,PERENCANAAN WILAYAH DAN KOTA,Prov. Jawa Tengah,Kota Semarang,UNDIP,Perencanaan Wilayah,"Ekonomi, Matematika",46.0,736.0,69.0,1251.0,632.48,90.37,S1
355023.0,UNIVERSITAS DIPONEGORO,TEKNIK INDUSTRI,Prov. Jawa Tengah,Kota Semarang,UNDIP,Teknik atau rekayasa,"Fisika, Matematika Tingkat Lanjut, Matematika",42.0,920.0,63.0,1442.0,649.77,91.24,S1
355024.0,UNIVERSITAS DIPONEGORO,TEKNIK LINGKUNGAN,Prov. Jawa Tengah,Kota Semarang,UNDIP,Ilmu atau Sains Lingkungan,"Biologi, Matematika",40.0,544.0,60.0,803.0,636.77,90.59,S1
355025.0,UNIVERSITAS DIPONEGORO,TEKNIK PERKAPALAN,Prov. Jawa Tengah,Kota Semarang,UNDIP,Teknik atau rekayasa,"Fisika, Matematika Tingkat Lanjut, Matematika",38.0,195.0,57.0,333.0,630.74,90.29,S1
355026.0,UNIVERSITAS DIPONEGORO,TEKNIK GEOLOGI,Prov. Jawa Tengah,Kota Semarang,UNDIP,Ilmu atau Sains Kebumian,"Fisika, Matematika Tingkat Lanjut, Matematika",34.0,502.0,51.0,549.0,643.78,90.94,S1
355027.0,UNIVERSITAS DIPONEGORO,TEKNIK GEODESI,Prov. Jawa Tengah,Kota Semarang,UNDIP,Teknik atau rekayasa,"Fisika, Matematika Tingkat Lanjut, Matematika",38.0,454.0,57.0,534.0,637.97,90.65,S1
355028.0,UNIVERSITAS DIPONEGORO,TEKNIK KOMPUTER,Prov. Jawa Tengah,Kota Semarang,UNDIP,Komputer,"Matematika Tingkat Lanjut, Matematika",38.0,578.0,57.0,892.0,639.64,90.73,S1
355029.0,UNIVERSITAS DIPONEGORO,PETERNAKAN,Prov. Jawa Tengah,Kota Semarang,UNDIP,Peternakan,"Biologi, Matematika",66.0,412.0,99.0,789.0,610.82,89.29,S1
355030.0,UNIVERSITAS DIPONEGORO,TEKNOLOGI PANGAN,Prov. Jawa Tengah,Kota Semarang,UNDIP,"Teknologi Pangan, Teknologi Hasil Pertanian/ Peternakan/ Perikanan","Kimia, Biologi, Matematika",44.0,798.0,66.0,1189.0,633.4,90.42,S1
355031.0,UNIVERSITAS DIPONEGORO,AGROEKOTEKNOLOGI,Prov. Jawa Tengah,Kota Semarang,UNDIP,Ilmu dan Sains Pertanian,"Biologi, Matematika",36.0,392.0,54.0,426.0,611.44,89.32,S1
355032.0,UNIVERSITAS DIPONEGORO,AGROBISNIS,Prov. Jawa Tengah,Kota Semarang,UNDIP,Ilmu dan Sains Pertanian,"Biologi, Matematika",36.0,739.0,54.0,730.0,609.28,89.21,S1
355033.0,UNIVERSITAS DIPONEGORO,KEDOKTERAN GIGI,Prov. Jawa Tengah,Kota Semarang,UNDIP,Ilmu atau Sains Kedokteran Gigi,"Biologi, Kimia, Matematika",5.0,304.0,8.0,534.0,647.88,91.14,S1
355034.0,UNIVERSITAS DIPONEGORO,FARMASI,Prov. Jawa Tengah,Kota Semarang,UNDIP,Ilmu Farmasi,"Biologi, Kimia, Matematika",14.0,748.0,21.0,1019.0,638.38,90.67,S1
355035.0,UNIVERSITAS DIPONEGORO,BIOTEKNOLOGI,Prov. Jawa Tengah,Kota Semarang,UNDIP,"Bioteknologi, Biokewirausaha an, Bioinformatika","Biologi, Matematika",24.0,436.0,36.0,503.0,607.69,89.13,S1
355036.0,UNIVERSITAS DIPONEGORO,SASTRA INDONESIA,Prov. Jawa Tengah,Kota Semarang,UNDIP,Susastra atau Sastra,"Bahasa Indonesia, Bahasa Inggris, Bahasa Asing Lainnya",40.0,283.0,60.0,552.0,608.51,89.18,S1
355037.0,UNIVERSITAS DIPONEGORO,SASTRA INGGRIS,Prov. Jawa Tengah,Kota Semarang,UNDIP,Susastra atau Sastra,"Bahasa Indonesia, Bahasa Inggris, Bahasa Asing Lainnya",39.0,481.0,59.0,1044.0,608.28,89.16,S1
355038.0,UNIVERSITAS DIPONEGORO,SEJARAH,Prov. Jawa Tengah,Kota Semarang,UNDIP,Sejarah,Sejarah,32.0,195.0,48.0,350.0,596.25,88.56,S1
355039.0,UNIVERSITAS DIPONEGORO,PERPUSTAKAAN,Prov. Jawa Tengah,Kota Semarang,UNDIP,Ilmu atau Sains Komunikasi,"Sosiologi, Bahasa Indonesia, Antropologi",35.0,393.0,53.0,737.0,587.98,88.15,S1
355040.0,UNIVERSITAS DIPONEGORO,HUKUM,Prov. Jawa Tengah,Kota Semarang,UNDIP,Hukum,"Sosiologi, Pendidikan Pancasila",178.0,1529.0,267.0,4199.0,621.33,89.82,S1
355041.0,UNIVERSITAS DIPONEGORO,MANAJEMEN,Prov. Jawa Tengah,Kota Semarang,UNDIP,Ilmu atau Sains Manajemen,"Ekonomi, Matematika",74.0,1436.0,111.0,3186.0,642.29,90.86,S1
355042.0,UNIVERSITAS DIPONEGORO,EKONOMI,Prov. Jawa Tengah,Kota Semarang,UNDIP,Ekonomi,"Ekonomi, Matematika",52.0,516.0,78.0,789.0,627.5,90.13,S1
355043.0,UNIVERSITAS DIPONEGORO,AKUNTANSI,Prov. Jawa Tengah,Kota Semarang,UNDIP,Ilmu atau Sains Akuntansi,"Ekonomi, Matematika",74.0,890.0,111.0,1796.0,641.35,90.82,S1
355044.0,UNIVERSITAS DIPONEGORO,ADMINISTRASI PUBLIK,Prov. Jawa Tengah,Kota Semarang,UNDIP,Administrasi Bisnis,"Ekonomi, Matematika",48.0,788.0,72.0,1019.0,606.81,89.09,S1
355045.0,UNIVERSITAS DIPONEGORO,ADMINISTRASI BISNIS,Prov. Jawa Tengah,Kota Semarang,UNDIP,Administrasi Bisnis,"Ekonomi, Matematika",48.0,1092.0,72.0,1456.0,625.7,90.04,S1
355046.0,UNIVERSITAS DIPONEGORO,ILMU PEMERINTAHAN,Prov. Jawa Tengah,Kota Semarang,UNDIP,Urusan Publik,"Sosiologi, Pendidikan Pancasila",48.0,502.0,72.0,1114.0,614.39,89.47,S1
355047.0,UNIVERSITAS DIPONEGORO,ILMU KOMUNIKASI,Prov. Jawa Tengah,Kota Semarang,UNDIP,Ilmu atau Sains Komunikasi,"Sosiologi, Bahasa Indonesia, Antropologi",48.0,1302.0,72.0,2507.0,638.83,90.69,S1
355048.0,UNIVERSITAS DIPONEGORO,PSIKOLOGI,Prov. Jawa Tengah,Kota Semarang,UNDIP,Psikologi,"Sosiologi, Matematika",78.0,1594.0,117.0,3803.0,630.15,90.26,S1
355049.0,UNIVERSITAS DIPONEGORO,BAHASA DAN KEBUDAYAAN JEPANG,Prov. Jawa Tengah,Kota Semarang,UNDIP,Linguistik,"Bahasa Indonesia, Bahasa Inggris",36.0,195.0,54.0,476.0,614.93,89.5,S1
355050.0,UNIVERSITAS DIPONEGORO,HUBUNGAN INTERNASIONAL,Prov. Jawa Tengah,Kota Semarang,UNDIP,Ilmu atau Sains Komunikasi,"Sosiologi, Bahasa Indonesia, Antropologi",36.0,543.0,54.0,115.0,638.5,90.68,S1
355051.0,UNIVERSITAS DIPONEGORO,ANTROPOLOGI SOSIAL,Prov. Jawa Tengah,Kota Semarang,UNDIP,Studi Humanitas,"Sosiologi, Pendidikan Pancasila, Antropologi",36.0,304.0,54.0,473.0,595.16,88.51,S1
355052.0,UNIVERSITAS DIPONEGORO,EKONOMI ISLAM,Prov. Jawa Tengah,Kota Semarang,UNDIP,Ekonomi,"Ekonomi, Matematika",32.0,279.0,48.0,501.0,598.01,88.65,S1
355053.0,UNIVERSITAS DIPONEGORO,ADMINISTRASI PUBLIK KAMPUS REMBANG,Prov. Jawa Tengah,Kota Semarang,UNDIP,Administrasi Bisnis,"Ekonomi, Matematika",26.0,49.0,39.0,176.0,589.94,88.25,S1
355075.0,UNIVERSITAS DIPONEGORO,TEKNOLOGI REKAYASA KIMIA INDUSTRI,Prov. Jawa Tengah,Kota Semarang,UNDIP,Teknik atau rekayasa,"Fisika, Matematika Tingkat Lanjut, Matematika",26.0,0.0,39.0,0.0,0.0,0.0,D4
355076.0,UNIVERSITAS DIPONEGORO,TEKNOLOGI REKAYASA OTOMASI,Prov. Jawa Tengah,Kota Semarang,UNDIP,Teknik atau rekayasa,"Fisika, Matematika Tingkat Lanjut, Matematika",26.0,0.0,39.0,0.0,0.0,0.0,D4
355077.0,UNIVERSITAS DIPONEGORO,REKAYASA PERANCANGAN MEKANIK,Prov. Jawa Tengah,Kota Semarang,UNDIP,Teknik atau rekayasa,"Fisika, Matematika Tingkat Lanjut, Matematika",34.0,0.0,51.0,0.0,0.0,0.0,D4
355078.0,UNIVERSITAS DIPONEGORO,TEKNOLOGI REKAYASA KONSTRUKSI PERKAPALAN,Prov. Jawa Tengah,Kota Semarang,UNDIP,Teknik atau rekayasa,"Fisika, Matematika Tingkat Lanjut, Matematika",24.0,0.0,36.0,0.0,0.0,0.0,D4
355079.0,UNIVERSITAS DIPONEGORO,TEKNIK LISTRIK INDUSTRI,Prov. Jawa Tengah,Kota Semarang,UNDIP,Teknik atau rekayasa,"Fisika, Matematika Tingkat Lanjut, Matematika",22.0,0.0,33.0,0.0,0.0,0.0,D4
355080.0,UNIVERSITAS DIPONEGORO,PERENCANAAN TATA RUANG DAN PERTANAHAN,Prov. Jawa Tengah,Kota Semarang,UNDIP,Ilmu atau Sains Lingkungan,"Biologi, Matematika",30.0,0.0,45.0,0.0,0.0,0.0,D4
355081.0,UNIVERSITAS DIPONEGORO,TEKNIK INFRASTRUKTUR SIPIL DAN PERANCANGAN ARSITEKTUR,Prov. Jawa Tengah,Kota Semarang,UNDIP,Teknik atau rekayasa,"Fisika, Matematika Tingkat Lanjut, Matematika",42.0,0.0,63.0,0.0,0.0,0.0,D4
355082.0,UNIVERSITAS DIPONEGORO,AKUNTANSI PERPAJAKAN,Prov. Jawa Tengah,Kota Semarang,UNDIP,Ilmu atau Sains Akuntansi,"Ekonomi, Matematika",86.0,0.0,129.0,0.0,0.0,0.0,D4
355083.0,UNIVERSITAS DIPONEGORO,MANAJEMEN DAN ADMINISTRASI LOGISTIK,Prov. Jawa Tengah,Kota Semarang,UNDIP,Administrasi Bisnis,"Ekonomi, Matematika",46.0,0.0,69.0,0.0,0.0,0.0,D4
355084.0,UNIVERSITAS DIPONEGORO,BAHASA ASING TERAPAN,Prov. Jawa Tengah,Kota Semarang,UNDIP,Susastra atau Sastra,"Bahasa Indonesia, Bahasa Inggris, Bahasa Asing Lainnya",30.0,0.0,45.0,0.0,0.0,0.0,D4
355085.0,UNIVERSITAS DIPONEGORO,INFORMASI DAN HUMAS,Prov. Jawa Tengah,Kota Semarang,UNDIP,Ilmu atau Sains Komunikasi,"Sosiologi, Bahasa Indonesia, Antropologi",46.0,0.0,69.0,0.0,0.0,0.0,D4
356001.0,UNIVERSITAS NEGERI SEMARANG,PENDIDIKAN MATEMATIKA,Prov. Jawa Tengah,Kota Semarang,UNNES,Pendidikan Matematika,"Matematika, Matematika Tingkat Lanjut",45.0,795.0,68.0,689.0,573.36,87.42,S1
356002.0,UNIVERSITAS NEGERI SEMARANG,PENDIDIKAN FISIKA,Prov. Jawa Tengah,Kota Semarang,UNNES,Pendidikan Fisika,Fisika,21.0,231.0,32.0,145.0,571.68,87.33,S1
356003.0,UNIVERSITAS NEGERI SEMARANG,PENDIDIKAN KIMIA,Prov. Jawa Tengah,Kota Semarang,UNNES,Pendidikan Kimia,Kimia,21.0,282.0,32.0,198.0,554.63,86.48,S1
356004.0,UNIVERSITAS NEGERI SEMARANG,PENDIDIKAN BIOLOGI,Prov. Jawa Tengah,Kota Semarang,UNNES,Pendidikan Biologi,Biologi,27.0,594.0,41.0,477.0,567.47,87.12,S1
356005.0,UNIVERSITAS NEGERI SEMARANG,PENDIDIKAN TEKNIK BANGUNAN,Prov. Jawa Tengah,Kota Semarang,UNNES,Pendidikan Teknik,"Fisika, Matematika Tingkat Lanjut, Matematika",18.0,172.0,27.0,153.0,559.18,86.71,S1
356006.0,UNIVERSITAS NEGERI SEMARANG,PENDIDIKAN TEKNIK MESIN,Prov. Jawa Tengah,Kota Semarang,UNNES,Pendidikan Teknik,"Fisika, Matematika Tingkat Lanjut, Matematika",18.0,176.0,27.0,137.0,561.96,86.85,S1
356007.0,UNIVERSITAS NEGERI SEMARANG,PENDIDIKAN TEKNIK ELEKTRO,Prov. Jawa Tengah,Kota Semarang,UNNES,Pendidikan Teknik,"Fisika, Matematika Tingkat Lanjut, Matematika",18.0,141.0,27.0,89.0,562.95,86.9,S1
356008.0,UNIVERSITAS NEGERI SEMARANG,ILMU KEOLAHRAGAAN,Prov. Jawa Tengah,Kota Semarang,UNNES,Pendidikan Jasmani Kesehatan,"Pendidikan Jasmani, Biologi",30.0,100.0,45.0,158.0,538.25,85.66,S1
356009.0,UNIVERSITAS NEGERI SEMARANG,MATEMATIKA,Prov. Jawa Tengah,Kota Semarang,UNNES,Matematika,"Matematika Tingkat Lanjut, Matematika",18.0,410.0,27.0,362.0,566.72,87.09,S1
356010.0,UNIVERSITAS NEGERI SEMARANG,FISIKA,Prov. Jawa Tengah,Kota Semarang,UNNES,Fisika,"Fisika, Matematika",18.0,144.0,27.0,144.0,567.03,87.1,S1
356011.0,UNIVERSITAS NEGERI SEMARANG,KIMIA,Prov. Jawa Tengah,Kota Semarang,UNNES,Kimia,"Kimia, Matematika",20.0,270.0,30.0,178.0,566.16,87.06,S1
356012.0,UNIVERSITAS NEGERI SEMARANG,BIOLOGI,Prov. Jawa Tengah,Kota Semarang,UNNES,Biologi,"Biologi, Matematika",20.0,434.0,30.0,412.0,563.79,86.94,S1
356013.0,UNIVERSITAS NEGERI SEMARANG,KESEHATAN MASYARAKAT,Prov. Jawa Tengah,Kota Semarang,UNNES,Kesehatan Masyarakat,"Biologi, Matematika, Sosiologi",55.0,2065.0,83.0,1619.0,573.67,87.43,S1
356014.0,UNIVERSITAS NEGERI SEMARANG,PENDIDIKAN IPA,Prov. Jawa Tengah,Kota Semarang,UNNES,Pendidikan IPA,"Matematika, Biologi",20.0,517.0,30.0,409.0,559.4,86.72,S1
356015.0,UNIVERSITAS NEGERI SEMARANG,PENDIDIKAN TEKNIK INFORMATIKA DAN KOMPUTER,Prov. Jawa Tengah,Kota Semarang,UNNES,Pendidikan Informatika,"Matematika Tingkat Lanjut, Matematika",21.0,644.0,32.0,464.0,594.86,88.49,S1
356016.0,UNIVERSITAS NEGERI SEMARANG,TEKNIK ARSITEKTUR,Prov. Jawa Tengah,Kota Semarang,UNNES,Teknik atau rekayasa,"Fisika, Matematika Tingkat Lanjut, Matematika",30.0,618.0,45.0,647.0,614.01,89.45,S1
356017.0,UNIVERSITAS NEGERI SEMARANG,PENDIDIKAN TEKNIK OTOMOTIF,Prov. Jawa Tengah,Kota Semarang,UNNES,Pendidikan Teknik,"Fisika, Matematika Tingkat Lanjut, Matematika",18.0,224.0,27.0,194.0,593.21,88.41,S1
356018.0,UNIVERSITAS NEGERI SEMARANG,TEKNIK KIMIA,Prov. Jawa Tengah,Kota Semarang,UNNES,Teknik atau rekayasa,"Fisika, Matematika Tingkat Lanjut, Matematika",30.0,393.0,45.0,389.0,617.29,89.61,S1
356019.0,UNIVERSITAS NEGERI SEMARANG,TEKNIK MESIN,Prov. Jawa Tengah,Kota Semarang,UNNES,Teknik atau rekayasa,"Fisika, Matematika Tingkat Lanjut, Matematika",35.0,690.0,53.0,665.0,618.79,89.69,S1
356020.0,UNIVERSITAS NEGERI SEMARANG,TEKNIK SIPIL,Prov. Jawa Tengah,Kota Semarang,UNNES,Teknik atau rekayasa,"Fisika, Matematika Tingkat Lanjut, Matematika",35.0,880.0,53.0,969.0,623.6,89.93,S1
356021.0,UNIVERSITAS NEGERI SEMARANG,TEKNIK INFORMATIKA,Prov. Jawa Tengah,Kota Semarang,UNNES,Ilmu atau Sains Informasi,"Matematika Tingkat Lanjut, Matematika",36.0,1452.0,54.0,1579.0,638.67,90.68,S1
356022.0,UNIVERSITAS NEGERI SEMARANG,TEKNIK ELEKTRO,Prov. Jawa Tengah,Kota Semarang,UNNES,Teknik atau rekayasa,"Fisika, Matematika Tingkat Lanjut, Matematika",30.0,575.0,45.0,546.0,639.78,90.74,S1
356023.0,UNIVERSITAS NEGERI SEMARANG,ILMU GIZI,Prov. Jawa Tengah,Kota Semarang,UNNES,Ilmu atau Sains Gizi,"Biologi, Kimia, Matematika",35.0,1351.0,53.0,1087.0,580.81,87.79,S1
356024.0,UNIVERSITAS NEGERI SEMARANG,SISTEM INFORMASI,Prov. Jawa Tengah,Kota Semarang,UNNES,Ilmu atau Sains Informasi,"Matematika Tingkat Lanjut, Matematika",20.0,587.0,30.0,681.0,602.94,88.9,S1
356025.0,UNIVERSITAS NEGERI SEMARANG,ILMU LINGKUNGAN,Prov. Jawa Tengah,Kota Semarang,UNNES,Ilmu atau Sains Lingkungan,"Biologi, Matematika",18.0,361.0,27.0,425.0,585.98,88.05,S1
356026.0,UNIVERSITAS NEGERI SEMARANG,FARMASI,Prov. Jawa Tengah,Kota Semarang,UNNES,Ilmu Farmasi,"Biologi, Kimia, Matematika",27.0,1184.0,41.0,1424.0,639.71,90.74,S1
356027.0,UNIVERSITAS NEGERI SEMARANG,TEKNIK KOMPUTER,Prov. Jawa Tengah,Kota Semarang,UNNES,Komputer,"Matematika Tingkat Lanjut, Matematika",10.0,334.0,15.0,554.0,633.86,90.44,S1
356028.0,UNIVERSITAS NEGERI SEMARANG,PENDIDIKAN BIMBINGAN DAN KONSELING,Prov. Jawa Tengah,Kota Semarang,UNNES,Psikologi,"Sosiologi, Matematika",30.0,923.0,45.0,922.0,548.26,86.16,S1
356029.0,UNIVERSITAS NEGERI SEMARANG,TEKNOLOGI PENDIDIKAN,Prov. Jawa Tengah,Kota Semarang,UNNES,Pendidikan Teknologi,"Matematika, Informatika",20.0,327.0,30.0,441.0,553.82,86.44,S1
356030.0,UNIVERSITAS NEGERI SEMARANG,PENDIDIKAN LUAR SEKOLAH,Prov. Jawa Tengah,Kota Semarang,UNNES,Pendidikan Luar Sekolah,"Bahasa Indonesia, Matematika",20.0,198.0,30.0,206.0,552.65,86.38,S1
356031.0,UNIVERSITAS NEGERI SEMARANG,PENDIDIKAN PANCASILA DAN KEWARGANEGARAAN,Prov. Jawa Tengah,Kota Semarang,UNNES,Pendidikan Pancasila,Pendidikan Pancasila,30.0,413.0,45.0,466.0,542.92,85.9,S1
356032.0,UNIVERSITAS NEGERI SEMARANG,PENDIDIKAN GEOGRAFI,Prov. Jawa Tengah,Kota Semarang,UNNES,Pendidikan Geografi,Geografi,20.0,290.0,30.0,292.0,549.54,86.23,S1
356033.0,UNIVERSITAS NEGERI SEMARANG,PENDIDIKAN SEJARAH,Prov. Jawa Tengah,Kota Semarang,UNNES,Pendidikan Sejarah,Sejarah,20.0,330.0,30.0,318.0,548.38,86.17,S1
356034.0,UNIVERSITAS NEGERI SEMARANG,PENDIDIKAN JASMANI KESEHATAN DAN REKREASI,Prov. Jawa Tengah,Kota Semarang,UNNES,Pendidikan Jasmani Kesehatan,"Pendidikan Jasmani, Biologi",50.0,346.0,75.0,556.0,544.25,85.96,S1
356035.0,UNIVERSITAS NEGERI SEMARANG,PENDIDIKAN KEPELATIHAN OLAHRAGA,Prov. Jawa Tengah,Kota Semarang,UNNES,Pendidikan Jasmani Kesehatan,"Pendidikan Jasmani, Biologi",40.0,162.0,60.0,355.0,546.62,86.08,S1
356036.0,UNIVERSITAS NEGERI SEMARANG,PENDIDIKAN TATA BOGA,Prov. Jawa Tengah,Kota Semarang,UNNES,Pendidikan Tataboga,"Biologi, Kimia",20.0,708.0,30.0,577.0,542.7,85.89,S1
356037.0,UNIVERSITAS NEGERI SEMARANG,PENDIDIKAN TATA BUSANA,Prov. Jawa Tengah,Kota Semarang,UNNES,Pendidikan Seni,Seni Budaya,20.0,575.0,30.0,539.0,544.94,86.0,S1
356038.0,UNIVERSITAS NEGERI SEMARANG,PENDIDIKAN SOSIOLOGI ANTROPOLOGI,Prov. Jawa Tengah,Kota Semarang,UNNES,Pendidikan Sosiologi,Sosiologi,30.0,679.0,45.0,659.0,540.58,85.78,S1
356039.0,UNIVERSITAS NEGERI SEMARANG,EKONOMI PEMBANGUNAN,Prov. Jawa Tengah,Kota Semarang,UNNES,Ekonomi,"Ekonomi, Matematika",60.0,937.0,90.0,980.0,633.96,90.45,S1
356040.0,UNIVERSITAS NEGERI SEMARANG,MANAJEMEN,Prov. Jawa Tengah,Kota Semarang,UNNES,Ilmu atau Sains Manajemen,"Ekonomi, Matematika",90.0,3282.0,135.0,2934.0,636.28,90.56,S1
356041.0,UNIVERSITAS NEGERI SEMARANG,PSIKOLOGI,Prov. Jawa Tengah,Kota Semarang,UNNES,Psikologi,"Sosiologi, Matematika",45.0,1946.0,68.0,1998.0,629.01,90.2,S1
356042.0,UNIVERSITAS NEGERI SEMARANG,GEOGRAFI,Prov. Jawa Tengah,Kota Semarang,UNNES,"Geografi, Geografi Lingkungan, Sains Informasi Geografi","Geografi, Matematika, Fisika",45.0,489.0,68.0,608.0,608.1,89.16,S1
356043.0,UNIVERSITAS NEGERI SEMARANG,HUKUM,Prov. Jawa Tengah,Kota Semarang,UNNES,Hukum,"Sosiologi, Pendidikan Pancasila",185.0,2126.0,278.0,2855.0,625.83,90.04,S1
356044.0,UNIVERSITAS NEGERI SEMARANG,AKUNTANSI,Prov. Jawa Tengah,Kota Semarang,UNNES,Ilmu atau Sains Akuntansi,"Ekonomi, Matematika",90.0,1764.0,135.0,1667.0,638.54,90.68,S1
356045.0,UNIVERSITAS NEGERI SEMARANG,SENI RUPA,Prov. Jawa Tengah,Kota Semarang,UNNES,Desain,"Seni Budaya, Matematika",30.0,220.0,45.0,344.0,540.26,85.76,S1
356046.0,UNIVERSITAS NEGERI SEMARANG,PENDIDIKAN AKUNTANSI,Prov. Jawa Tengah,Kota Semarang,UNNES,Pendidikan Ekonomi,Ekonomi,35.0,527.0,53.0,544.0,543.47,85.92,S1
356047.0,UNIVERSITAS NEGERI SEMARANG,PENDIDIKAN EKONOMI (PENDIDIKAN KOPERASI),Prov. Jawa Tengah,Kota Semarang,UNNES,Pendidikan Ekonomi,Ekonomi,25.0,315.0,38.0,196.0,541.71,85.84,S1
356048.0,UNIVERSITAS NEGERI SEMARANG,PENDIDIKAN EKONOMI (PENDIDIKAN ADMINISTRASI PEKANTORAN),Prov. Jawa Tengah,Kota Semarang,UNNES,Pendidikan Ekonomi,Ekonomi,25.0,678.0,38.0,673.0,544.51,85.98,S1
356049.0,UNIVERSITAS NEGERI SEMARANG,PENDIDIKAN BAHASA DAN SASTRA INDONESIA,Prov. Jawa Tengah,Kota Semarang,UNNES,Pendidikan Bahasa Indonesia,Bahasa Indonesia,38.0,983.0,57.0,723.0,545.31,86.02,S1
356050.0,UNIVERSITAS NEGERI SEMARANG,PENDIDIKAN BAHASA INGGRIS,Prov. Jawa Tengah,Kota Semarang,UNNES,Pendidikan Bahasa Inggris,Bahasa Inggris,40.0,793.0,60.0,735.0,617.78,89.64,S1
356051.0,UNIVERSITAS NEGERI SEMARANG,PENDIDIKAN BAHASA PERANCIS,Prov. Jawa Tengah,Kota Semarang,UNNES,Pendidikan Bahasa Perancis,"Bahasa Indonesia, Bahasa Prancis",17.0,74.0,26.0,87.0,552.82,86.39,S1
356052.0,UNIVERSITAS NEGERI SEMARANG,PENDIDIKAN SENI RUPA,Prov. Jawa Tengah,Kota Semarang,UNNES,Pendidikan Seni,Seni Budaya,17.0,82.0,26.0,84.0,529.16,85.21,S1
356053.0,UNIVERSITAS NEGERI SEMARANG,SASTRA INDONESIA,Prov. Jawa Tengah,Kota Semarang,UNNES,Susastra atau Sastra,"Bahasa Indonesia, Bahasa Inggris, Bahasa Asing Lainnya",20.0,354.0,30.0,354.0,612.66,89.38,S1
356054.0,UNIVERSITAS NEGERI SEMARANG,SASTRA INGGRIS,Prov. Jawa Tengah,Kota Semarang,UNNES,Susastra atau Sastra,"Bahasa Indonesia, Bahasa Inggris, Bahasa Asing Lainnya",36.0,764.0,54.0,873.0,622.35,89.87,S1
356055.0,UNIVERSITAS NEGERI SEMARANG,SASTRA PERANCIS,Prov. Jawa Tengah,Kota Semarang,UNNES,Susastra atau Sastra,"Bahasa Indonesia, Bahasa Inggris, Bahasa Asing Lainnya",17.0,96.0,26.0,191.0,597.52,88.63,S1
356056.0,UNIVERSITAS NEGERI SEMARANG,SEJARAH,Prov. Jawa Tengah,Kota Semarang,UNNES,Sejarah,Sejarah,20.0,298.0,30.0,318.0,584.49,87.97,S1
356057.0,UNIVERSITAS NEGERI SEMARANG,SASTRA JAWA,Prov. Jawa Tengah,Kota Semarang,UNNES,Susastra atau Sastra,"Bahasa Indonesia, Bahasa Inggris, Bahasa Asing Lainnya",9.0,84.0,14.0,101.0,587.98,88.15,S1
356058.0,UNIVERSITAS NEGERI SEMARANG,PENDIDIKAN BAHASA DAN SASTRA JAWA,Prov. Jawa Tengah,Kota Semarang,UNNES,Pendidikan Bahsa Jawa,"Bahasa Jawa, Bahasa Indonesia",20.0,280.0,30.0,235.0,541.49,85.82,S1
356059.0,UNIVERSITAS NEGERI SEMARANG,PENDIDIKAN SENI TARI,Prov. Jawa Tengah,Kota Semarang,UNNES,Pendidikan Seni,Seni Budaya,20.0,63.0,30.0,83.0,545.84,86.04,S1
356060.0,UNIVERSITAS NEGERI SEMARANG,PENDIDIKAN SENI MUSIK,Prov. Jawa Tengah,Kota Semarang,UNNES,Pendidikan Seni,Seni Budaya,20.0,79.0,30.0,124.0,540.49,85.77,S1
356061.0,UNIVERSITAS NEGERI SEMARANG,PENDIDIKAN BAHASA JEPANG,Prov. Jawa Tengah,Kota Semarang,UNNES,Pendidikan Bahsa Jepang,"Bahasa Indonesia, Bahasa Jepang",20.0,238.0,30.0,295.0,559.74,86.74,S1
356062.0,UNIVERSITAS NEGERI SEMARANG,PENDIDIKAN BAHASA ARAB,Prov. Jawa Tengah,Kota Semarang,UNNES,Pendidikan Bahasa Arab,"Bahasa Indonesia, Bahasa Arab",17.0,347.0,26.0,244.0,551.61,86.33,S1
356063.0,UNIVERSITAS NEGERI SEMARANG,PENDIDIKAN GURU SD,Prov. Jawa Tengah,Kota Semarang,UNNES,Pendidikan SD,"Matematika, Bahasa Indonesia",115.0,1847.0,173.0,1985.0,548.62,86.18,S1
356064.0,UNIVERSITAS NEGERI SEMARANG,PENDIDIKAN GURU PAUD,Prov. Jawa Tengah,Kota Semarang,UNNES,Pendidikan PAUD,"Matematika, Bahasa Indonesia",25.0,277.0,38.0,293.0,538.5,85.68,S1
356065.0,UNIVERSITAS NEGERI SEMARANG,PENDIDIKAN TATA KECANTIKAN,Prov. Jawa Tengah,Kota Semarang,UNNES,Pendidikan Seni,Seni Budaya,20.0,482.0,30.0,416.0,543.61,85.93,S1
356066.0,UNIVERSITAS NEGERI SEMARANG,PENDIDIKAN BAHASA MANDARIN,Prov. Jawa Tengah,Kota Semarang,UNNES,Pendidikan Bahasa Mandarin,"Bahasa Mandarin, Bahasa Indonesia",9.0,89.0,14.0,130.0,553.47,86.42,S1
356067.0,UNIVERSITAS NEGERI SEMARANG,ILMU POLITIK,Prov. Jawa Tengah,Kota Semarang,UNNES,Sosial,"Sosiologi, Sejarah, Antropologi",50.0,532.0,75.0,812.0,619.93,89.75,S1
356068.0,UNIVERSITAS NEGERI SEMARANG,PENDIDIKAN JASMANI SEKOLAH DASAR,Prov. Jawa Tengah,Kota Semarang,UNNES,Pendidikan Jasmani Kesehatan,"Pendidikan Jasmani, Biologi",20.0,84.0,30.0,159.0,545.5,86.03,S1
356070.0,UNIVERSITAS NEGERI SEMARANG,PENDIDIKAN IPS,Prov. Jawa Tengah,Kota Semarang,UNNES,Pendidikan IPS,"Ekonomi, Sosiologi, Geografi",30.0,446.0,45.0,352.0,550.0,86.25,S1
356071.0,UNIVERSITAS NEGERI SEMARANG,PENDIDIKAN KESEJAHTERAAN KELUARGA,Prov. Jawa Tengah,Kota Semarang,UNNES,Pendidikan Kesejahteraan Keluarga,"Seni Budaya, Biologi",10.0,132.0,15.0,123.0,542.09,85.85,S1
356072.0,UNIVERSITAS NEGERI SEMARANG,DESAIN KOMUNIKASI VISUAL (DKV),Prov. Jawa Tengah,Kota Semarang,UNNES,Desain,"Seni Budaya, Matematika",8.0,0.0,12.0,0.0,0.0,0.0,D3
356073.0,UNIVERSITAS NEGERI SEMARANG,STATISTIKA TERAPAN DAN KOMPUTASI,Prov. Jawa Tengah,Kota Semarang,UNNES,Sains Data,"Matematika Tingkat Lanjut, Matematika",8.0,0.0,12.0,0.0,0.0,0.0,D3
357005.0,UNIVERSITAS ISLAM NEGERI WALISONGO,ILMU GIZI,Prov. Jawa Tengah,Kota Semarang,UIN WALISONGO,Ilmu atau Sains Gizi,"Biologi, Kimia, Matematika",30.0,402.0,54.0,363.0,567.68,87.13,S1
357006.0,UNIVERSITAS ISLAM NEGERI WALISONGO,MATEMATIKA,Prov. Jawa Tengah,Kota Semarang,UIN WALISONGO,Matematika,"Matematika Tingkat Lanjut, Matematika",26.0,123.0,48.0,69.0,554.91,86.5,S1
357007.0,UNIVERSITAS ISLAM NEGERI WALISONGO,KIMIA,Prov. Jawa Tengah,Kota Semarang,UIN WALISONGO,Kimia,"Kimia, Matematika",26.0,67.0,48.0,49.0,550.47,86.27,S1
357008.0,UNIVERSITAS ISLAM NEGERI WALISONGO,FISIKA,Prov. Jawa Tengah,Kota Semarang,UIN WALISONGO,Fisika,"Fisika, Matematika",18.0,31.0,31.0,25.0,552.22,86.36,S1
357009.0,UNIVERSITAS ISLAM NEGERI WALISONGO,BIOLOGI,Prov. Jawa Tengah,Kota Semarang,UIN WALISONGO,Biologi,"Biologi, Matematika",26.0,135.0,48.0,103.0,556.5,86.58,S1
357010.0,UNIVERSITAS ISLAM NEGERI WALISONGO,TEKNOLOGI INFORMASI,Prov. Jawa Tengah,Kota Semarang,UIN WALISONGO,Ilmu atau Sains Informasi,"Matematika Tingkat Lanjut, Matematika",26.0,239.0,48.0,252.0,616.23,89.56,S1
357029.0,UNIVERSITAS ISLAM NEGERI WALISONGO,PSIKOLOGI,Prov. Jawa Tengah,Kota Semarang,UIN WALISONGO,Psikologi,"Sosiologi, Matematika",40.0,464.0,72.0,412.0,589.98,88.25,S1
357030.0,UNIVERSITAS ISLAM NEGERI WALISONGO,SOSIOLOGI,Prov. Jawa Tengah,Kota Semarang,UIN WALISONGO,Studi Humanitas,"Sosiologi, Pendidikan Pancasila, Antropologi",30.0,339.0,54.0,279.0,559.84,86.74,S1
357031.0,UNIVERSITAS ISLAM NEGERI WALISONGO,ILMU POLITIK,Prov. Jawa Tengah,Kota Semarang,UIN WALISONGO,Sosial,"Sosiologi, Sejarah, Antropologi",30.0,151.0,54.0,130.0,575.46,87.52,S1
357032.0,UNIVERSITAS ISLAM NEGERI WALISONGO,HUKUM,Prov. Jawa Tengah,Kota Semarang,UIN WALISONGO,Hukum,"Sosiologi, Pendidikan Pancasila",40.0,337.0,72.0,295.0,576.22,87.56,S1
357033.0,UNIVERSITAS ISLAM NEGERI WALISONGO,MANAJEMEN,Prov. Jawa Tengah,Kota Semarang,UIN WALISONGO,Ilmu atau Sains Manajemen,"Ekonomi, Matematika",40.0,809.0,72.0,514.0,621.41,89.82,S1
357034.0,UNIVERSITAS ISLAM NEGERI WALISONGO,TEKNIK LINGKUNGAN,Prov. Jawa Tengah,Kota Semarang,UIN WALISONGO,Teknik atau rekayasa,"Fisika, Matematika Tingkat Lanjut, Matematika",18.0,0.0,31.0,0.0,0.0,0.0,S1
358001.0,UNIVERSITAS ISLAM NEGERI RADEN MAS SAID SURAKARTA,ILMU LINGKUNGAN,Prov. Jawa Tengah,Kab Sukoharjo,UIN RMS,Ilmu atau Sains Lingkungan,"Biologi, Matematika",28.0,0.0,28.0,0.0,0.0,0.0,S1
358002.0,UNIVERSITAS ISLAM NEGERI RADEN MAS SAID SURAKARTA,TEKNOLOGI PANGAN,Prov. Jawa Tengah,Kab Sukoharjo,UIN RMS,"Teknologi Pangan, Teknologi Hasil Pertanian/ Peternakan/ Perikanan","Kimia, Biologi, Matematika",28.0,0.0,28.0,0.0,0.0,0.0,S1
361001.0,UNIVERSITAS GADJAH MADA,BIOLOGI,Prov. D.I. Yogyakarta,Kab Sleman,UGM,Biologi,"Biologi, Matematika",68.0,298.0,68.0,613.0,608.82,89.19,S1
361002.0,UNIVERSITAS GADJAH MADA,FARMASI,Prov. D.I. Yogyakarta,Kab Sleman,UGM,Ilmu Farmasi,"Biologi, Kimia, Matematika",72.0,1725.0,72.0,2182.0,672.2,92.36,S1
361003.0,UNIVERSITAS GADJAH MADA,GEOGRAFI LINGKUNGAN,Prov. D.I. Yogyakarta,Kab Sleman,UGM,"Geografi, Geografi Lingkungan, Sains Informasi Geografi","Geografi, Matematika, Fisika",30.0,189.0,30.0,291.0,607.08,89.1,S1
361004.0,UNIVERSITAS GADJAH MADA,KARTOGRAFI DAN PENGINDERAAN JAUH,Prov. D.I. Yogyakarta,Kab Sleman,UGM,"Geografi, Geografi Lingkungan, Sains Informasi Geografi","Geografi, Matematika, Fisika",30.0,174.0,30.0,253.0,603.55,88.93,S1
361005.0,UNIVERSITAS GADJAH MADA,PEMBANGUNAN WILAYAH,Prov. D.I. Yogyakarta,Kab Sleman,UGM,Perencanaan Wilayah,"Ekonomi, Matematika",24.0,168.0,24.0,240.0,604.82,88.99,S1
361006.0,UNIVERSITAS GADJAH MADA,KEDOKTERAN,Prov. D.I. Yogyakarta,Kab Sleman,UGM,Ilmu atau Sains Kedokteran,"Biologi, Kimia, Matematika",54.0,1704.0,54.0,3802.0,702.04,93.85,S1
361007.0,UNIVERSITAS GADJAH MADA,KEPERAWATAN,Prov. D.I. Yogyakarta,Kab Sleman,UGM,Keperawatan,"Biologi, Matematika",36.0,588.0,36.0,1137.0,610.64,89.28,S1
361008.0,UNIVERSITAS GADJAH MADA,ILMU GIZI,Prov. D.I. Yogyakarta,Kab Sleman,UGM,Ilmu atau Sains Gizi,"Biologi, Kimia, Matematika",30.0,533.0,30.0,1209.0,662.51,91.88,S1
361009.0,UNIVERSITAS GADJAH MADA,KEDOKTERAN GIGI,Prov. D.I. Yogyakarta,Kab Sleman,UGM,Ilmu atau Sains Kedokteran Gigi,"Biologi, Kimia, Matematika",45.0,693.0,45.0,1164.0,674.27,92.46,S1
361010.0,UNIVERSITAS GADJAH MADA,KEDOKTERAN HEWAN,Prov. D.I. Yogyakarta,Kab Sleman,UGM,Ilmu atau Sains Veteriner,"Biologi, Kimia, Matematika",60.0,447.0,60.0,998.0,628.93,90.2,S1
361011.0,UNIVERSITAS GADJAH MADA,FISIKA,Prov. D.I. Yogyakarta,Kab Sleman,UGM,Fisika,"Fisika, Matematika",21.0,120.0,21.0,113.0,575.89,87.54,S1
361012.0,UNIVERSITAS GADJAH MADA,KIMIA,Prov. D.I. Yogyakarta,Kab Sleman,UGM,Kimia,"Kimia, Matematika",42.0,207.0,42.0,335.0,593.49,88.42,S1
361013.0,UNIVERSITAS GADJAH MADA,MATEMATIKA,Prov. D.I. Yogyakarta,Kab Sleman,UGM,Matematika,"Matematika Tingkat Lanjut, Matematika",24.0,233.0,24.0,442.0,677.08,92.6,S1
361014.0,UNIVERSITAS GADJAH MADA,ILMU KOMPUTER,Prov. D.I. Yogyakarta,Kab Sleman,UGM,Komputer,"Matematika Tingkat Lanjut, Matematika",24.0,620.0,24.0,1173.0,697.47,93.62,S1
361015.0,UNIVERSITAS GADJAH MADA,STATISTIK,Prov. D.I. Yogyakarta,Kab Sleman,UGM,Sains Data,"Matematika Tingkat Lanjut, Matematika",18.0,352.0,18.0,649.0,685.56,93.03,S1
361016.0,UNIVERSITAS GADJAH MADA,GEOFISIKA,Prov. D.I. Yogyakarta,Kab Sleman,UGM,Ilmu atau Sains Kebumian,"Fisika, Matematika Tingkat Lanjut, Matematika",21.0,97.0,21.0,103.0,597.05,88.6,S1
361017.0,UNIVERSITAS GADJAH MADA,ELEKTRONIKA DAN INSTRUMENTASI,Prov. D.I. Yogyakarta,Kab Sleman,UGM,Teknik atau rekayasa,"Fisika, Matematika Tingkat Lanjut, Matematika",21.0,134.0,21.0,196.0,649.07,91.2,S1
361018.0,UNIVERSITAS GADJAH MADA,AGRONOMI,Prov. D.I. Yogyakarta,Kab Sleman,UGM,Ilmu dan Sains Pertanian,"Biologi, Matematika",24.0,120.0,24.0,231.0,627.53,90.13,S1
361020.0,UNIVERSITAS GADJAH MADA,ILMU TANAH,Prov. D.I. Yogyakarta,Kab Sleman,UGM,Ilmu dan Sains Pertanian,"Biologi, Matematika",23.0,107.0,23.0,185.0,608.6,89.18,S1
361021.0,UNIVERSITAS GADJAH MADA,EKONOMI PERTANIAN DAN AGRIBISNIS,Prov. D.I. Yogyakarta,Kab Sleman,UGM,Ilmu dan Sains Pertanian,"Biologi, Matematika",27.0,240.0,27.0,508.0,628.75,90.19,S1
361022.0,UNIVERSITAS GADJAH MADA,PROTEKSI TANAMAN (ILMU HAMA DAN PENYAKIT TUMBUHAN),Prov. D.I. Yogyakarta,Kab Sleman,UGM,Ilmu dan Sains Pertanian,"Biologi, Matematika",23.0,100.0,23.0,221.0,605.14,89.01,S1
361023.0,UNIVERSITAS GADJAH MADA,PENYULUHAN DAN KOMUNIKASI PERTANIAN,Prov. D.I. Yogyakarta,Kab Sleman,UGM,Ilmu dan Sains Pertanian,"Biologi, Matematika",12.0,108.0,12.0,135.0,596.69,88.58,S1
361024.0,UNIVERSITAS GADJAH MADA,AKUAKULTUR,Prov. D.I. Yogyakarta,Kab Sleman,UGM,Ilmu atau Sains Perikanan,"Biologi, Matematika",23.0,83.0,23.0,232.0,598.78,88.69,S1
361025.0,UNIVERSITAS GADJAH MADA,TEKNOLOGI HASIL PERIKANAN,Prov. D.I. Yogyakarta,Kab Sleman,UGM,"Teknologi Pangan, Teknologi Hasil Pertanian/ Peternakan/ Perikanan","Kimia, Biologi, Matematika",23.0,80.0,23.0,143.0,604.77,88.99,S1
361026.0,UNIVERSITAS GADJAH MADA,MANAJEMEN SUMBERDAYA PERIKANAN,Prov. D.I. Yogyakarta,Kab Sleman,UGM,Ilmu atau Sains Perikanan,"Biologi, Matematika",23.0,65.0,23.0,188.0,599.66,88.73,S1
361027.0,UNIVERSITAS GADJAH MADA,MIKROBIOLOGI PERTANIAN,Prov. D.I. Yogyakarta,Kab Sleman,UGM,Ilmu dan Sains Pertanian,"Biologi, Matematika",11.0,46.0,11.0,101.0,603.83,88.94,S1
361028.0,UNIVERSITAS GADJAH MADA,ILMU DAN INDUSTRI PETERNAKAN,Prov. D.I. Yogyakarta,Kab Sleman,UGM,Peternakan,"Biologi, Matematika",90.0,341.0,90.0,667.0,595.54,88.53,S1
361029.0,UNIVERSITAS GADJAH MADA,ARSITEKTUR,Prov. D.I. Yogyakarta,Kab Sleman,UGM,Arsitektur,"Matematika, Fisika",24.0,488.0,24.0,101.0,668.44,92.17,S1
361030.0,UNIVERSITAS GADJAH MADA,PERENCANAAN WILAYAH DAN KOTA,Prov. D.I. Yogyakarta,Kab Sleman,UGM,Perencanaan Wilayah,"Ekonomi, Matematika",26.0,263.0,26.0,599.0,638.58,90.68,S1
361031.0,UNIVERSITAS GADJAH MADA,TEKNIK GEODESI,Prov. D.I. Yogyakarta,Kab Sleman,UGM,Teknik atau rekayasa,"Fisika, Matematika Tingkat Lanjut, Matematika",45.0,228.0,45.0,427.0,651.71,91.34,S1
361032.0,UNIVERSITAS GADJAH MADA,TEKNIK GEOLOGI,Prov. D.I. Yogyakarta,Kab Sleman,UGM,Ilmu atau Sains Kebumian,"Fisika, Matematika Tingkat Lanjut, Matematika",39.0,328.0,39.0,630.0,673.51,92.43,S1
361033.0,UNIVERSITAS GADJAH MADA,TEKNIK KIMIA,Prov. D.I. Yogyakarta,Kab Sleman,UGM,Teknik atau rekayasa,"Fisika, Matematika Tingkat Lanjut, Matematika",51.0,371.0,51.0,519.0,665.22,92.01,S1
361034.0,UNIVERSITAS GADJAH MADA,TEKNIK ELEKTRO,Prov. D.I. Yogyakarta,Kab Sleman,UGM,Teknik atau rekayasa,"Fisika, Matematika Tingkat Lanjut, Matematika",24.0,322.0,24.0,534.0,661.06,91.8,S1
361035.0,UNIVERSITAS GADJAH MADA,TEKNIK MESIN,Prov. D.I. Yogyakarta,Kab Sleman,UGM,Teknik atau rekayasa,"Fisika, Matematika Tingkat Lanjut, Matematika",59.0,312.0,59.0,633.0,665.42,92.02,S1
361036.0,UNIVERSITAS GADJAH MADA,TEKNIK SIPIL,Prov. D.I. Yogyakarta,Kab Sleman,UGM,Teknik atau rekayasa,"Fisika, Matematika Tingkat Lanjut, Matematika",54.0,607.0,54.0,1115.0,667.85,92.14,S1
361037.0,UNIVERSITAS GADJAH MADA,TEKNIK NUKLIR,Prov. D.I. Yogyakarta,Kab Sleman,UGM,Teknik atau rekayasa,"Fisika, Matematika Tingkat Lanjut, Matematika",15.0,139.0,15.0,235.0,638.09,90.65,S1
361038.0,UNIVERSITAS GADJAH MADA,TEKNIK FISIKA,Prov. D.I. Yogyakarta,Kab Sleman,UGM,Teknik atau rekayasa,"Fisika, Matematika Tingkat Lanjut, Matematika",42.0,82.0,42.0,140.0,627.93,90.15,S1
361039.0,UNIVERSITAS GADJAH MADA,TEKNIK INDUSTRI,Prov. D.I. Yogyakarta,Kab Sleman,UGM,Teknik atau rekayasa,"Fisika, Matematika Tingkat Lanjut, Matematika",48.0,387.0,48.0,979.0,667.04,92.1,S1
361040.0,UNIVERSITAS GADJAH MADA,TEKNIK PERTANIAN,Prov. D.I. Yogyakarta,Kab Sleman,UGM,Teknik atau rekayasa,"Fisika, Matematika Tingkat Lanjut, Matematika",30.0,150.0,30.0,294.0,625.82,90.04,S1
361041.0,UNIVERSITAS GADJAH MADA,TEKNOLOGI PANGAN DAN HASIL PERTANIAN,Prov. D.I. Yogyakarta,Kab Sleman,UGM,"Teknologi Pangan, Teknologi Hasil Pertanian/ Peternakan/ Perikanan","Kimia, Biologi, Matematika",33.0,310.0,33.0,673.0,628.03,90.15,S1
361042.0,UNIVERSITAS GADJAH MADA,TEKNOLOGI INDUSTRI PERTANIAN,Prov. D.I. Yogyakarta,Kab Sleman,UGM,Ilmu dan Sains Pertanian,"Biologi, Matematika",33.0,178.0,33.0,324.0,610.05,89.25,S1
361043.0,UNIVERSITAS GADJAH MADA,HIGIENE GIGI,Prov. D.I. Yogyakarta,Kab Sleman,UGM,Ilmu atau Sains Kedokteran Gigi,"Biologi, Kimia, Matematika",15.0,138.0,15.0,194.0,610.92,89.3,S1
361044.0,UNIVERSITAS GADJAH MADA,KEHUTANAN,Prov. D.I. Yogyakarta,Kab Sleman,UGM,Kehutanan,"Biologi, Matematika",90.0,432.0,90.0,934.0,625.43,90.02,S1
361045.0,UNIVERSITAS GADJAH MADA,TEKNOLOGI INFORMASI,Prov. D.I. Yogyakarta,Kab Sleman,UGM,Ilmu atau Sains Informasi,"Matematika Tingkat Lanjut, Matematika",24.0,711.0,24.0,1548.0,657.17,91.61,S1
361046.0,UNIVERSITAS GADJAH MADA,AKTUARIA,Prov. D.I. Yogyakarta,Kab Sleman,UGM,Sains Data,"Matematika Tingkat Lanjut, Matematika",15.0,263.0,15.0,441.0,657.37,91.62,S1
361047.0,UNIVERSITAS GADJAH MADA,TEKNIK BIOMEDIS,Prov. D.I. Yogyakarta,Kab Sleman,UGM,Teknik atau rekayasa,"Fisika, Matematika Tingkat Lanjut, Matematika",12.0,211.0,12.0,459.0,673.86,92.44,S1
361048.0,UNIVERSITAS GADJAH MADA,MANAJEMEN INFORMASI KESEHATAN,Prov. D.I. Yogyakarta,Kab Sleman,UGM,Informatika Medis atau Informatika Kesehatan,"Biologi, Matematika Tingkat Lanjut, Matematika",18.0,404.0,18.0,636.0,568.59,87.18,D4
361049.0,UNIVERSITAS GADJAH MADA,TEKNOLOGI REKAYASA PERANGKAT LUNAK,Prov. D.I. Yogyakarta,Kab Sleman,UGM,Teknik atau rekayasa,"Fisika, Matematika Tingkat Lanjut, Matematika",29.0,229.0,29.0,422.0,597.28,88.61,D4
361050.0,UNIVERSITAS GADJAH MADA,TEKNOLOGI REKAYASA ELEKTRO,Prov. D.I. Yogyakarta,Kab Sleman,UGM,Teknik atau rekayasa,"Fisika, Matematika Tingkat Lanjut, Matematika",22.0,100.0,22.0,188.0,586.36,88.07,D4
361051.0,UNIVERSITAS GADJAH MADA,TEKNOLOGI REKAYASA INSTRUMENTASI DAN KONTROL,Prov. D.I. Yogyakarta,Kab Sleman,UGM,Teknik atau rekayasa,"Fisika, Matematika Tingkat Lanjut, Matematika",22.0,93.0,22.0,137.0,584.05,87.95,D4
361052.0,UNIVERSITAS GADJAH MADA,TEKNOLOGI REKAYASA INTERNET,Prov. D.I. Yogyakarta,Kab Sleman,UGM,Teknik atau rekayasa,"Fisika, Matematika Tingkat Lanjut, Matematika",29.0,154.0,29.0,282.0,597.61,88.63,D4
361053.0,UNIVERSITAS GADJAH MADA,TEKNIK PENGELOLAAN DAN PEMELIHARAAN INFRASTRUKTUR SIPIL,Prov. D.I. Yogyakarta,Kab Sleman,UGM,Teknik atau rekayasa,"Fisika, Matematika Tingkat Lanjut, Matematika",19.0,133.0,19.0,199.0,590.08,88.25,D4
361054.0,UNIVERSITAS GADJAH MADA,TEKNOLOGI REKAYASA MESIN,Prov. D.I. Yogyakarta,Kab Sleman,UGM,Teknik atau rekayasa,"Fisika, Matematika Tingkat Lanjut, Matematika",20.0,127.0,20.0,143.0,591.61,88.33,D4
361055.0,UNIVERSITAS GADJAH MADA,TEKNIK PENGELOLAAN DAN PERAWATAN ALAT BERAT,Prov. D.I. Yogyakarta,Kab Sleman,UGM,Teknik atau rekayasa,"Fisika, Matematika Tingkat Lanjut, Matematika",20.0,117.0,20.0,153.0,582.33,87.87,D4
361056.0,UNIVERSITAS GADJAH MADA,PENGELOLAAN HUTAN,Prov. D.I. Yogyakarta,Kab Sleman,UGM,"Konservasi Biologi, Konservasi Hewan Liar, Konservasi Hewan Liar dan Hutan, Konservasi Hutan, Konservasi Sumber Daya Alam","Biologi, Matematika",27.0,95.0,27.0,175.0,577.21,87.61,D4
361057.0,UNIVERSITAS GADJAH MADA,TEKNOLOGI VETERINER,Prov. D.I. Yogyakarta,Kab Sleman,UGM,Ilmu atau Sains Veteriner,"Biologi, Kimia, Matematika",27.0,95.0,27.0,198.0,581.59,87.83,D4
361058.0,UNIVERSITAS GADJAH MADA,PENGEMBANGAN PRODUK AGRO INDUSTRI,Prov. D.I. Yogyakarta,Kab Sleman,UGM,Ilmu dan Sains Pertanian,"Biologi, Matematika",27.0,95.0,27.0,238.0,569.99,87.25,D4
361059.0,UNIVERSITAS GADJAH MADA,TEKNOLOGI SURVEI DAN PEMETAAN DASAR,Prov. D.I. Yogyakarta,Kab Sleman,UGM,"Geografi, Geografi Lingkungan, Sains Informasi Geografi","Geografi, Matematika, Fisika",20.0,61.0,20.0,136.0,574.78,87.49,D4
361060.0,UNIVERSITAS GADJAH MADA,SISTEM INFORMASI GEOGRAFIS,Prov. D.I. Yogyakarta,Kab Sleman,UGM,"Geografi, Geografi Lingkungan, Sains Informasi Geografi","Geografi, Matematika, Fisika",20.0,72.0,20.0,117.0,567.77,87.14,D4
361061.0,UNIVERSITAS GADJAH MADA,TEKNOLOGI REKAYASA PELAKSANAAN BANGUNAN SIPIL,Prov. D.I. Yogyakarta,Kab Sleman,UGM,Teknik atau rekayasa,"Fisika, Matematika Tingkat Lanjut, Matematika",19.0,103.0,19.0,164.0,575.5,87.53,D4
361062.0,UNIVERSITAS GADJAH MADA,TEKNIK INFRASTRUKTUR LINGKUNGAN,Prov. D.I. Yogyakarta,Kab Sleman,UGM,Ilmu atau Sains Lingkungan,"Biologi, Matematika",18.0,150.0,18.0,564.0,616.05,89.55,S1
361063.0,UNIVERSITAS GADJAH MADA,EKONOMI,Prov. D.I. Yogyakarta,Kab Sleman,UGM,Ekonomi,"Ekonomi, Matematika",30.0,354.0,30.0,633.0,677.89,92.64,S1
361064.0,UNIVERSITAS GADJAH MADA,MANAJEMEN,Prov. D.I. Yogyakarta,Kab Sleman,UGM,Ilmu atau Sains Manajemen,"Ekonomi, Matematika",45.0,1518.0,45.0,254.0,682.06,92.85,S1
361065.0,UNIVERSITAS GADJAH MADA,AKUNTANSI,Prov. D.I. Yogyakarta,Kab Sleman,UGM,Ilmu atau Sains Akuntansi,"Ekonomi, Matematika",45.0,972.0,45.0,1598.0,683.82,92.94,S1
361066.0,UNIVERSITAS GADJAH MADA,FILSAFAT,Prov. D.I. Yogyakarta,Kab Sleman,UGM,Filsafat,"Sosiologi, Sejarah, Antropologi",45.0,248.0,45.0,572.0,604.37,88.97,S1
361067.0,UNIVERSITAS GADJAH MADA,HUKUM,Prov. D.I. Yogyakarta,Kab Sleman,UGM,Hukum,"Sosiologi, Pendidikan Pancasila",99.0,117.0,99.0,3096.0,670.76,92.29,S1
361068.0,UNIVERSITAS GADJAH MADA,ANTROPOLOGI BUDAYA,Prov. D.I. Yogyakarta,Kab Sleman,UGM,Studi Humanitas,"Sosiologi, Pendidikan Pancasila, Antropologi",30.0,208.0,30.0,433.0,603.72,88.94,S1
361069.0,UNIVERSITAS GADJAH MADA,ARKEOLOGI,Prov. D.I. Yogyakarta,Kab Sleman,UGM,Sejarah,Sejarah,20.0,170.0,20.0,328.0,599.33,88.72,S1
361070.0,UNIVERSITAS GADJAH MADA,SEJARAH,Prov. D.I. Yogyakarta,Kab Sleman,UGM,Sejarah,Sejarah,15.0,115.0,15.0,298.0,598.5,88.68,S1
361071.0,UNIVERSITAS GADJAH MADA,SASTRA ARAB,Prov. D.I. Yogyakarta,Kab Sleman,UGM,Susastra atau Sastra,"Bahasa Indonesia, Bahasa Inggris, Bahasa Asing Lainnya",21.0,285.0,21.0,435.0,599.81,88.74,S1
361072.0,UNIVERSITAS GADJAH MADA,BAHASA DAN SASTRA INDONESIA,Prov. D.I. Yogyakarta,Kab Sleman,UGM,Susastra atau Sastra,"Bahasa Indonesia, Bahasa Inggris, Bahasa Asing Lainnya",29.0,180.0,29.0,396.0,601.03,88.8,S1
361073.0,UNIVERSITAS GADJAH MADA,SASTRA INGGRIS,Prov. D.I. Yogyakarta,Kab Sleman,UGM,Susastra atau Sastra,"Bahasa Indonesia, Bahasa Inggris, Bahasa Asing Lainnya",20.0,371.0,20.0,819.0,644.05,90.95,S1
361074.0,UNIVERSITAS GADJAH MADA,"BAHASA, SASTRA, DAN BUDAYA JAWA",Prov. D.I. Yogyakarta,Kab Sleman,UGM,Susastra atau Sastra,"Bahasa Indonesia, Bahasa Inggris, Bahasa Asing Lainnya",14.0,55.0,14.0,167.0,602.98,88.9,S1
361075.0,UNIVERSITAS GADJAH MADA,BAHASA DAN SASTRA PRANCIS,Prov. D.I. Yogyakarta,Kab Sleman,UGM,Susastra atau Sastra,"Bahasa Indonesia, Bahasa Inggris, Bahasa Asing Lainnya",14.0,90.0,14.0,215.0,601.58,88.83,S1
361076.0,UNIVERSITAS GADJAH MADA,BAHASA DAN KEBUDAYAAN JEPANG,Prov. D.I. Yogyakarta,Kab Sleman,UGM,Susastra atau Sastra,"Bahasa Indonesia, Bahasa Inggris, Bahasa Asing Lainnya",14.0,223.0,14.0,473.0,639.76,90.74,S1
361077.0,UNIVERSITAS GADJAH MADA,BAHASA DAN KEBUDAYAAN KOREA,Prov. D.I. Yogyakarta,Kab Sleman,UGM,Linguistik,"Bahasa Indonesia, Bahasa Inggris",20.0,449.0,20.0,845.0,623.28,89.91,S1
361078.0,UNIVERSITAS GADJAH MADA,MANAJEMEN DAN KEBIJAKAN PUBLIK,Prov. D.I. Yogyakarta,Kab Sleman,UGM,Ilmu atau Sains Manajemen,"Ekonomi, Matematika",24.0,300.0,24.0,840.0,655.66,91.53,S1
361079.0,UNIVERSITAS GADJAH MADA,HUBUNGAN INTERNASIONAL,Prov. D.I. Yogyakarta,Kab Sleman,UGM,Ilmu atau Sains Komunikasi,"Sosiologi, Bahasa Indonesia, Antropologi",24.0,710.0,24.0,1459.0,679.39,92.72,S1
361080.0,UNIVERSITAS GADJAH MADA,POLITIK DAN PEMERINTAHAN,Prov. D.I. Yogyakarta,Kab Sleman,UGM,Sosial,"Sosiologi, Sejarah, Antropologi",24.0,302.0,24.0,639.0,629.47,90.22,S1
361081.0,UNIVERSITAS GADJAH MADA,PEMBANGUNAN SOSIAL DAN KESEJAHTERAAN,Prov. D.I. Yogyakarta,Kab Sleman,UGM,Studi Humanitas,"Sosiologi, Pendidikan Pancasila, Antropologi",24.0,230.0,24.0,625.0,630.81,90.29,S1
361082.0,UNIVERSITAS GADJAH MADA,ILMU KOMUNIKASI,Prov. D.I. Yogyakarta,Kab Sleman,UGM,Ilmu atau Sains Komunikasi,"Sosiologi, Bahasa Indonesia, Antropologi",24.0,891.0,24.0,1804.0,664.58,91.98,S1
361083.0,UNIVERSITAS GADJAH MADA,SOSIOLOGI,Prov. D.I. Yogyakarta,Kab Sleman,UGM,Studi Humanitas,"Sosiologi, Pendidikan Pancasila, Antropologi",24.0,244.0,24.0,612.0,644.8,90.99,S1
361084.0,UNIVERSITAS GADJAH MADA,PSIKOLOGI,Prov. D.I. Yogyakarta,Kab Sleman,UGM,Psikologi,"Sosiologi, Matematika",68.0,1362.0,68.0,371.0,674.36,92.47,S1
361085.0,UNIVERSITAS GADJAH MADA,PARIWISATA,Prov. D.I. Yogyakarta,Kab Sleman,UGM,Pariwisata,"Ekonomi, Matematika",20.0,600.0,20.0,902.0,667.37,92.12,S1
361086.0,UNIVERSITAS GADJAH MADA,MANAJEMEN DAN PENILAIAN PROPERTI,Prov. D.I. Yogyakarta,Kab Sleman,UGM,Ilmu atau Sains Manajemen,"Ekonomi, Matematika",30.0,181.0,30.0,466.0,590.29,88.26,D4
361087.0,UNIVERSITAS GADJAH MADA,PERBANKAN,Prov. D.I. Yogyakarta,Kab Sleman,UGM,Ilmu atau Sains Akuntansi,"Ekonomi, Matematika",30.0,115.0,30.0,242.0,580.37,87.77,D4
361088.0,UNIVERSITAS GADJAH MADA,AKUNTANSI SEKTOR PUBLIK,Prov. D.I. Yogyakarta,Kab Sleman,UGM,Ilmu atau Sains Akuntansi,"Ekonomi, Matematika",30.0,157.0,30.0,400.0,589.56,88.23,D4
361089.0,UNIVERSITAS GADJAH MADA,PEMBANGUNAN EKONOMI KEWILAYAHAN,Prov. D.I. Yogyakarta,Kab Sleman,UGM,Ekonomi,"Ekonomi, Matematika",30.0,118.0,30.0,249.0,580.64,87.78,D4
361090.0,UNIVERSITAS GADJAH MADA,PENGELOLAAN ARSIP DAN REKAMAN INFORMASI,Prov. D.I. Yogyakarta,Kab Sleman,UGM,Informatika Medis atau Informatika Kesehatan,"Biologi, Matematika Tingkat Lanjut, Matematika",18.0,205.0,18.0,443.0,571.9,87.35,D4
361091.0,UNIVERSITAS GADJAH MADA,BAHASA INGGRIS,Prov. D.I. Yogyakarta,Kab Sleman,UGM,Linguistik,"Bahasa Indonesia, Bahasa Inggris",29.0,87.0,29.0,220.0,586.59,88.08,D4
361092.0,UNIVERSITAS GADJAH MADA,BISNIS PERJALANAN WISATA,Prov. D.I. Yogyakarta,Kab Sleman,UGM,Bisnis,"Ekonomi, Matematika",27.0,167.0,27.0,287.0,593.3,88.42,D4
362001.0,UNIVERSITAS NEGERI YOGYAKARTA,PENDIDIKAN MATEMATIKA,Prov. D.I. Yogyakarta,Kab Sleman,UNY,Pendidikan Matematika,"Matematika, Matematika Tingkat Lanjut",16.0,571.0,24.0,693.0,580.52,87.78,S1
362002.0,UNIVERSITAS NEGERI YOGYAKARTA,PENDIDIKAN FISIKA,Prov. D.I. Yogyakarta,Kab Sleman,UNY,Pendidikan Fisika,Fisika,16.0,162.0,24.0,164.0,579.28,87.71,S1
362003.0,UNIVERSITAS NEGERI YOGYAKARTA,PENDIDIKAN KIMIA,Prov. D.I. Yogyakarta,Kab Sleman,UNY,Pendidikan Kimia,Kimia,16.0,159.0,24.0,182.0,565.95,87.05,S1
362004.0,UNIVERSITAS NEGERI YOGYAKARTA,PENDIDIKAN BIOLOGI,Prov. D.I. Yogyakarta,Kab Sleman,UNY,Pendidikan Biologi,Biologi,16.0,396.0,24.0,588.0,575.72,87.54,S1
362005.0,UNIVERSITAS NEGERI YOGYAKARTA,PENDIDIKAN TEKNIK ELEKTRONIKA,Prov. D.I. Yogyakarta,Kab Sleman,UNY,Pendidikan Teknik,"Fisika, Matematika Tingkat Lanjut, Matematika",8.0,52.0,12.0,69.0,574.61,87.48,S1
362006.0,UNIVERSITAS NEGERI YOGYAKARTA,PENDIDIKAN TEKNIK OTOMOTIF,Prov. D.I. Yogyakarta,Kab Sleman,UNY,Pendidikan Teknik,"Fisika, Matematika Tingkat Lanjut, Matematika",16.0,337.0,24.0,343.0,574.78,87.49,S1
362007.0,UNIVERSITAS NEGERI YOGYAKARTA,PENDIDIKAN TEKNIK MESIN,Prov. D.I. Yogyakarta,Kab Sleman,UNY,Pendidikan Teknik,"Fisika, Matematika Tingkat Lanjut, Matematika",16.0,246.0,24.0,369.0,576.7,87.59,S1
362008.0,UNIVERSITAS NEGERI YOGYAKARTA,PENDIDIKAN TEKNIK ELEKTRO,Prov. D.I. Yogyakarta,Kab Sleman,UNY,Pendidikan Teknik,"Fisika, Matematika Tingkat Lanjut, Matematika",16.0,114.0,24.0,170.0,570.32,87.27,S1
362009.0,UNIVERSITAS NEGERI YOGYAKARTA,PENDIDIKAN TEKNIK SIPIL DAN PERENCANAAN,Prov. D.I. Yogyakarta,Kab Sleman,UNY,Pendidikan Teknik,"Fisika, Matematika Tingkat Lanjut, Matematika",16.0,207.0,24.0,393.0,573.9,87.45,S1
362010.0,UNIVERSITAS NEGERI YOGYAKARTA,MATEMATIKA,Prov. D.I. Yogyakarta,Kab Sleman,UNY,Matematika,"Matematika Tingkat Lanjut, Matematika",16.0,330.0,24.0,417.0,580.4,87.77,S1
362011.0,UNIVERSITAS NEGERI YOGYAKARTA,FISIKA,Prov. D.I. Yogyakarta,Kab Sleman,UNY,Fisika,"Fisika, Matematika",16.0,101.0,24.0,125.0,577.38,87.62,S1
362012.0,UNIVERSITAS NEGERI YOGYAKARTA,KIMIA,Prov. D.I. Yogyakarta,Kab Sleman,UNY,Kimia,"Kimia, Matematika",16.0,204.0,24.0,227.0,580.18,87.76,S1
362013.0,UNIVERSITAS NEGERI YOGYAKARTA,BIOLOGI,Prov. D.I. Yogyakarta,Kab Sleman,UNY,Biologi,"Biologi, Matematika",16.0,343.0,24.0,500.0,574.53,87.48,S1
362014.0,UNIVERSITAS NEGERI YOGYAKARTA,PENDIDIKAN TEKNIK MEKATRONIKA,Prov. D.I. Yogyakarta,Kab Sleman,UNY,Pendidikan Teknik,"Fisika, Matematika Tingkat Lanjut, Matematika",16.0,97.0,24.0,122.0,579.84,87.74,S1
362015.0,UNIVERSITAS NEGERI YOGYAKARTA,PENDIDIKAN TEKNIK INFORMATIKA,Prov. D.I. Yogyakarta,Kab Sleman,UNY,Pendidikan Informatika,"Matematika Tingkat Lanjut, Matematika",8.0,501.0,12.0,1072.0,578.06,87.65,S1
362016.0,UNIVERSITAS NEGERI YOGYAKARTA,PENDIDIKAN IPA,Prov. D.I. Yogyakarta,Kab Sleman,UNY,Pendidikan IPA,"Matematika, Biologi",21.0,301.0,32.0,463.0,575.23,87.51,S1
362017.0,UNIVERSITAS NEGERI YOGYAKARTA,ILMU KEOLAHRAGAAN,Prov. D.I. Yogyakarta,Kab Sleman,UNY,Ilmu atau Sains Keolahragaan,"PJOK, Biologi",24.0,84.0,36.0,214.0,573.57,87.43,S1
362018.0,UNIVERSITAS NEGERI YOGYAKARTA,STATISTIK,Prov. D.I. Yogyakarta,Kab Sleman,UNY,Sains Data,"Matematika Tingkat Lanjut, Matematika",8.0,346.0,12.0,507.0,605.72,89.04,S1
362019.0,UNIVERSITAS NEGERI YOGYAKARTA,PENDIDIKAN JASMANI KESEHATAN DAN REKREASI,Prov. D.I. Yogyakarta,Kab Sleman,UNY,Pendidikan Jasmani Kesehatan,"Pendidikan Jasmani, Biologi",40.0,312.0,60.0,589.0,552.33,86.37,S1
362020.0,UNIVERSITAS NEGERI YOGYAKARTA,PENDIDIKAN KEPELATIHAN OLAHRAGA,Prov. D.I. Yogyakarta,Kab Sleman,UNY,Pendidikan Jasmani Kesehatan,"Pendidikan Jasmani, Biologi",36.0,137.0,54.0,328.0,549.2,86.21,S1
362021.0,UNIVERSITAS NEGERI YOGYAKARTA,PENDIDIKAN JASMANI SEKOLAH DASAR,Prov. D.I. Yogyakarta,Kab Sleman,UNY,Pendidikan Jasmani Kesehatan,"Pendidikan Jasmani, Biologi",24.0,81.0,36.0,191.0,548.57,86.18,S1
362022.0,UNIVERSITAS NEGERI YOGYAKARTA,TEKNIK ELEKTRO - S1,Prov. D.I. Yogyakarta,Kab Sleman,UNY,Teknik atau rekayasa,"Fisika, Matematika Tingkat Lanjut, Matematika",8.0,287.0,12.0,532.0,635.48,90.52,S1
362023.0,UNIVERSITAS NEGERI YOGYAKARTA,TEKNOLOGI INFORMASI,Prov. D.I. Yogyakarta,Kab Sleman,UNY,Ilmu atau Sains Informasi,"Matematika Tingkat Lanjut, Matematika",8.0,559.0,12.0,1200.0,640.18,90.76,S1
362024.0,UNIVERSITAS NEGERI YOGYAKARTA,TEKNIK MANUFAKTUR,Prov. D.I. Yogyakarta,Kab Sleman,UNY,Teknik atau rekayasa,"Fisika, Matematika Tingkat Lanjut, Matematika",16.0,198.0,24.0,323.0,614.82,89.49,S1
362025.0,UNIVERSITAS NEGERI YOGYAKARTA,TEKNIK SIPIL - S1,Prov. D.I. Yogyakarta,Kab Sleman,UNY,Teknik atau rekayasa,"Fisika, Matematika Tingkat Lanjut, Matematika",8.0,513.0,12.0,112.0,645.43,91.02,S1
362026.0,UNIVERSITAS NEGERI YOGYAKARTA,MANAJEMEN PENDIDIKAN,Prov. D.I. Yogyakarta,Kab Sleman,UNY,Manajemen Pendidikan,"Ekonomi, Sosiologi",16.0,358.0,24.0,678.0,548.96,86.2,S1
362027.0,UNIVERSITAS NEGERI YOGYAKARTA,PENDIDIKAN BIMBINGAN DAN KONSELING,Prov. D.I. Yogyakarta,Kab Sleman,UNY,Psikologi,"Sosiologi, Matematika",16.0,699.0,24.0,1159.0,562.6,86.88,S1
362028.0,UNIVERSITAS NEGERI YOGYAKARTA,TEKNOLOGI PENDIDIKAN,Prov. D.I. Yogyakarta,Kab Sleman,UNY,Pendidikan Informatika,"Matematika Tingkat Lanjut, Matematika",16.0,229.0,24.0,460.0,586.65,88.08,S1
362029.0,UNIVERSITAS NEGERI YOGYAKARTA,PENDIDIKAN LUAR BIASA,Prov. D.I. Yogyakarta,Kab Sleman,UNY,Pendidikan Luar Sekolah,"Bahasa Indonesia, Matematika",24.0,225.0,36.0,383.0,544.6,85.98,S1
362030.0,UNIVERSITAS NEGERI YOGYAKARTA,PENDIDIKAN LUAR SEKOLAH,Prov. D.I. Yogyakarta,Kab Sleman,UNY,Pendidikan Luar Sekolah,"Bahasa Indonesia, Matematika",16.0,107.0,24.0,225.0,541.8,85.84,S1
362031.0,UNIVERSITAS NEGERI YOGYAKARTA,PENDIDIKAN KRIYA,Prov. D.I. Yogyakarta,Kab Sleman,UNY,Pendidikan Seni,Seni Budaya,16.0,52.0,24.0,76.0,538.14,85.66,S1
362032.0,UNIVERSITAS NEGERI YOGYAKARTA,PENDIDIKAN KEWARGANEGARAAN,Prov. D.I. Yogyakarta,Kab Sleman,UNY,Pendidikan Pancasila,Pendidikan Pancasila,16.0,199.0,24.0,381.0,554.59,86.48,S1
362033.0,UNIVERSITAS NEGERI YOGYAKARTA,PENDIDIKAN SEJARAH,Prov. D.I. Yogyakarta,Kab Sleman,UNY,Pendidikan Sejarah,Sejarah,16.0,220.0,24.0,396.0,552.34,86.37,S1
362034.0,UNIVERSITAS NEGERI YOGYAKARTA,PENDIDIKAN GEOGRAFI,Prov. D.I. Yogyakarta,Kab Sleman,UNY,Pendidikan Geografi,Geografi,16.0,264.0,24.0,401.0,552.11,86.36,S1
362037.0,UNIVERSITAS NEGERI YOGYAKARTA,PENDIDIKAN TEKNIK BUSANA,Prov. D.I. Yogyakarta,Kab Sleman,UNY,Pendidikan Seni,Seni Budaya,16.0,934.0,24.0,1095.0,547.2,86.11,S1
362038.0,UNIVERSITAS NEGERI YOGYAKARTA,PENDIDIKAN TEKNIK BOGA,Prov. D.I. Yogyakarta,Kab Sleman,UNY,Pendidikan Tataboga,"Biologi, Kimia",16.0,991.0,24.0,1315.0,546.57,86.08,S1
362039.0,UNIVERSITAS NEGERI YOGYAKARTA,PENDIDIKAN ADMINISTRASI PERKANTORAN,Prov. D.I. Yogyakarta,Kab Sleman,UNY,Pendidikan Ekonomi,Ekonomi,16.0,696.0,24.0,933.0,546.2,86.06,S1
362040.0,UNIVERSITAS NEGERI YOGYAKARTA,PENDIDIKAN AKUNTANSI,Prov. D.I. Yogyakarta,Kab Sleman,UNY,Pendidikan Ekonomi,Ekonomi,16.0,223.0,24.0,367.0,552.35,86.37,S1
362041.0,UNIVERSITAS NEGERI YOGYAKARTA,PENDIDIKAN EKONOMI,Prov. D.I. Yogyakarta,Kab Sleman,UNY,Pendidikan Ekonomi,Ekonomi,24.0,326.0,36.0,492.0,549.96,86.25,S1
362042.0,UNIVERSITAS NEGERI YOGYAKARTA,MANAJEMEN,Prov. D.I. Yogyakarta,Kab Sleman,UNY,Ilmu atau Sains Manajemen,"Ekonomi, Matematika",48.0,2879.0,72.0,4021.0,662.99,91.9,S1
362043.0,UNIVERSITAS NEGERI YOGYAKARTA,SEJARAH,Prov. D.I. Yogyakarta,Kab Sleman,UNY,Sejarah,Sejarah,16.0,232.0,24.0,547.0,583.02,87.9,S1
362044.0,UNIVERSITAS NEGERI YOGYAKARTA,AKUNTANSI - S1,Prov. D.I. Yogyakarta,Kab Sleman,UNY,Ilmu atau Sains Akuntansi,"Ekonomi, Matematika",24.0,1102.0,36.0,1562.0,658.84,91.69,S1
362045.0,UNIVERSITAS NEGERI YOGYAKARTA,PENDIDIKAN SOSIOLOGI,Prov. D.I. Yogyakarta,Kab Sleman,UNY,Pendidikan Sosiologi,Sosiologi,16.0,388.0,24.0,728.0,553.44,86.42,S1
362046.0,UNIVERSITAS NEGERI YOGYAKARTA,PENDIDIKAN IPS,Prov. D.I. Yogyakarta,Kab Sleman,UNY,Pendidikan IPS,"Ekonomi, Sosiologi, Geografi",16.0,211.0,24.0,351.0,545.82,86.04,S1
362047.0,UNIVERSITAS NEGERI YOGYAKARTA,ADMINISTRASI PUBLIK,Prov. D.I. Yogyakarta,Kab Sleman,UNY,Administrasi Bisnis,"Ekonomi, Matematika",24.0,1129.0,36.0,1878.0,632.72,90.39,S1
362048.0,UNIVERSITAS NEGERI YOGYAKARTA,KEBIJAKAN PENDIDIKAN,Prov. D.I. Yogyakarta,Kab Sleman,UNY,Urusan Publik,"Sosiologi, Pendidikan Pancasila",8.0,112.0,12.0,244.0,539.26,85.71,S1
362049.0,UNIVERSITAS NEGERI YOGYAKARTA,PENDIDIKAN GURU SD,Prov. D.I. Yogyakarta,Kab Sleman,UNY,Pendidikan SD,"Matematika, Bahasa Indonesia",48.0,149.0,72.0,2019.0,542.45,85.87,S1
362050.0,UNIVERSITAS NEGERI YOGYAKARTA,PENDIDIKAN GURU PAUD,Prov. D.I. Yogyakarta,Kab Sleman,UNY,Pendidikan PAUD,"Matematika, Bahasa Indonesia",16.0,243.0,24.0,411.0,536.08,85.55,S1
362052.0,UNIVERSITAS NEGERI YOGYAKARTA,PENDIDIKAN BAHASA INGGRIS,Prov. D.I. Yogyakarta,Kab Sleman,UNY,Pendidikan Bahasa Inggris,Bahasa Inggris,40.0,649.0,60.0,1094.0,631.95,90.35,S1
362053.0,UNIVERSITAS NEGERI YOGYAKARTA,PENDIDIKAN BAHASA JERMAN,Prov. D.I. Yogyakarta,Kab Sleman,UNY,Pendidikan Bahasa Jerman,"Bahasa Indoneisa, Bahasa Jerman",16.0,89.0,24.0,136.0,567.4,87.12,S1
362054.0,UNIVERSITAS NEGERI YOGYAKARTA,PENDIDIKAN BAHASA PERANCIS,Prov. D.I. Yogyakarta,Kab Sleman,UNY,Pendidikan Bahasa Perancis,"Bahasa Indonesia, Bahasa Prancis",16.0,71.0,24.0,142.0,570.07,87.25,S1
362055.0,UNIVERSITAS NEGERI YOGYAKARTA,PENDIDIKAN SENI RUPA,Prov. D.I. Yogyakarta,Kab Sleman,UNY,Pendidikan Seni,Seni Budaya,16.0,135.0,24.0,186.0,530.12,85.26,S1
362056.0,UNIVERSITAS NEGERI YOGYAKARTA,SASTRA INDONESIA,Prov. D.I. Yogyakarta,Kab Sleman,UNY,Susastra atau Sastra,"Bahasa Indonesia, Bahasa Inggris, Bahasa Asing Lainnya",24.0,377.0,36.0,742.0,617.19,89.61,S1
362057.0,UNIVERSITAS NEGERI YOGYAKARTA,SASTRA INGGRIS,Prov. D.I. Yogyakarta,Kab Sleman,UNY,Susastra atau Sastra,"Bahasa Indonesia, Bahasa Inggris, Bahasa Asing Lainnya",24.0,497.0,36.0,1172.0,633.1,90.41,S1
362058.0,UNIVERSITAS NEGERI YOGYAKARTA,PENDIDIKAN SENI TARI,Prov. D.I. Yogyakarta,Kab Sleman,UNY,Pendidikan Seni,Seni Budaya,16.0,113.0,24.0,136.0,529.09,85.2,S1
362059.0,UNIVERSITAS NEGERI YOGYAKARTA,PENDIDIKAN SENI MUSIK,Prov. D.I. Yogyakarta,Kab Sleman,UNY,Pendidikan Seni,Seni Budaya,16.0,85.0,24.0,166.0,526.79,85.09,S1
362060.0,UNIVERSITAS NEGERI YOGYAKARTA,PENDIDIKAN BAHASA DAN SASTRA INDONESIA,Prov. D.I. Yogyakarta,Kab Sleman,UNY,Pendidikan Bahasa Indonesia,Bahasa Indonesia,32.0,534.0,48.0,780.0,541.6,85.83,S1
362061.0,UNIVERSITAS NEGERI YOGYAKARTA,PENDIDIKAN BAHASA JAWA,Prov. D.I. Yogyakarta,Kab Sleman,UNY,Pendidikan Bahsa Jawa,"Bahasa Jawa, Bahasa Indonesia",24.0,277.0,36.0,429.0,519.77,84.74,S1
362062.0,UNIVERSITAS NEGERI YOGYAKARTA,ILMU KOMUNIKASI,Prov. D.I. Yogyakarta,Kab Sleman,UNY,Ilmu atau Sains Komunikasi,"Sosiologi, Bahasa Indonesia, Antropologi",24.0,1758.0,36.0,3317.0,650.44,91.27,S1
362063.0,UNIVERSITAS NEGERI YOGYAKARTA,PSIKOLOGI,Prov. D.I. Yogyakarta,Kab Sleman,UNY,Psikologi,"Sosiologi, Matematika",32.0,1504.0,48.0,3102.0,651.46,91.32,S1
362075.0,UNIVERSITAS NEGERI YOGYAKARTA,ARSITEKTUR,Prov. D.I. Yogyakarta,Kab Sleman,UNY,Arsitektur,"Matematika, Fisika",8.0,0.0,12.0,0.0,0.0,0.0,S1
362076.0,UNIVERSITAS NEGERI YOGYAKARTA,TATA BUSANA,Prov. D.I. Yogyakarta,Kab Sleman,UNY,Seni,Seni Budaya,16.0,0.0,24.0,0.0,0.0,0.0,D4
362077.0,UNIVERSITAS NEGERI YOGYAKARTA,TATA RIAS DAN KECANTIKAN,Prov. D.I. Yogyakarta,Kab Sleman,UNY,Seni,Seni Budaya,8.0,0.0,12.0,0.0,0.0,0.0,D4
362078.0,UNIVERSITAS NEGERI YOGYAKARTA,TEKNIK ELEKTRONIKA,Prov. D.I. Yogyakarta,Kab Sleman,UNY,Teknik atau rekayasa,"Fisika, Matematika Tingkat Lanjut, Matematika",16.0,0.0,24.0,0.0,0.0,0.0,D4
362079.0,UNIVERSITAS NEGERI YOGYAKARTA,AKUNTANSI - D4,Prov. D.I. Yogyakarta,Kab Sleman,UNY,Ilmu atau Sains Akuntansi,"Ekonomi, Matematika",24.0,0.0,36.0,0.0,0.0,0.0,D4
362080.0,UNIVERSITAS NEGERI YOGYAKARTA,TEKNIK ELEKTRO - D4,Prov. D.I. Yogyakarta,Kab Sleman,UNY,Teknik atau rekayasa,"Fisika, Matematika Tingkat Lanjut, Matematika",8.0,0.0,12.0,0.0,0.0,0.0,D4
362081.0,UNIVERSITAS NEGERI YOGYAKARTA,MANAJEMEN PEMASARAN,Prov. D.I. Yogyakarta,Kab Sleman,UNY,Ilmu atau Sains Manajemen,"Ekonomi, Matematika",24.0,0.0,36.0,0.0,0.0,0.0,D4
362082.0,UNIVERSITAS NEGERI YOGYAKARTA,TEKNIK MESIN,Prov. D.I. Yogyakarta,Kab Sleman,UNY,Teknik atau rekayasa,"Fisika, Matematika Tingkat Lanjut, Matematika",8.0,0.0,12.0,0.0,0.0,0.0,D4
362083.0,UNIVERSITAS NEGERI YOGYAKARTA,TEKNIK SIPIL - D4,Prov. D.I. Yogyakarta,Kab Sleman,UNY,Teknik atau rekayasa,"Fisika, Matematika Tingkat Lanjut, Matematika",8.0,0.0,12.0,0.0,0.0,0.0,D4
362084.0,UNIVERSITAS NEGERI YOGYAKARTA,TATA BOGA,Prov. D.I. Yogyakarta,Kab Sleman,UNY,Seni,Seni Budaya,16.0,0.0,24.0,0.0,0.0,0.0,D4
362085.0,UNIVERSITAS NEGERI YOGYAKARTA,MESIN OTOMOTIF,Prov. D.I. Yogyakarta,Kab Sleman,UNY,Teknik atau rekayasa,"Fisika, Matematika Tingkat Lanjut, Matematika",8.0,0.0,12.0,0.0,0.0,0.0,D4
362086.0,UNIVERSITAS NEGERI YOGYAKARTA,ADMINISTRASI PERKANTORAN,Prov. D.I. Yogyakarta,Kab Sleman,UNY,Administrasi Bisnis,"Ekonomi, Matematika",24.0,0.0,36.0,0.0,0.0,0.0,D4
362087.0,UNIVERSITAS NEGERI YOGYAKARTA,PENGOBATAN TRADISIONAL INDONESIA,Prov. D.I. Yogyakarta,Kab Sleman,UNY,Kesehatan,"Biologi, Matematika",8.0,0.0,12.0,0.0,0.0,0.0,D4
362088.0,UNIVERSITAS NEGERI YOGYAKARTA,PENGELOLAAN USAHA REKREASI,Prov. D.I. Yogyakarta,Kab Sleman,UNY,Pariwisata,"Ekonomi, Matematika",8.0,0.0,12.0,0.0,0.0,0.0,D4
362089.0,UNIVERSITAS NEGERI YOGYAKARTA,PROMOSI KESEHATAN,Prov. D.I. Yogyakarta,Kab Sleman,UNY,Kesehatan,"Biologi, Matematika",8.0,0.0,12.0,0.0,0.0,0.0,D4
362090.0,UNIVERSITAS NEGERI YOGYAKARTA,TEKNIK INDUSTRI,Prov. D.I. Yogyakarta,Kab Sleman,UNY,Teknik atau rekayasa,"Fisika, Matematika Tingkat Lanjut, Matematika",8.0,0.0,12.0,0.0,0.0,0.0,S1
363001.0,UPN VETERAN YOGYAKARTA,TEKNIK GEOLOGI,Prov. D.I. Yogyakarta,Kab Sleman,UPN YOGYAKARTA,Ilmu atau Sains Kebumian,"Fisika, Matematika Tingkat Lanjut, Matematika",60.0,505.0,150.0,1214.0,624.38,89.97,S1
363002.0,UPN VETERAN YOGYAKARTA,TEKNIK PERTAMBANGAN,Prov. D.I. Yogyakarta,Kab Sleman,UPN YOGYAKARTA,Teknik atau rekayasa,"Fisika, Matematika Tingkat Lanjut, Matematika",52.0,812.0,130.0,2174.0,632.42,90.37,S1
363003.0,UPN VETERAN YOGYAKARTA,TEKNIK PERMINYAKAN,Prov. D.I. Yogyakarta,Kab Sleman,UPN YOGYAKARTA,Teknik atau rekayasa,"Fisika, Matematika Tingkat Lanjut, Matematika",54.0,520.0,135.0,1367.0,629.11,90.21,S1
363004.0,UPN VETERAN YOGYAKARTA,TEKNIK LINGKUNGAN,Prov. D.I. Yogyakarta,Kab Sleman,UPN YOGYAKARTA,Ilmu atau Sains Lingkungan,"Biologi, Matematika",36.0,314.0,90.0,883.0,617.92,89.65,S1
363005.0,UPN VETERAN YOGYAKARTA,TEKNIK GEOFISIKA,Prov. D.I. Yogyakarta,Kab Sleman,UPN YOGYAKARTA,Teknik atau rekayasa,"Fisika, Matematika Tingkat Lanjut, Matematika",24.0,138.0,60.0,234.0,613.73,89.44,S1
363006.0,UPN VETERAN YOGYAKARTA,TEKNIK KIMIA - S1,Prov. D.I. Yogyakarta,Kab Sleman,UPN YOGYAKARTA,Teknik atau rekayasa,"Fisika, Matematika Tingkat Lanjut, Matematika",48.0,256.0,120.0,597.0,621.98,89.85,S1
363007.0,UPN VETERAN YOGYAKARTA,TEKNIK INDUSTRI,Prov. D.I. Yogyakarta,Kab Sleman,UPN YOGYAKARTA,Teknik atau rekayasa,"Fisika, Matematika Tingkat Lanjut, Matematika",56.0,625.0,140.0,1578.0,614.71,89.49,S1
363008.0,UPN VETERAN YOGYAKARTA,TEKNIK INFORMATIKA,Prov. D.I. Yogyakarta,Kab Sleman,UPN YOGYAKARTA,Ilmu atau Sains Informasi,"Matematika Tingkat Lanjut, Matematika",48.0,812.0,120.0,1979.0,624.12,89.96,S1
363009.0,UPN VETERAN YOGYAKARTA,AGROTEKNOLOGI,Prov. D.I. Yogyakarta,Kab Sleman,UPN YOGYAKARTA,Ilmu dan Sains Pertanian,"Biologi, Matematika",54.0,392.0,135.0,786.0,596.7,88.59,S1
363010.0,UPN VETERAN YOGYAKARTA,AGROBISNIS,Prov. D.I. Yogyakarta,Kab Sleman,UPN YOGYAKARTA,Ilmu dan Sains Pertanian,"Biologi, Matematika",30.0,403.0,75.0,791.0,606.87,89.09,S1
363011.0,UPN VETERAN YOGYAKARTA,METALURGI,Prov. D.I. Yogyakarta,Kab Sleman,UPN YOGYAKARTA,Teknik atau rekayasa,"Fisika, Matematika Tingkat Lanjut, Matematika",24.0,113.0,60.0,331.0,605.09,89.0,S1
363012.0,UPN VETERAN YOGYAKARTA,ILMU TANAH,Prov. D.I. Yogyakarta,Kab Sleman,UPN YOGYAKARTA,Ilmu dan Sains Pertanian,"Biologi, Matematika",24.0,177.0,60.0,423.0,595.75,88.54,S1
363013.0,UPN VETERAN YOGYAKARTA,SISTEM INFORMASI,Prov. D.I. Yogyakarta,Kab Sleman,UPN YOGYAKARTA,Ilmu atau Sains Informasi,"Matematika Tingkat Lanjut, Matematika",36.0,384.0,90.0,877.0,606.45,89.07,S1
363014.0,UPN VETERAN YOGYAKARTA,TEKNIK GEOMATIKA,Prov. D.I. Yogyakarta,Kab Sleman,UPN YOGYAKARTA,Teknik atau rekayasa,"Fisika, Matematika Tingkat Lanjut, Matematika",20.0,125.0,50.0,260.0,608.11,89.16,S1
363015.0,UPN VETERAN YOGYAKARTA,MANAJEMEN,Prov. D.I. Yogyakarta,Kab Sleman,UPN YOGYAKARTA,Ilmu atau Sains Manajemen,"Ekonomi, Matematika",150.0,1051.0,375.0,2779.0,608.8,89.19,S1
363016.0,UPN VETERAN YOGYAKARTA,AKUNTANSI,Prov. D.I. Yogyakarta,Kab Sleman,UPN YOGYAKARTA,Ilmu atau Sains Akuntansi,"Ekonomi, Matematika",96.0,599.0,240.0,1459.0,617.02,89.6,S1
363017.0,UPN VETERAN YOGYAKARTA,EKONOMI PEMBANGUNAN,Prov. D.I. Yogyakarta,Kab Sleman,UPN YOGYAKARTA,Ekonomi,"Ekonomi, Matematika",64.0,350.0,160.0,676.0,595.05,88.5,S1
363018.0,UPN VETERAN YOGYAKARTA,HUBUNGAN INTERNASIONAL,Prov. D.I. Yogyakarta,Kab Sleman,UPN YOGYAKARTA,Ilmu atau Sains Komunikasi,"Sosiologi, Bahasa Indonesia, Antropologi",40.0,334.0,100.0,103.0,614.14,89.46,S1
363019.0,UPN VETERAN YOGYAKARTA,ADMINISTRASI BISNIS,Prov. D.I. Yogyakarta,Kab Sleman,UPN YOGYAKARTA,Administrasi Bisnis,"Ekonomi, Matematika",40.0,454.0,100.0,1457.0,589.1,88.21,S1
363020.0,UPN VETERAN YOGYAKARTA,ILMU KOMUNIKASI,Prov. D.I. Yogyakarta,Kab Sleman,UPN YOGYAKARTA,Ilmu atau Sains Komunikasi,"Sosiologi, Bahasa Indonesia, Antropologi",48.0,682.0,120.0,2648.0,612.87,89.39,S1
363021.0,UPN VETERAN YOGYAKARTA,HUBUNGAN MASYARAKAT,Prov. D.I. Yogyakarta,Kab Sleman,UPN YOGYAKARTA,Studi Humanitas,"Sosiologi, Pendidikan Pancasila, Antropologi",40.0,321.0,100.0,1103.0,588.72,88.19,S1
363022.0,UPN VETERAN YOGYAKARTA,TEKNIK KIMIA - D3,Prov. D.I. Yogyakarta,Kab Sleman,UPN YOGYAKARTA,Teknik atau rekayasa,"Fisika, Matematika Tingkat Lanjut, Matematika",18.0,0.0,45.0,0.0,0.0,0.0,D3
364001.0,ISI YOGYAKARTA,SENI TARI,Prov. D.I. Yogyakarta,Kab Bantul,ISI YOGYAKARTA,Seni,Seni Budaya,24.0,65.0,32.0,114.0,533.03,85.4,S1
364002.0,ISI YOGYAKARTA,SENI MUSIK,Prov. D.I. Yogyakarta,Kab Bantul,ISI YOGYAKARTA,Seni,Seni Budaya,38.0,67.0,50.0,175.0,536.39,85.57,S1
364003.0,ISI YOGYAKARTA,PENDIDIKAN MUSIK,Prov. D.I. Yogyakarta,Kab Bantul,ISI YOGYAKARTA,Pendidikan Seni,Seni Budaya,27.0,75.0,36.0,130.0,536.86,85.59,S1
364004.0,ISI YOGYAKARTA,PENCIPTAAN MUSIK,Prov. D.I. Yogyakarta,Kab Bantul,ISI YOGYAKARTA,Seni,Seni Budaya,15.0,40.0,19.0,101.0,531.94,85.35,S1
364005.0,ISI YOGYAKARTA,SENI TEATER,Prov. D.I. Yogyakarta,Kab Bantul,ISI YOGYAKARTA,Seni,Seni Budaya,21.0,36.0,28.0,69.0,529.27,85.21,S1
364006.0,ISI YOGYAKARTA,"PENDIDIKAN SENI DRAMA, TARI DAN MUSIK",Prov. D.I. Yogyakarta,Kab Bantul,ISI YOGYAKARTA,Pendidikan Seni,Seni Budaya,14.0,43.0,18.0,61.0,531.07,85.3,S1
364007.0,ISI YOGYAKARTA,SENI RUPA MURNI,Prov. D.I. Yogyakarta,Kab Bantul,ISI YOGYAKARTA,Seni,Seni Budaya,36.0,124.0,48.0,323.0,529.22,85.21,S1
364008.0,ISI YOGYAKARTA,KRIYA SENI,Prov. D.I. Yogyakarta,Kab Bantul,ISI YOGYAKARTA,Desain,"Seni Budaya, Matematika",33.0,47.0,44.0,86.0,518.03,84.65,S1
364009.0,ISI YOGYAKARTA,DESAIN INTERIOR,Prov. D.I. Yogyakarta,Kab Bantul,ISI YOGYAKARTA,Desain,"Seni Budaya, Matematika",36.0,171.0,48.0,395.0,606.69,89.08,S1
364010.0,ISI YOGYAKARTA,DESAIN KOMUNIKASI VISUAL (DKV),Prov. D.I. Yogyakarta,Kab Bantul,ISI YOGYAKARTA,Desain,"Seni Budaya, Matematika",36.0,666.0,48.0,1368.0,610.66,89.28,S1
364011.0,ISI YOGYAKARTA,DESAIN PRODUK,Prov. D.I. Yogyakarta,Kab Bantul,ISI YOGYAKARTA,Desain,"Seni Budaya, Matematika",21.0,45.0,28.0,145.0,581.55,87.83,S1
364012.0,ISI YOGYAKARTA,TELEVISI DAN FILM,Prov. D.I. Yogyakarta,Kab Bantul,ISI YOGYAKARTA,Ilmu atau Sains Komunikasi,"Sosiologi, Bahasa Indonesia, Antropologi",36.0,454.0,48.0,748.0,554.7,86.49,S1
364013.0,ISI YOGYAKARTA,FOTOGRAFI,Prov. D.I. Yogyakarta,Kab Bantul,ISI YOGYAKARTA,Ilmu atau Sains Komunikasi,"Sosiologi, Bahasa Indonesia, Antropologi",36.0,218.0,48.0,348.0,532.13,85.36,S1
364014.0,ISI YOGYAKARTA,SENI KARAWITAN,Prov. D.I. Yogyakarta,Kab Bantul,ISI YOGYAKARTA,Seni,Seni Budaya,15.0,27.0,20.0,44.0,529.58,85.23,S1
364015.0,ISI YOGYAKARTA,ETNO MUSIKOLOGI,Prov. D.I. Yogyakarta,Kab Bantul,ISI YOGYAKARTA,Seni,Seni Budaya,15.0,13.0,20.0,34.0,533.07,85.4,S1
364016.0,ISI YOGYAKARTA,SENI PEDALANGAN,Prov. D.I. Yogyakarta,Kab Bantul,ISI YOGYAKARTA,Seni,Seni Budaya,5.0,7.0,6.0,12.0,524.25,84.96,S1
364017.0,ISI YOGYAKARTA,TATA KELOLA SENI,Prov. D.I. Yogyakarta,Kab Bantul,ISI YOGYAKARTA,Seni,Seni Budaya,18.0,66.0,24.0,129.0,517.88,84.64,S1
364018.0,ISI YOGYAKARTA,PENYAJIAN MUSIK,Prov. D.I. Yogyakarta,Kab Bantul,ISI YOGYAKARTA,Seni,Seni Budaya,12.0,31.0,16.0,53.0,496.31,83.57,D4
364021.0,ISI YOGYAKARTA,KONSERVASI SENI,Prov. D.I. Yogyakarta,Kab Bantul,ISI YOGYAKARTA,Seni,Seni Budaya,9.0,0.0,12.0,0.0,0.0,0.0,S1
364022.0,ISI YOGYAKARTA,ANIMASI,Prov. D.I. Yogyakarta,Kab Bantul,ISI YOGYAKARTA,Desain,"Seni Budaya, Matematika",30.0,0.0,40.0,0.0,0.0,0.0,D4
364023.0,ISI YOGYAKARTA,DESAIN MODE KRIYA BATIK,Prov. D.I. Yogyakarta,Kab Bantul,ISI YOGYAKARTA,Desain,"Seni Budaya, Matematika",18.0,0.0,24.0,0.0,0.0,0.0,D4
365001.0,UNIVERSITAS ISLAM NEGERI SUNAN KALIJAGA,MATEMATIKA,Prov. D.I. Yogyakarta,Kab Sleman,UIN SUKA,Matematika,"Matematika Tingkat Lanjut, Matematika",24.0,88.0,60.0,77.0,566.44,87.07,S1
365002.0,UNIVERSITAS ISLAM NEGERI SUNAN KALIJAGA,FISIKA,Prov. D.I. Yogyakarta,Kab Sleman,UIN SUKA,Fisika,"Fisika, Matematika",12.0,31.0,30.0,43.0,548.82,86.19,S1
365003.0,UNIVERSITAS ISLAM NEGERI SUNAN KALIJAGA,KIMIA,Prov. D.I. Yogyakarta,Kab Sleman,UIN SUKA,Kimia,"Kimia, Matematika",18.0,43.0,45.0,59.0,547.47,86.12,S1
365004.0,UNIVERSITAS ISLAM NEGERI SUNAN KALIJAGA,BIOLOGI,Prov. D.I. Yogyakarta,Kab Sleman,UIN SUKA,Biologi,"Biologi, Matematika",18.0,107.0,45.0,125.0,546.46,86.07,S1
365005.0,UNIVERSITAS ISLAM NEGERI SUNAN KALIJAGA,TEKNIK INFORMATIKA,Prov. D.I. Yogyakarta,Kab Sleman,UIN SUKA,Ilmu atau Sains Informasi,"Matematika Tingkat Lanjut, Matematika",20.0,412.0,50.0,718.0,609.44,89.22,S1
365006.0,UNIVERSITAS ISLAM NEGERI SUNAN KALIJAGA,TEKNIK INDUSTRI,Prov. D.I. Yogyakarta,Kab Sleman,UIN SUKA,Teknik atau rekayasa,"Fisika, Matematika Tingkat Lanjut, Matematika",18.0,200.0,45.0,342.0,612.48,89.37,S1
365007.0,UNIVERSITAS ISLAM NEGERI SUNAN KALIJAGA,PENDIDIKAN MATEMATIKA,Prov. D.I. Yogyakarta,Kab Sleman,UIN SUKA,Pendidikan Matematika,"Matematika, Matematika Tingkat Lanjut",18.0,117.0,45.0,149.0,544.8,85.99,S1
365008.0,UNIVERSITAS ISLAM NEGERI SUNAN KALIJAGA,PENDIDIKAN FISIKA,Prov. D.I. Yogyakarta,Kab Sleman,UIN SUKA,Pendidikan Fisika,Fisika,12.0,28.0,30.0,36.0,542.06,85.85,S1
365009.0,UNIVERSITAS ISLAM NEGERI SUNAN KALIJAGA,PENDIDIKAN KIMIA,Prov. D.I. Yogyakarta,Kab Sleman,UIN SUKA,Pendidikan Kimia,Kimia,12.0,44.0,30.0,40.0,544.09,85.95,S1
365010.0,UNIVERSITAS ISLAM NEGERI SUNAN KALIJAGA,PENDIDIKAN BIOLOGI,Prov. D.I. Yogyakarta,Kab Sleman,UIN SUKA,Pendidikan Biologi,Biologi,18.0,97.0,45.0,122.0,543.86,85.94,S1
365013.0,UNIVERSITAS ISLAM NEGERI SUNAN KALIJAGA,PERPUSTAKAAN,Prov. D.I. Yogyakarta,Kab Sleman,UIN SUKA,Ilmu atau Sains Komunikasi,"Sosiologi, Bahasa Indonesia, Antropologi",30.0,312.0,75.0,397.0,601.69,88.83,S1
365022.0,UNIVERSITAS ISLAM NEGERI SUNAN KALIJAGA,PSIKOLOGI,Prov. D.I. Yogyakarta,Kab Sleman,UIN SUKA,Psikologi,"Sosiologi, Matematika",35.0,605.0,88.0,804.0,612.02,89.35,S1
365023.0,UNIVERSITAS ISLAM NEGERI SUNAN KALIJAGA,SOSIOLOGI,Prov. D.I. Yogyakarta,Kab Sleman,UIN SUKA,Studi Humanitas,"Sosiologi, Pendidikan Pancasila, Antropologi",16.0,193.0,40.0,307.0,557.46,86.62,S1
365024.0,UNIVERSITAS ISLAM NEGERI SUNAN KALIJAGA,ILMU KOMUNIKASI,Prov. D.I. Yogyakarta,Kab Sleman,UIN SUKA,Ilmu atau Sains Komunikasi,"Sosiologi, Bahasa Indonesia, Antropologi",32.0,518.0,80.0,784.0,594.35,88.47,S1
365026.0,UNIVERSITAS ISLAM NEGERI SUNAN KALIJAGA,SASTRA INGGRIS,Prov. D.I. Yogyakarta,Kab Sleman,UIN SUKA,Susastra atau Sastra,"Bahasa Indonesia, Bahasa Inggris, Bahasa Asing Lainnya",20.0,152.0,50.0,286.0,593.98,88.45,S1
365029.0,UNIVERSITAS ISLAM NEGERI SUNAN KALIJAGA,HUKUM,Prov. D.I. Yogyakarta,Kab Sleman,UIN SUKA,Hukum,"Sosiologi, Pendidikan Pancasila",40.0,554.0,100.0,697.0,559.38,86.72,S1
365030.0,UNIVERSITAS ISLAM NEGERI SUNAN KALIJAGA,ILMU KESEJAHTERAAN SOSIAL,Prov. D.I. Yogyakarta,Kab Sleman,UIN SUKA,Studi Humanitas,"Sosiologi, Pendidikan Pancasila, Antropologi",17.0,243.0,43.0,333.0,547.5,86.13,S1
371001.0,UNIVERSITAS JEMBER,AGROTEKNOLOGI,Prov. Jawa Timur,Kab Jember,UNEJ,Ilmu dan Sains Pertanian,"Biologi, Matematika",45.0,255.0,90.0,375.0,555.11,86.51,S1
371002.0,UNIVERSITAS JEMBER,AGROBISNIS,Prov. Jawa Timur,Kab Jember,UNEJ,Ilmu dan Sains Pertanian,"Biologi, Matematika",40.0,521.0,83.0,521.0,559.45,86.72,S1
371003.0,UNIVERSITAS JEMBER,PENDIDIKAN MATEMATIKA,Prov. Jawa Timur,Kab Jember,UNEJ,Pendidikan Matematika,"Matematika, Matematika Tingkat Lanjut",55.0,497.0,110.0,512.0,551.95,86.35,S1
371004.0,UNIVERSITAS JEMBER,PENDIDIKAN FISIKA,Prov. Jawa Timur,Kab Jember,UNEJ,Pendidikan Fisika,Fisika,35.0,171.0,65.0,183.0,547.39,86.12,S1
371005.0,UNIVERSITAS JEMBER,PENDIDIKAN BIOLOGI,Prov. Jawa Timur,Kab Jember,UNEJ,Pendidikan Biologi,Biologi,35.0,437.0,65.0,421.0,545.77,86.04,S1
371006.0,UNIVERSITAS JEMBER,TEKNOLOGI HASIL PERTANIAN,Prov. Jawa Timur,Kab Jember,UNEJ,"Teknologi Pangan, Teknologi Hasil Pertanian/ Peternakan/ Perikanan","Kimia, Biologi, Matematika",35.0,283.0,70.0,293.0,562.17,86.86,S1
371007.0,UNIVERSITAS JEMBER,TEKNIK PERTANIAN,Prov. Jawa Timur,Kab Jember,UNEJ,Teknik atau rekayasa,"Fisika, Matematika Tingkat Lanjut, Matematika",35.0,170.0,60.0,220.0,563.47,86.92,S1
371008.0,UNIVERSITAS JEMBER,KEDOKTERAN GIGI,Prov. Jawa Timur,Kab Jember,UNEJ,Ilmu atau Sains Kedokteran Gigi,"Biologi, Kimia, Matematika",40.0,750.0,85.0,1506.0,656.73,91.59,S1
371009.0,UNIVERSITAS JEMBER,MATEMATIKA,Prov. Jawa Timur,Kab Jember,UNEJ,Matematika,"Matematika Tingkat Lanjut, Matematika",30.0,225.0,60.0,209.0,564.0,86.95,S1
371010.0,UNIVERSITAS JEMBER,FISIKA,Prov. Jawa Timur,Kab Jember,UNEJ,Fisika,"Fisika, Matematika",35.0,100.0,65.0,71.0,559.96,86.75,S1
371011.0,UNIVERSITAS JEMBER,KIMIA,Prov. Jawa Timur,Kab Jember,UNEJ,Kimia,"Kimia, Matematika",30.0,161.0,60.0,156.0,552.07,86.35,S1
371012.0,UNIVERSITAS JEMBER,BIOLOGI,Prov. Jawa Timur,Kab Jember,UNEJ,Biologi,"Biologi, Matematika",30.0,297.0,63.0,351.0,557.94,86.65,S1
371013.0,UNIVERSITAS JEMBER,KEDOKTERAN,Prov. Jawa Timur,Kab Jember,UNEJ,Ilmu atau Sains Kedokteran,"Biologi, Kimia, Matematika",35.0,1124.0,80.0,2363.0,684.63,92.98,S1
371014.0,UNIVERSITAS JEMBER,KESEHATAN MASYARAKAT,Prov. Jawa Timur,Kab Jember,UNEJ,Kesehatan Masyarakat,"Biologi, Matematika, Sosiologi",50.0,924.0,100.0,1358.0,601.03,88.8,S1
371015.0,UNIVERSITAS JEMBER,TEKNIK MESIN,Prov. Jawa Timur,Kab Jember,UNEJ,Teknik atau rekayasa,"Fisika, Matematika Tingkat Lanjut, Matematika",30.0,203.0,55.0,364.0,618.04,89.65,S1
371016.0,UNIVERSITAS JEMBER,TEKNIK ELEKTRO,Prov. Jawa Timur,Kab Jember,UNEJ,Teknik atau rekayasa,"Fisika, Matematika Tingkat Lanjut, Matematika",30.0,176.0,60.0,314.0,620.27,89.76,S1
371017.0,UNIVERSITAS JEMBER,TEKNIK SIPIL,Prov. Jawa Timur,Kab Jember,UNEJ,Teknik atau rekayasa,"Fisika, Matematika Tingkat Lanjut, Matematika",40.0,498.0,80.0,736.0,617.45,89.62,S1
371018.0,UNIVERSITAS JEMBER,FARMASI,Prov. Jawa Timur,Kab Jember,UNEJ,Ilmu Farmasi,"Biologi, Kimia, Matematika",40.0,1408.0,80.0,1795.0,649.08,91.2,S1
371019.0,UNIVERSITAS JEMBER,KEPERAWATAN - S1,Prov. Jawa Timur,Kab Jember,UNEJ,Keperawatan,"Biologi, Matematika",50.0,1322.0,100.0,1608.0,612.3,89.37,S1
371020.0,UNIVERSITAS JEMBER,SISTEM INFORMASI,Prov. Jawa Timur,Kab Jember,UNEJ,Ilmu atau Sains Informasi,"Matematika Tingkat Lanjut, Matematika",25.0,455.0,50.0,627.0,610.49,89.27,S1
371024.0,UNIVERSITAS JEMBER,TEKNOLOGI INDUSTRI PERTANIAN,Prov. Jawa Timur,Kab Jember,UNEJ,Ilmu dan Sains Pertanian,"Biologi, Matematika",30.0,189.0,60.0,264.0,558.66,86.68,S1
371025.0,UNIVERSITAS JEMBER,ILMU TANAH,Prov. Jawa Timur,Kab Jember,UNEJ,Ilmu atau Sains Lingkungan,"Biologi, Matematika",20.0,108.0,35.0,92.0,556.67,86.58,S1
371026.0,UNIVERSITAS JEMBER,PROTEKSI TANAMAN,Prov. Jawa Timur,Kab Jember,UNEJ,"Bioteknologi, Biokewirausaha an, Bioinformatika","Biologi, Matematika",20.0,128.0,35.0,101.0,549.2,86.21,S1
371027.0,UNIVERSITAS JEMBER,TEKNOLOGI INFORMASI,Prov. Jawa Timur,Kab Jember,UNEJ,Ilmu atau Sains Informasi,"Matematika Tingkat Lanjut, Matematika",25.0,336.0,50.0,477.0,617.26,89.61,S1
371028.0,UNIVERSITAS JEMBER,PENDIDIKAN IPA,Prov. Jawa Timur,Kab Jember,UNEJ,Pendidikan IPA,"Matematika, Biologi",35.0,366.0,65.0,371.0,556.47,86.57,S1
371029.0,UNIVERSITAS JEMBER,PERENCANAAN WILAYAH DAN KOTA,Prov. Jawa Timur,Kab Jember,UNEJ,Perencanaan Wilayah,"Ekonomi, Matematika",15.0,337.0,30.0,399.0,594.49,88.47,S1
371030.0,UNIVERSITAS JEMBER,TEKNIK KIMIA,Prov. Jawa Timur,Kab Jember,UNEJ,Teknik atau rekayasa,"Fisika, Matematika Tingkat Lanjut, Matematika",11.0,169.0,20.0,225.0,674.04,92.45,S1
371031.0,UNIVERSITAS JEMBER,AGRONOMI,Prov. Jawa Timur,Kab Jember,UNEJ,Ilmu dan Sains Pertanian,"Biologi, Matematika",25.0,149.0,50.0,243.0,552.39,86.37,S1
371032.0,UNIVERSITAS JEMBER,PERTANIAN,Prov. Jawa Timur,Kab Jember,UNEJ,Ilmu dan Sains Pertanian,"Biologi, Matematika",20.0,152.0,35.0,192.0,552.27,86.36,S1
371033.0,UNIVERSITAS JEMBER,INFORMATIKA,Prov. Jawa Timur,Kab Jember,UNEJ,Ilmu atau Sains Informasi,"Matematika Tingkat Lanjut, Matematika",25.0,378.0,50.0,554.0,655.12,91.51,S1
371034.0,UNIVERSITAS JEMBER,PENYULUHAN PERTANIAN,Prov. Jawa Timur,Kab Jember,UNEJ,Ilmu dan Sains Pertanian,"Biologi, Matematika",20.0,90.0,35.0,101.0,545.58,86.03,S1
371035.0,UNIVERSITAS JEMBER,TEKNIK LINGKUNGAN,Prov. Jawa Timur,Kab Jember,UNEJ,Ilmu atau Sains Lingkungan,"Biologi, Matematika",15.0,264.0,30.0,347.0,611.97,89.35,S1
371036.0,UNIVERSITAS JEMBER,TEKNIK KONSTRUKSI PERKAPALAN,Prov. Jawa Timur,Kab Jember,UNEJ,Teknik atau rekayasa,"Fisika, Matematika Tingkat Lanjut, Matematika",17.0,66.0,30.0,127.0,613.32,89.42,S1
371037.0,UNIVERSITAS JEMBER,PETERNAKAN,Prov. Jawa Timur,Kab Jember,UNEJ,Peternakan,"Biologi, Matematika",20.0,128.0,35.0,186.0,555.59,86.53,S1
371038.0,UNIVERSITAS JEMBER,ILMU GIZI,Prov. Jawa Timur,Kab Jember,UNEJ,Ilmu atau Sains Gizi,"Biologi, Kimia, Matematika",25.0,679.0,45.0,909.0,613.73,89.44,S1
371039.0,UNIVERSITAS JEMBER,TEKNIK PERTAMBANGAN,Prov. Jawa Timur,Kab Jember,UNEJ,Teknik atau rekayasa,"Fisika, Matematika Tingkat Lanjut, Matematika",11.0,257.0,20.0,448.0,615.05,89.5,S1
371040.0,UNIVERSITAS JEMBER,TEKNIK PERMINYAKAN,Prov. Jawa Timur,Kab Jember,UNEJ,Teknik atau rekayasa,"Fisika, Matematika Tingkat Lanjut, Matematika",11.0,235.0,20.0,338.0,614.0,89.45,S1
371041.0,UNIVERSITAS JEMBER,HUKUM,Prov. Jawa Timur,Kab Jember,UNEJ,Hukum,"Sosiologi, Pendidikan Pancasila",115.0,864.0,225.0,1276.0,589.93,88.25,S1
371042.0,UNIVERSITAS JEMBER,HUBUNGAN INTERNASIONAL,Prov. Jawa Timur,Kab Jember,UNEJ,Ilmu atau Sains Komunikasi,"Sosiologi, Bahasa Indonesia, Antropologi",35.0,342.0,75.0,613.0,623.47,89.92,S1
371043.0,UNIVERSITAS JEMBER,ADMINISTRASI NEGARA,Prov. Jawa Timur,Kab Jember,UNEJ,Administrasi Bisnis,"Ekonomi, Matematika",35.0,557.0,78.0,755.0,587.35,88.12,S1
371044.0,UNIVERSITAS JEMBER,ADMINISTRASI BISNIS,Prov. Jawa Timur,Kab Jember,UNEJ,Administrasi Bisnis,"Ekonomi, Matematika",40.0,660.0,85.0,797.0,578.04,87.65,S1
371045.0,UNIVERSITAS JEMBER,ILMU KESEJAHTERAAN SOSIAL,Prov. Jawa Timur,Kab Jember,UNEJ,Studi Humanitas,"Sosiologi, Pendidikan Pancasila, Antropologi",30.0,423.0,60.0,525.0,539.07,85.7,S1
371046.0,UNIVERSITAS JEMBER,SOSIOLOGI,Prov. Jawa Timur,Kab Jember,UNEJ,Studi Humanitas,"Sosiologi, Pendidikan Pancasila, Antropologi",20.0,439.0,45.0,561.0,574.0,87.45,S1
371047.0,UNIVERSITAS JEMBER,EKONOMI PEMBANGUNAN,Prov. Jawa Timur,Kab Jember,UNEJ,Ekonomi,"Ekonomi, Matematika",40.0,403.0,75.0,700.0,593.83,88.44,S1
371048.0,UNIVERSITAS JEMBER,MANAJEMEN,Prov. Jawa Timur,Kab Jember,UNEJ,Ilmu atau Sains Manajemen,"Ekonomi, Matematika",50.0,1018.0,105.0,1372.0,608.52,89.18,S1
371049.0,UNIVERSITAS JEMBER,AKUNTANSI - S1,Prov. Jawa Timur,Kab Jember,UNEJ,Ilmu atau Sains Akuntansi,"Ekonomi, Matematika",55.0,634.0,110.0,885.0,614.28,89.46,S1
371050.0,UNIVERSITAS JEMBER,PENDIDIKAN LUAR SEKOLAH,Prov. Jawa Timur,Kab Jember,UNEJ,Pendidikan Luar Sekolah,"Bahasa Indonesia, Matematika",25.0,97.0,45.0,124.0,537.97,85.65,S1
371051.0,UNIVERSITAS JEMBER,PENDIDIKAN EKONOMI,Prov. Jawa Timur,Kab Jember,UNEJ,Pendidikan Ekonomi,Ekonomi,35.0,284.0,65.0,320.0,550.33,86.27,S1
371052.0,UNIVERSITAS JEMBER,PENDIDIKAN SEJARAH,Prov. Jawa Timur,Kab Jember,UNEJ,Pendidikan Sejarah,Sejarah,25.0,276.0,43.0,316.0,541.02,85.8,S1
371053.0,UNIVERSITAS JEMBER,PENDIDIKAN BAHASA INGGRIS,Prov. Jawa Timur,Kab Jember,UNEJ,Pendidikan Bahasa Inggris,Bahasa Inggris,35.0,290.0,65.0,398.0,600.75,88.79,S1
371054.0,UNIVERSITAS JEMBER,PENDIDIKAN BAHASA DAN SASTRA INDONESIA,Prov. Jawa Timur,Kab Jember,UNEJ,Pendidikan Bahasa Indonesia,Bahasa Indonesia,35.0,508.0,65.0,534.0,581.77,87.84,S1
371055.0,UNIVERSITAS JEMBER,PENDIDIKAN GURU SD,Prov. Jawa Timur,Kab Jember,UNEJ,Pendidikan SD,"Matematika, Bahasa Indonesia",35.0,789.0,65.0,865.0,544.33,85.97,S1
371056.0,UNIVERSITAS JEMBER,SASTRA INGGRIS,Prov. Jawa Timur,Kab Jember,UNEJ,Susastra atau Sastra,"Bahasa Indonesia, Bahasa Inggris, Bahasa Asing Lainnya",25.0,233.0,45.0,433.0,604.18,88.96,S1
371057.0,UNIVERSITAS JEMBER,SASTRA INDONESIA,Prov. Jawa Timur,Kab Jember,UNEJ,Susastra atau Sastra,"Bahasa Indonesia, Bahasa Inggris, Bahasa Asing Lainnya",25.0,173.0,45.0,338.0,592.51,88.38,S1
371058.0,UNIVERSITAS JEMBER,SEJARAH,Prov. Jawa Timur,Kab Jember,UNEJ,Sejarah,Sejarah,25.0,198.0,50.0,226.0,541.71,85.84,S1
371059.0,UNIVERSITAS JEMBER,TELEVISI DAN FILM,Prov. Jawa Timur,Kab Jember,UNEJ,Ilmu atau Sains Komunikasi,"Sosiologi, Bahasa Indonesia, Antropologi",25.0,263.0,45.0,354.0,569.15,87.21,S1
371060.0,UNIVERSITAS JEMBER,PENDIDIKAN GURU PAUD,Prov. Jawa Timur,Kab Jember,UNEJ,Pendidikan PAUD,"Matematika, Bahasa Indonesia",35.0,190.0,70.0,222.0,544.48,85.97,S1
371061.0,UNIVERSITAS JEMBER,EKONOMI SYARIAH,Prov. Jawa Timur,Kab Jember,UNEJ,Ekonomi,"Ekonomi, Matematika",20.0,261.0,40.0,331.0,549.59,86.23,S1
371062.0,UNIVERSITAS JEMBER,PENDIDIKAN GEOGRAFI,Prov. Jawa Timur,Kab Jember,UNEJ,Pendidikan Geografi,Geografi,25.0,203.0,43.0,275.0,552.52,86.38,S1
371063.0,UNIVERSITAS JEMBER,EKONOMI SYARIAH KAMPUS BONDOWOSO,Prov. Jawa Timur,Kab Jember,UNEJ,Ekonomi,"Ekonomi, Matematika",10.0,60.0,22.0,91.0,545.96,86.05,S1
371064.0,UNIVERSITAS JEMBER,PENDIDIKAN GURU SD KAMPUS BONDOWOSO,Prov. Jawa Timur,Kab Jember,UNEJ,Pendidikan SD,"Matematika, Bahasa Indonesia",25.0,139.0,43.0,232.0,541.23,85.81,S1
371065.0,UNIVERSITAS JEMBER,ADMINISTRASI KEUANGAN,Prov. Jawa Timur,Kab Jember,UNEJ,Administrasi Bisnis,"Ekonomi, Matematika",20.0,0.0,35.0,0.0,0.0,0.0,D3
371066.0,UNIVERSITAS JEMBER,TEKNOLOGI REKAYASA KONSTRUKSI BANGUNAN GEDUNG,Prov. Jawa Timur,Kab Jember,UNEJ,Teknik atau rekayasa,"Fisika, Matematika Tingkat Lanjut, Matematika",12.0,0.0,20.0,0.0,0.0,0.0,D4
371067.0,UNIVERSITAS JEMBER,KEPERAWATAN - D3,Prov. Jawa Timur,Kab Jember,UNEJ,Keperawatan,"Biologi, Matematika",38.0,0.0,75.0,0.0,0.0,0.0,D3
371068.0,UNIVERSITAS JEMBER,AKUNTANSI - D3,Prov. Jawa Timur,Kab Jember,UNEJ,Ilmu atau Sains Akuntansi,"Ekonomi, Matematika",20.0,0.0,40.0,0.0,0.0,0.0,D3
371069.0,UNIVERSITAS JEMBER,PERPAJAKAN,Prov. Jawa Timur,Kab Jember,UNEJ,Ilmu atau Sains Akuntansi,"Ekonomi, Matematika",30.0,0.0,50.0,0.0,0.0,0.0,D3
371070.0,UNIVERSITAS JEMBER,REKAYASA PERANCANGAN MEKANIK,Prov. Jawa Timur,Kab Jember,UNEJ,Teknik atau rekayasa,"Fisika, Matematika Tingkat Lanjut, Matematika",12.0,0.0,20.0,0.0,0.0,0.0,D4
371071.0,UNIVERSITAS JEMBER,KEPERAWATAN KAMPUS KOTA PASURUAN,Prov. Jawa Timur,Kab Jember,UNEJ,Keperawatan,"Biologi, Matematika",25.0,0.0,50.0,0.0,0.0,0.0,D3
371072.0,UNIVERSITAS JEMBER,TEKNOLOGI REKAYASA ELEKTRONIKA,Prov. Jawa Timur,Kab Jember,UNEJ,Teknik atau rekayasa,"Fisika, Matematika Tingkat Lanjut, Matematika",18.0,0.0,30.0,0.0,0.0,0.0,D4
371073.0,UNIVERSITAS JEMBER,MANAJEMEN PERUSAHAAN,Prov. Jawa Timur,Kab Jember,UNEJ,Ilmu atau Sains Manajemen,"Ekonomi, Matematika",20.0,0.0,35.0,0.0,0.0,0.0,D3
371074.0,UNIVERSITAS JEMBER,KESEKRETARIATAN,Prov. Jawa Timur,Kab Jember,UNEJ,Administrasi Bisnis,"Ekonomi, Matematika",20.0,0.0,35.0,0.0,0.0,0.0,D3
371075.0,UNIVERSITAS JEMBER,USAHA PERJALANAN WISATA,Prov. Jawa Timur,Kab Jember,UNEJ,Pariwisata,"Ekonomi, Matematika",25.0,0.0,40.0,0.0,0.0,0.0,D3
372001.0,UNIVERSITAS BRAWIJAYA,MANAJEMEN SUMBERDAYA PERAIRAN,Prov. Jawa Timur,Kota Malang,UB,"Bioteknologi, Biokewirausaha an, Bioinformatika","Biologi, Matematika",63.0,241.0,63.0,333.0,613.44,89.42,S1
372002.0,UNIVERSITAS BRAWIJAYA,BUDIDAYA PERAIRAN,Prov. Jawa Timur,Kota Malang,UB,"Bioteknologi, Biokewirausaha an, Bioinformatika","Biologi, Matematika",63.0,150.0,63.0,304.0,607.9,89.15,S1
372003.0,UNIVERSITAS BRAWIJAYA,TEKNIK SIPIL,Prov. Jawa Timur,Kota Malang,UB,Teknik atau rekayasa,"Fisika, Matematika Tingkat Lanjut, Matematika",54.0,637.0,54.0,1254.0,636.32,90.57,S1
372004.0,UNIVERSITAS BRAWIJAYA,TEKNIK MESIN,Prov. Jawa Timur,Kota Malang,UB,Teknik atau rekayasa,"Fisika, Matematika Tingkat Lanjut, Matematika",63.0,415.0,63.0,737.0,629.3,90.22,S1
372005.0,UNIVERSITAS BRAWIJAYA,TEKNIK ELEKTRO,Prov. Jawa Timur,Kota Malang,UB,Teknik atau rekayasa,"Fisika, Matematika Tingkat Lanjut, Matematika",66.0,420.0,66.0,635.0,630.02,90.25,S1
372006.0,UNIVERSITAS BRAWIJAYA,ARSITEKTUR,Prov. Jawa Timur,Kota Malang,UB,Arsitektur,"Matematika, Fisika",54.0,664.0,54.0,1062.0,628.99,90.2,S1
372007.0,UNIVERSITAS BRAWIJAYA,TEKNIK PENGAIRAN,Prov. Jawa Timur,Kota Malang,UB,Teknik atau rekayasa,"Fisika, Matematika Tingkat Lanjut, Matematika",54.0,233.0,54.0,363.0,598.49,88.67,S1
372008.0,UNIVERSITAS BRAWIJAYA,KEDOKTERAN,Prov. Jawa Timur,Kota Malang,UB,Ilmu atau Sains Kedokteran,"Biologi, Kimia, Matematika",83.0,173.0,83.0,3321.0,680.56,92.78,S1
372009.0,UNIVERSITAS BRAWIJAYA,TEKNOLOGI PANGAN,Prov. Jawa Timur,Kota Malang,UB,"Teknologi Pangan, Teknologi Hasil Pertanian/ Peternakan/ Perikanan","Kimia, Biologi, Matematika",75.0,679.0,75.0,1067.0,607.71,89.14,S1
372010.0,UNIVERSITAS BRAWIJAYA,BIOLOGI,Prov. Jawa Timur,Kota Malang,UB,Biologi,"Biologi, Matematika",59.0,355.0,59.0,389.0,611.97,89.35,S1
372011.0,UNIVERSITAS BRAWIJAYA,FISIKA,Prov. Jawa Timur,Kota Malang,UB,Fisika,"Fisika, Matematika",33.0,100.0,33.0,104.0,612.77,89.39,S1
372012.0,UNIVERSITAS BRAWIJAYA,KIMIA,Prov. Jawa Timur,Kota Malang,UB,Kimia,"Kimia, Matematika",66.0,270.0,66.0,257.0,608.75,89.19,S1
372013.0,UNIVERSITAS BRAWIJAYA,MATEMATIKA,Prov. Jawa Timur,Kota Malang,UB,Matematika,"Matematika Tingkat Lanjut, Matematika",60.0,376.0,60.0,358.0,615.6,89.53,S1
372014.0,UNIVERSITAS BRAWIJAYA,PEMANFAATAN SUMBERDAYA PERIKANAN,Prov. Jawa Timur,Kota Malang,UB,Ilmu atau Sains Perikanan,"Biologi, Matematika",63.0,160.0,63.0,346.0,592.9,88.4,S1
372015.0,UNIVERSITAS BRAWIJAYA,TEKNOLOGI HASIL PERIKANAN,Prov. Jawa Timur,Kota Malang,UB,"Teknologi Pangan, Teknologi Hasil Pertanian/ Peternakan/ Perikanan","Kimia, Biologi, Matematika",63.0,193.0,63.0,264.0,584.21,87.96,S1
372016.0,UNIVERSITAS BRAWIJAYA,AGROBISNIS PERIKANAN,Prov. Jawa Timur,Kota Malang,UB,Ilmu atau Sains Perikanan,"Biologi, Matematika",63.0,175.0,63.0,216.0,576.86,87.59,S1
372017.0,UNIVERSITAS BRAWIJAYA,TEKNIK PERTANIAN DAN BIOSISTEM,Prov. Jawa Timur,Kota Malang,UB,Teknik atau rekayasa,"Fisika, Matematika Tingkat Lanjut, Matematika",50.0,237.0,50.0,393.0,572.51,87.38,S1
372018.0,UNIVERSITAS BRAWIJAYA,STATISTIK,Prov. Jawa Timur,Kota Malang,UB,Sains Data,"Matematika Tingkat Lanjut, Matematika",66.0,678.0,66.0,787.0,635.13,90.51,S1
372019.0,UNIVERSITAS BRAWIJAYA,PERENCANAAN WILAYAH DAN KOTA,Prov. Jawa Timur,Kota Malang,UB,Perencanaan Wilayah,"Ekonomi, Matematika",54.0,556.0,54.0,862.0,631.24,90.31,S1
372020.0,UNIVERSITAS BRAWIJAYA,TEKNIK INDUSTRI PERTANIAN,Prov. Jawa Timur,Kota Malang,UB,Teknik atau rekayasa,"Fisika, Matematika Tingkat Lanjut, Matematika",105.0,402.0,105.0,621.0,612.63,89.38,S1
372021.0,UNIVERSITAS BRAWIJAYA,KEPERAWATAN,Prov. Jawa Timur,Kota Malang,UB,Keperawatan,"Biologi, Matematika",66.0,1304.0,66.0,1254.0,634.03,90.45,S1
372023.0,UNIVERSITAS BRAWIJAYA,ILMU GIZI,Prov. Jawa Timur,Kota Malang,UB,Ilmu atau Sains Gizi,"Biologi, Kimia, Matematika",54.0,853.0,54.0,1267.0,617.95,89.65,S1
372024.0,UNIVERSITAS BRAWIJAYA,TEKNIK INDUSTRI,Prov. Jawa Timur,Kota Malang,UB,Teknik atau rekayasa,"Fisika, Matematika Tingkat Lanjut, Matematika",66.0,812.0,66.0,1331.0,640.23,90.76,S1
372025.0,UNIVERSITAS BRAWIJAYA,TEKNIK INFORMATIKA,Prov. Jawa Timur,Kota Malang,UB,Ilmu atau Sains Informasi,"Matematika Tingkat Lanjut, Matematika",80.0,1265.0,80.0,2125.0,645.77,91.04,S1
372026.0,UNIVERSITAS BRAWIJAYA,AGROEKOTEKNOLOGI,Prov. Jawa Timur,Kota Malang,UB,Ilmu dan Sains Pertanian,"Biologi, Matematika",269.0,740.0,269.0,953.0,544.43,85.97,S1
372027.0,UNIVERSITAS BRAWIJAYA,AGROBISNIS,Prov. Jawa Timur,Kota Malang,UB,Ilmu dan Sains Pertanian,"Biologi, Matematika",156.0,985.0,156.0,121.0,550.09,86.25,S1
372028.0,UNIVERSITAS BRAWIJAYA,PETERNAKAN,Prov. Jawa Timur,Kota Malang,UB,Peternakan,"Biologi, Matematika",245.0,564.0,245.0,955.0,543.53,85.93,S1
372029.0,UNIVERSITAS BRAWIJAYA,KEDOKTERAN HEWAN,Prov. Jawa Timur,Kota Malang,UB,Ilmu atau Sains Veteriner,"Biologi, Kimia, Matematika",72.0,490.0,72.0,967.0,613.16,89.41,S1
372030.0,UNIVERSITAS BRAWIJAYA,KEDOKTERAN GIGI,Prov. Jawa Timur,Kota Malang,UB,Ilmu atau Sains Kedokteran Gigi,"Biologi, Kimia, Matematika",50.0,797.0,50.0,1251.0,681.19,92.81,S1
372031.0,UNIVERSITAS BRAWIJAYA,ILMU KELAUTAN,Prov. Jawa Timur,Kota Malang,UB,Ilmu atau Sains Kelautan,"Biologi, Matematika, Geografi",63.0,264.0,63.0,318.0,542.13,85.86,S1
372032.0,UNIVERSITAS BRAWIJAYA,KEBIDANAN,Prov. Jawa Timur,Kota Malang,UB,Kebidanan,"Biologi, Matematika",45.0,682.0,45.0,774.0,613.39,89.42,S1
372033.0,UNIVERSITAS BRAWIJAYA,FARMASI,Prov. Jawa Timur,Kota Malang,UB,Ilmu Farmasi,"Biologi, Kimia, Matematika",45.0,1147.0,45.0,1656.0,690.96,93.3,S1
372035.0,UNIVERSITAS BRAWIJAYA,TEKNIK KOMPUTER,Prov. Jawa Timur,Kota Malang,UB,Komputer,"Matematika Tingkat Lanjut, Matematika",54.0,391.0,54.0,762.0,627.47,90.12,S1
372036.0,UNIVERSITAS BRAWIJAYA,SISTEM INFORMASI,Prov. Jawa Timur,Kota Malang,UB,Ilmu atau Sains Informasi,"Matematika Tingkat Lanjut, Matematika",69.0,890.0,69.0,1348.0,617.18,89.61,S1
372037.0,UNIVERSITAS BRAWIJAYA,TEKNIK KIMIA,Prov. Jawa Timur,Kota Malang,UB,Teknik atau rekayasa,"Fisika, Matematika Tingkat Lanjut, Matematika",44.0,429.0,44.0,507.0,645.69,91.03,S1
372038.0,UNIVERSITAS BRAWIJAYA,INSTRUMENTASI,Prov. Jawa Timur,Kota Malang,UB,Teknik atau rekayasa,"Fisika, Matematika Tingkat Lanjut, Matematika",33.0,111.0,33.0,85.0,621.58,89.83,S1
372039.0,UNIVERSITAS BRAWIJAYA,TEKNIK GEOFISIKA,Prov. Jawa Timur,Kota Malang,UB,Teknik atau rekayasa,"Fisika, Matematika Tingkat Lanjut, Matematika",33.0,229.0,33.0,227.0,623.32,89.92,S1
372040.0,UNIVERSITAS BRAWIJAYA,BIOTEKNOLOGI,Prov. Jawa Timur,Kota Malang,UB,"Bioteknologi, Biokewirausaha an, Bioinformatika","Biologi, Matematika",54.0,503.0,54.0,731.0,573.31,87.42,S1
372042.0,UNIVERSITAS BRAWIJAYA,TEKNOLOGI BIOPROSES,Prov. Jawa Timur,Kota Malang,UB,"Bioteknologi, Biokewirausaha an, Bioinformatika","Biologi, Matematika",38.0,114.0,38.0,117.0,573.64,87.43,S1
372043.0,UNIVERSITAS BRAWIJAYA,TEKNIK LINGKUNGAN,Prov. Jawa Timur,Kota Malang,UB,Ilmu atau Sains Lingkungan,"Biologi, Matematika",60.0,393.0,60.0,493.0,606.86,89.09,S1
372046.0,UNIVERSITAS BRAWIJAYA,PENDIDIKAN TEKNOLOGI INFORMASI,Prov. Jawa Timur,Kota Malang,UB,Pendidikan Informatika,"Matematika Tingkat Lanjut, Matematika",41.0,214.0,41.0,226.0,576.53,87.58,S1
372047.0,UNIVERSITAS BRAWIJAYA,TEKNOLOGI INFORMASI - S1,Prov. Jawa Timur,Kota Malang,UB,Ilmu atau Sains Informasi,"Matematika Tingkat Lanjut, Matematika",54.0,576.0,54.0,738.0,624.64,89.98,S1
372048.0,UNIVERSITAS BRAWIJAYA,AGROEKOTEKNOLOGI PSDKU KEDIRI,Prov. Jawa Timur,Kota Malang,UB,Ilmu dan Sains Pertanian,"Biologi, Matematika",42.0,165.0,42.0,209.0,531.6,85.33,S1
372049.0,UNIVERSITAS BRAWIJAYA,AGROBISNIS PSDKU KEDIRI,Prov. Jawa Timur,Kota Malang,UB,Ilmu dan Sains Pertanian,"Biologi, Matematika",42.0,272.0,42.0,261.0,540.46,85.77,S1
372050.0,UNIVERSITAS BRAWIJAYA,PETERNAKAN PSDKU KEDIRI,Prov. Jawa Timur,Kota Malang,UB,Peternakan,"Biologi, Matematika",42.0,123.0,42.0,201.0,525.93,85.05,S1
372051.0,UNIVERSITAS BRAWIJAYA,AKUAKULTUR PSDKU KEDIRI,Prov. Jawa Timur,Kota Malang,UB,Ilmu atau Sains Perikanan,"Biologi, Matematika",42.0,88.0,42.0,79.0,525.62,85.03,S1
372052.0,UNIVERSITAS BRAWIJAYA,SOSIAL EKONOMI PERIKANAN PSDKU KEDIRI,Prov. Jawa Timur,Kota Malang,UB,Ilmu atau Sains Perikanan,"Biologi, Matematika",42.0,61.0,42.0,141.0,533.99,85.45,S1
372053.0,UNIVERSITAS BRAWIJAYA,KEHUTANAN,Prov. Jawa Timur,Kota Malang,UB,Kehutanan,"Biologi, Matematika",30.0,230.0,30.0,386.0,580.23,87.76,S1
372054.0,UNIVERSITAS BRAWIJAYA,AKTUARIA,Prov. Jawa Timur,Kota Malang,UB,Sains Data,"Matematika Tingkat Lanjut, Matematika",30.0,399.0,30.0,512.0,609.87,89.24,S1
372055.0,UNIVERSITAS BRAWIJAYA,DESAIN GRAFIS,Prov. Jawa Timur,Kota Malang,UB,Desain,"Seni Budaya, Matematika",72.0,87.0,72.0,196.0,567.87,87.14,D4
372056.0,UNIVERSITAS BRAWIJAYA,HUKUM,Prov. Jawa Timur,Kota Malang,UB,Hukum,"Sosiologi, Pendidikan Pancasila",182.0,1586.0,182.0,2814.0,629.91,90.25,S1
372057.0,UNIVERSITAS BRAWIJAYA,EKONOMI PEMBANGUNAN,Prov. Jawa Timur,Kota Malang,UB,Ekonomi,"Ekonomi, Matematika",51.0,438.0,51.0,522.0,637.05,90.6,S1
372058.0,UNIVERSITAS BRAWIJAYA,ADMINISTRASI PUBLIK,Prov. Jawa Timur,Kota Malang,UB,Administrasi Bisnis,"Ekonomi, Matematika",123.0,817.0,123.0,1243.0,632.4,90.37,S1
372059.0,UNIVERSITAS BRAWIJAYA,ADMINISTRASI BISNIS - S1,Prov. Jawa Timur,Kota Malang,UB,Administrasi Bisnis,"Ekonomi, Matematika",140.0,1125.0,140.0,1838.0,628.4,90.17,S1
372060.0,UNIVERSITAS BRAWIJAYA,MANAJEMEN,Prov. Jawa Timur,Kota Malang,UB,Ilmu atau Sains Manajemen,"Ekonomi, Matematika",111.0,1529.0,111.0,243.0,656.12,91.56,S1
372061.0,UNIVERSITAS BRAWIJAYA,AKUNTANSI,Prov. Jawa Timur,Kota Malang,UB,Ilmu atau Sains Akuntansi,"Ekonomi, Matematika",129.0,893.0,129.0,1502.0,672.04,92.35,S1
372062.0,UNIVERSITAS BRAWIJAYA,SOSIOLOGI,Prov. Jawa Timur,Kota Malang,UB,Studi Humanitas,"Sosiologi, Pendidikan Pancasila, Antropologi",56.0,457.0,56.0,548.0,629.62,90.23,S1
372063.0,UNIVERSITAS BRAWIJAYA,ILMU KOMUNIKASI,Prov. Jawa Timur,Kota Malang,UB,Ilmu atau Sains Komunikasi,"Sosiologi, Bahasa Indonesia, Antropologi",89.0,928.0,89.0,2538.0,646.5,91.08,S1
372064.0,UNIVERSITAS BRAWIJAYA,PSIKOLOGI,Prov. Jawa Timur,Kota Malang,UB,Psikologi,"Sosiologi, Matematika",92.0,1105.0,92.0,2502.0,645.93,91.05,S1
372065.0,UNIVERSITAS BRAWIJAYA,HUBUNGAN INTERNASIONAL,Prov. Jawa Timur,Kota Malang,UB,Ilmu atau Sains Komunikasi,"Sosiologi, Bahasa Indonesia, Antropologi",77.0,654.0,77.0,1222.0,652.92,91.4,S1
372066.0,UNIVERSITAS BRAWIJAYA,SASTRA INGGRIS,Prov. Jawa Timur,Kota Malang,UB,Susastra atau Sastra,"Bahasa Indonesia, Bahasa Inggris, Bahasa Asing Lainnya",75.0,552.0,75.0,802.0,616.19,89.56,S1
372067.0,UNIVERSITAS BRAWIJAYA,SASTRA JEPANG,Prov. Jawa Timur,Kota Malang,UB,Susastra atau Sastra,"Bahasa Indonesia, Bahasa Inggris, Bahasa Asing Lainnya",48.0,290.0,48.0,547.0,613.19,89.41,S1
372068.0,UNIVERSITAS BRAWIJAYA,BAHASA DAN SASTRA PRANCIS,Prov. Jawa Timur,Kota Malang,UB,Susastra atau Sastra,"Bahasa Indonesia, Bahasa Inggris, Bahasa Asing Lainnya",30.0,93.0,30.0,185.0,572.9,87.4,S1
372069.0,UNIVERSITAS BRAWIJAYA,ILMU POLITIK,Prov. Jawa Timur,Kota Malang,UB,Sosial,"Sosiologi, Sejarah, Antropologi",56.0,353.0,56.0,556.0,635.96,90.55,S1
372070.0,UNIVERSITAS BRAWIJAYA,ILMU PEMERINTAHAN,Prov. Jawa Timur,Kota Malang,UB,Urusan Publik,"Sosiologi, Pendidikan Pancasila",54.0,396.0,54.0,859.0,618.92,89.7,S1
372072.0,UNIVERSITAS BRAWIJAYA,PERPAJAKAN,Prov. Jawa Timur,Kota Malang,UB,Ilmu atau Sains Akuntansi,"Ekonomi, Matematika",83.0,797.0,83.0,1055.0,609.91,89.25,S1
372075.0,UNIVERSITAS BRAWIJAYA,EKONOMI ISLAM,Prov. Jawa Timur,Kota Malang,UB,Ekonomi,"Ekonomi, Matematika",47.0,294.0,47.0,377.0,603.31,88.92,S1
372076.0,UNIVERSITAS BRAWIJAYA,"EKONOMI, KEUANGAN DAN PERBANKAN",Prov. Jawa Timur,Kota Malang,UB,Ekonomi,"Ekonomi, Matematika",71.0,547.0,71.0,1137.0,599.14,88.71,S1
372077.0,UNIVERSITAS BRAWIJAYA,PERPUSTAKAAN,Prov. Jawa Timur,Kota Malang,UB,Ilmu atau Sains Komunikasi,"Sosiologi, Bahasa Indonesia, Antropologi",33.0,274.0,33.0,433.0,574.0,87.45,S1
372078.0,UNIVERSITAS BRAWIJAYA,PARIWISATA,Prov. Jawa Timur,Kota Malang,UB,Pariwisata,"Ekonomi, Matematika",50.0,594.0,50.0,809.0,580.65,87.78,S1
372080.0,UNIVERSITAS BRAWIJAYA,PENDIDIKAN BAHASA INGGRIS,Prov. Jawa Timur,Kota Malang,UB,Pendidikan Bahasa Inggris,Bahasa Inggris,57.0,294.0,57.0,438.0,601.52,88.83,S1
372081.0,UNIVERSITAS BRAWIJAYA,PENDIDIKAN BAHASA JEPANG,Prov. Jawa Timur,Kota Malang,UB,Pendidikan Bahsa Jepang,"Bahasa Indonesia, Bahasa Jepang",27.0,121.0,27.0,183.0,601.88,88.84,S1
372082.0,UNIVERSITAS BRAWIJAYA,PENDIDIKAN BAHASA DAN SASTRA INDONESIA,Prov. Jawa Timur,Kota Malang,UB,Pendidikan Bahasa Indonesia,Bahasa Indonesia,38.0,250.0,38.0,315.0,593.89,88.44,S1
372085.0,UNIVERSITAS BRAWIJAYA,ADMINISTRASI PENDIDIKAN,Prov. Jawa Timur,Kota Malang,UB,Manajemen Pendidikan,"Ekonomi, Sosiologi",33.0,254.0,33.0,318.0,562.3,86.87,S1
372086.0,UNIVERSITAS BRAWIJAYA,SENI RUPA MURNI,Prov. Jawa Timur,Kota Malang,UB,Seni,Seni Budaya,23.0,40.0,23.0,75.0,554.39,86.47,S1
372087.0,UNIVERSITAS BRAWIJAYA,SASTRA CINA,Prov. Jawa Timur,Kota Malang,UB,Susastra atau Sastra,"Bahasa Indonesia, Bahasa Inggris, Bahasa Asing Lainnya",33.0,147.0,33.0,279.0,559.14,86.71,S1
372088.0,UNIVERSITAS BRAWIJAYA,ANTROPOLOGI,Prov. Jawa Timur,Kota Malang,UB,Studi Humanitas,"Sosiologi, Pendidikan Pancasila, Antropologi",30.0,216.0,30.0,307.0,585.97,88.05,S1
372089.0,UNIVERSITAS BRAWIJAYA,KEWIRAUSAHAAN,Prov. Jawa Timur,Kota Malang,UB,Bisnis,"Ekonomi, Matematika",30.0,457.0,30.0,746.0,553.19,86.41,S1
372090.0,UNIVERSITAS BRAWIJAYA,MANAJEMEN PERHOTELAN,Prov. Jawa Timur,Kota Malang,UB,Ilmu atau Sains Manajemen,"Ekonomi, Matematika",60.0,231.0,60.0,277.0,579.18,87.71,D4
372091.0,UNIVERSITAS BRAWIJAYA,KEUANGAN DAN PERBANKAN,Prov. Jawa Timur,Kota Malang,UB,Ilmu atau Sains Akuntansi,"Ekonomi, Matematika",81.0,0.0,81.0,0.0,0.0,0.0,D3
372092.0,UNIVERSITAS BRAWIJAYA,ADMINISTRASI BISNIS - D3,Prov. Jawa Timur,Kota Malang,UB,Administrasi Bisnis,"Ekonomi, Matematika",90.0,0.0,90.0,0.0,0.0,0.0,D3
372093.0,UNIVERSITAS BRAWIJAYA,TEKNOLOGI INFORMASI - D3,Prov. Jawa Timur,Kota Malang,UB,Ilmu atau Sains Informasi,"Matematika Tingkat Lanjut, Matematika",90.0,0.0,90.0,0.0,0.0,0.0,D3
372094.0,UNIVERSITAS BRAWIJAYA,SAINS DATA,Prov. Jawa Timur,Kota Malang,UB,Sains Data,"Matematika Tingkat Lanjut, Matematika",18.0,0.0,18.0,0.0,0.0,0.0,S1
373001.0,UNIVERSITAS NEGERI MALANG,PENDIDIKAN MATEMATIKA,Prov. Jawa Timur,Kota Malang,UM,Pendidikan Matematika,"Matematika, Matematika Tingkat Lanjut",48.0,608.0,57.0,595.0,574.04,87.45,S1
373002.0,UNIVERSITAS NEGERI MALANG,PENDIDIKAN FISIKA,Prov. Jawa Timur,Kota Malang,UM,Pendidikan Fisika,Fisika,35.0,212.0,42.0,170.0,571.61,87.33,S1
373003.0,UNIVERSITAS NEGERI MALANG,PENDIDIKAN KIMIA,Prov. Jawa Timur,Kota Malang,UM,Pendidikan Kimia,Kimia,35.0,236.0,42.0,204.0,564.76,86.99,S1
373004.0,UNIVERSITAS NEGERI MALANG,PENDIDIKAN BIOLOGI,Prov. Jawa Timur,Kota Malang,UM,Pendidikan Biologi,Biologi,28.0,415.0,33.0,460.0,564.11,86.96,S1
373005.0,UNIVERSITAS NEGERI MALANG,PENDIDIKAN TEKNIK MESIN,Prov. Jawa Timur,Kota Malang,UM,Pendidikan Teknik,"Fisika, Matematika Tingkat Lanjut, Matematika",30.0,124.0,36.0,122.0,577.45,87.62,S1
373006.0,UNIVERSITAS NEGERI MALANG,PENDIDIKAN TEKNIK BANGUNAN,Prov. Jawa Timur,Kota Malang,UM,Pendidikan Teknik,"Fisika, Matematika Tingkat Lanjut, Matematika",30.0,137.0,36.0,128.0,571.47,87.32,S1
373007.0,UNIVERSITAS NEGERI MALANG,PENDIDIKAN TEKNIK INFORMATIKA,Prov. Jawa Timur,Kota Malang,UM,Pendidikan Informatika,"Matematika Tingkat Lanjut, Matematika",20.0,291.0,24.0,360.0,573.37,87.42,S1
373008.0,UNIVERSITAS NEGERI MALANG,PENDIDIKAN TEKNIK OTOMOTIF,Prov. Jawa Timur,Kota Malang,UM,Pendidikan Teknik,"Fisika, Matematika Tingkat Lanjut, Matematika",23.0,177.0,27.0,134.0,579.51,87.73,S1
373009.0,UNIVERSITAS NEGERI MALANG,ILMU KEOLAHRAGAAN,Prov. Jawa Timur,Kota Malang,UM,Ilmu atau Sains Keolahragaan,"PJOK, Biologi",30.0,81.0,36.0,142.0,555.7,86.54,S1
373010.0,UNIVERSITAS NEGERI MALANG,MATEMATIKA,Prov. Jawa Timur,Kota Malang,UM,Matematika,"Matematika Tingkat Lanjut, Matematika",38.0,340.0,45.0,387.0,579.5,87.73,S1
373011.0,UNIVERSITAS NEGERI MALANG,FISIKA,Prov. Jawa Timur,Kota Malang,UM,Fisika,"Fisika, Matematika",35.0,161.0,42.0,105.0,562.04,86.85,S1
373012.0,UNIVERSITAS NEGERI MALANG,KIMIA,Prov. Jawa Timur,Kota Malang,UM,Kimia,"Kimia, Matematika",35.0,200.0,42.0,263.0,566.13,87.06,S1
373013.0,UNIVERSITAS NEGERI MALANG,BIOLOGI,Prov. Jawa Timur,Kota Malang,UM,Biologi,"Biologi, Matematika",28.0,352.0,33.0,417.0,563.5,86.93,S1
373014.0,UNIVERSITAS NEGERI MALANG,PENDIDIKAN TEKNIK ELEKTRO,Prov. Jawa Timur,Kota Malang,UM,Pendidikan Teknik,"Fisika, Matematika Tingkat Lanjut, Matematika",20.0,95.0,28.0,110.0,578.35,87.67,S1
373015.0,UNIVERSITAS NEGERI MALANG,TEKNIK SIPIL,Prov. Jawa Timur,Kota Malang,UM,Teknik atau rekayasa,"Fisika, Matematika Tingkat Lanjut, Matematika",30.0,746.0,36.0,816.0,629.08,90.2,S1
373016.0,UNIVERSITAS NEGERI MALANG,PENDIDIKAN IPA,Prov. Jawa Timur,Kota Malang,UM,Pendidikan IPA,"Matematika, Biologi",30.0,373.0,36.0,361.0,563.38,86.92,S1
373017.0,UNIVERSITAS NEGERI MALANG,KESEHATAN MASYARAKAT,Prov. Jawa Timur,Kota Malang,UM,Kesehatan Masyarakat,"Biologi, Matematika, Sosiologi",60.0,1241.0,72.0,1387.0,574.89,87.49,S1
373018.0,UNIVERSITAS NEGERI MALANG,TEKNIK MESIN,Prov. Jawa Timur,Kota Malang,UM,Teknik atau rekayasa,"Fisika, Matematika Tingkat Lanjut, Matematika",23.0,392.0,27.0,477.0,612.61,89.38,S1
373019.0,UNIVERSITAS NEGERI MALANG,TEKNIK ELEKTRO,Prov. Jawa Timur,Kota Malang,UM,Teknik atau rekayasa,"Fisika, Matematika Tingkat Lanjut, Matematika",20.0,285.0,24.0,360.0,628.22,90.16,S1
373020.0,UNIVERSITAS NEGERI MALANG,TEKNIK INFORMATIKA,Prov. Jawa Timur,Kota Malang,UM,Ilmu atau Sains Informasi,"Matematika Tingkat Lanjut, Matematika",20.0,978.0,24.0,1279.0,629.92,90.25,S1
373021.0,UNIVERSITAS NEGERI MALANG,TEKNIK INDUSTRI,Prov. Jawa Timur,Kota Malang,UM,Teknik atau rekayasa,"Fisika, Matematika Tingkat Lanjut, Matematika",20.0,495.0,24.0,693.0,625.36,90.02,S1
373022.0,UNIVERSITAS NEGERI MALANG,BIOTEKNOLOGI,Prov. Jawa Timur,Kota Malang,UM,"Bioteknologi, Biokewirausaha an, Bioinformatika","Biologi, Matematika",17.0,316.0,21.0,369.0,540.32,85.77,S1
373023.0,UNIVERSITAS NEGERI MALANG,TEKNOLOGI REKAYASA MANUFAKTUR,Prov. Jawa Timur,Kota Malang,UM,Teknik atau rekayasa,"Fisika, Matematika Tingkat Lanjut, Matematika",15.0,0.0,21.0,36.0,509.82,84.24,D4
373024.0,UNIVERSITAS NEGERI MALANG,TEKNOLOGI REKAYASA OTOMOTIF,Prov. Jawa Timur,Kota Malang,UM,Teknik atau rekayasa,"Fisika, Matematika Tingkat Lanjut, Matematika",15.0,0.0,21.0,55.0,513.65,84.43,D4
373025.0,UNIVERSITAS NEGERI MALANG,TEKNOLOGI REKAYASA DAN PEMELIHARAAN BANGUNAN SIPIL,Prov. Jawa Timur,Kota Malang,UM,Teknik atau rekayasa,"Fisika, Matematika Tingkat Lanjut, Matematika",20.0,0.0,24.0,104.0,516.7,84.59,D4
373026.0,UNIVERSITAS NEGERI MALANG,TEKNOLOGI REKAYASA PEMBANGKIT ENERGI,Prov. Jawa Timur,Kota Malang,UM,Teknik atau rekayasa,"Fisika, Matematika Tingkat Lanjut, Matematika",20.0,0.0,24.0,44.0,519.98,84.75,D4
373027.0,UNIVERSITAS NEGERI MALANG,TEKNOLOGI REKAYASA SISTEM ELEKTRONIKA,Prov. Jawa Timur,Kota Malang,UM,Teknik atau rekayasa,"Fisika, Matematika Tingkat Lanjut, Matematika",20.0,0.0,24.0,47.0,523.63,84.93,D4
373028.0,UNIVERSITAS NEGERI MALANG,PENDIDIKAN BIMBINGAN DAN KONSELING,Prov. Jawa Timur,Kota Malang,UM,Psikologi,"Sosiologi, Matematika",40.0,828.0,48.0,807.0,521.42,84.82,S1
373029.0,UNIVERSITAS NEGERI MALANG,PENDIDIKAN JASMANI KESEHATAN DAN REKREASI,Prov. Jawa Timur,Kota Malang,UM,Pendidikan Jasmani Kesehatan,"Pendidikan Jasmani, Biologi",60.0,242.0,72.0,455.0,522.4,84.87,S1
373030.0,UNIVERSITAS NEGERI MALANG,TEKNOLOGI PENDIDIKAN,Prov. Jawa Timur,Kota Malang,UM,Pendidikan Informatika,"Matematika Tingkat Lanjut, Matematika",35.0,263.0,42.0,352.0,523.75,84.94,S1
373031.0,UNIVERSITAS NEGERI MALANG,PENDIDIKAN LUAR SEKOLAH,Prov. Jawa Timur,Kota Malang,UM,Pendidikan Luar Sekolah,"Bahasa Indonesia, Matematika",40.0,154.0,56.0,180.0,510.12,84.26,S1
373032.0,UNIVERSITAS NEGERI MALANG,ADMINISTRASI PENDIDIKAN,Prov. Jawa Timur,Kota Malang,UM,Manajemen Pendidikan,"Ekonomi, Sosiologi",40.0,435.0,48.0,600.0,516.84,84.59,S1
373033.0,UNIVERSITAS NEGERI MALANG,PENDIDIKAN GURU SD,Prov. Jawa Timur,Kota Malang,UM,Pendidikan SD,"Matematika, Bahasa Indonesia",90.0,1451.0,108.0,1452.0,541.89,85.84,S1
373034.0,UNIVERSITAS NEGERI MALANG,PENDIDIKAN GURU PAUD,Prov. Jawa Timur,Kota Malang,UM,Pendidikan PAUD,"Matematika, Bahasa Indonesia",30.0,281.0,42.0,288.0,540.73,85.79,S1
373035.0,UNIVERSITAS NEGERI MALANG,PENDIDIKAN PANCASILA DAN KEWARGANEGARAAN,Prov. Jawa Timur,Kota Malang,UM,Pendidikan Pancasila,Pendidikan Pancasila,40.0,339.0,48.0,418.0,545.91,86.05,S1
373036.0,UNIVERSITAS NEGERI MALANG,"PENDIDIKAN BAHASA, SASTRA INDONESIA DAN DAERAH",Prov. Jawa Timur,Kota Malang,UM,Pendidikan Bahasa Indonesia,Bahasa Indonesia,35.0,467.0,42.0,470.0,556.68,86.58,S1
373037.0,UNIVERSITAS NEGERI MALANG,PENDIDIKAN BAHASA INGGRIS,Prov. Jawa Timur,Kota Malang,UM,Pendidikan Bahasa Inggris,Bahasa Inggris,30.0,425.0,36.0,568.0,600.17,88.76,S1
373038.0,UNIVERSITAS NEGERI MALANG,PENDIDIKAN BAHASA ARAB,Prov. Jawa Timur,Kota Malang,UM,Pendidikan Bahasa Arab,"Bahasa Indonesia, Bahasa Arab",30.0,331.0,42.0,394.0,539.6,85.73,S1
373039.0,UNIVERSITAS NEGERI MALANG,PENDIDIKAN SENI RUPA,Prov. Jawa Timur,Kota Malang,UM,Pendidikan Seni,Seni Budaya,30.0,136.0,36.0,171.0,528.92,85.2,S1
373040.0,UNIVERSITAS NEGERI MALANG,PENDIDIKAN BAHASA JERMAN,Prov. Jawa Timur,Kota Malang,UM,Pendidikan Bahasa Jerman,"Bahasa Indoneisa, Bahasa Jerman",20.0,65.0,24.0,126.0,533.93,85.45,S1
373041.0,UNIVERSITAS NEGERI MALANG,PENDIDIKAN SENI TARI DAN MUSIK,Prov. Jawa Timur,Kota Malang,UM,Pendidikan Seni,Seni Budaya,30.0,80.0,36.0,101.0,532.25,85.36,S1
373042.0,UNIVERSITAS NEGERI MALANG,PENDIDIKAN SEJARAH,Prov. Jawa Timur,Kota Malang,UM,Pendidikan Sejarah,Sejarah,40.0,347.0,56.0,421.0,542.23,85.86,S1
373043.0,UNIVERSITAS NEGERI MALANG,PENDIDIKAN EKONOMI,Prov. Jawa Timur,Kota Malang,UM,Pendidikan Ekonomi,Ekonomi,35.0,341.0,42.0,357.0,544.03,85.95,S1
373044.0,UNIVERSITAS NEGERI MALANG,PENDIDIKAN TATA NIAGA,Prov. Jawa Timur,Kota Malang,UM,Pendidikan Ekonomi,Ekonomi,22.0,161.0,27.0,169.0,548.23,86.16,S1
373045.0,UNIVERSITAS NEGERI MALANG,PENDIDIKAN ADMINISTRASI PERKANTORAN,Prov. Jawa Timur,Kota Malang,UM,Pendidikan Ekonomi,Ekonomi,30.0,691.0,36.0,734.0,549.9,86.25,S1
373046.0,UNIVERSITAS NEGERI MALANG,PENDIDIKAN AKUNTANSI,Prov. Jawa Timur,Kota Malang,UM,Pendidikan Ekonomi,Ekonomi,25.0,253.0,30.0,192.0,554.24,86.46,S1
373047.0,UNIVERSITAS NEGERI MALANG,PENDIDIKAN TATA BOGA,Prov. Jawa Timur,Kota Malang,UM,Pendidikan Tataboga,"Biologi, Kimia",20.0,453.0,24.0,515.0,534.22,85.46,S1
373048.0,UNIVERSITAS NEGERI MALANG,PENDIDIKAN TATA BUSANA,Prov. Jawa Timur,Kota Malang,UM,Pendidikan Seni,Seni Budaya,20.0,410.0,24.0,535.0,531.29,85.31,S1
373049.0,UNIVERSITAS NEGERI MALANG,PSIKOLOGI,Prov. Jawa Timur,Kota Malang,UM,Psikologi,"Sosiologi, Matematika",80.0,1633.0,96.0,261.0,629.64,90.23,S1
373050.0,UNIVERSITAS NEGERI MALANG,BAHASA DAN SASTRA INDONESIA,Prov. Jawa Timur,Kota Malang,UM,Susastra atau Sastra,"Bahasa Indonesia, Bahasa Inggris, Bahasa Asing Lainnya",25.0,358.0,30.0,471.0,614.92,89.5,S1
373051.0,UNIVERSITAS NEGERI MALANG,BAHASA DAN SASTRA INGGRIS,Prov. Jawa Timur,Kota Malang,UM,Susastra atau Sastra,"Bahasa Indonesia, Bahasa Inggris, Bahasa Asing Lainnya",23.0,461.0,27.0,816.0,632.19,90.36,S1
373052.0,UNIVERSITAS NEGERI MALANG,SEJARAH,Prov. Jawa Timur,Kota Malang,UM,Sejarah,Sejarah,10.0,123.0,12.0,249.0,520.88,84.79,S1
373053.0,UNIVERSITAS NEGERI MALANG,DESAIN KOMUNIKASI VISUAL (DKV),Prov. Jawa Timur,Kota Malang,UM,Desain,"Seni Budaya, Matematika",40.0,479.0,48.0,799.0,613.07,89.4,S1
373054.0,UNIVERSITAS NEGERI MALANG,AKUNTANSI - S1,Prov. Jawa Timur,Kota Malang,UM,Ilmu atau Sains Akuntansi,"Ekonomi, Matematika",58.0,974.0,69.0,1073.0,629.34,90.22,S1
373055.0,UNIVERSITAS NEGERI MALANG,EKONOMI DAN STUDI PEMBANGUNAN,Prov. Jawa Timur,Kota Malang,UM,Ekonomi,"Ekonomi, Matematika",35.0,592.0,42.0,809.0,631.75,90.34,S1
373056.0,UNIVERSITAS NEGERI MALANG,MANAJEMEN,Prov. Jawa Timur,Kota Malang,UM,Ilmu atau Sains Manajemen,"Ekonomi, Matematika",70.0,2041.0,84.0,2487.0,634.22,90.46,S1
373057.0,UNIVERSITAS NEGERI MALANG,PENDIDIKAN LUAR BIASA,Prov. Jawa Timur,Kota Malang,UM,Pendidikan Luar Sekolah,"Bahasa Indonesia, Matematika",30.0,176.0,42.0,219.0,543.13,85.91,S1
373058.0,UNIVERSITAS NEGERI MALANG,PENDIDIKAN GEOGRAFI,Prov. Jawa Timur,Kota Malang,UM,Pendidikan Geografi,Geografi,40.0,306.0,48.0,286.0,542.49,85.87,S1
373059.0,UNIVERSITAS NEGERI MALANG,PENDIDIKAN BAHASA MANDARIN,Prov. Jawa Timur,Kota Malang,UM,Pendidikan Bahasa Mandarin,"Bahasa Mandarin, Bahasa Indonesia",20.0,76.0,24.0,113.0,551.5,86.33,S1
373060.0,UNIVERSITAS NEGERI MALANG,PENDIDIKAN IPS,Prov. Jawa Timur,Kota Malang,UM,Pendidikan IPS,"Ekonomi, Sosiologi, Geografi",20.0,247.0,24.0,327.0,540.81,85.79,S1
373061.0,UNIVERSITAS NEGERI MALANG,PENDIDIKAN KEPELATIHAN OLAHRAGA,Prov. Jawa Timur,Kota Malang,UM,Pendidikan Jasmani Kesehatan,"Pendidikan Jasmani, Biologi",40.0,126.0,48.0,260.0,549.64,86.23,S1
373062.0,UNIVERSITAS NEGERI MALANG,GEOGRAFI,Prov. Jawa Timur,Kota Malang,UM,"Geografi, Geografi Lingkungan, Sains Informasi Geografi","Geografi, Matematika, Fisika",30.0,271.0,36.0,382.0,607.64,89.13,S1
373063.0,UNIVERSITAS NEGERI MALANG,PENDIDIKAN SOSIOLOGI,Prov. Jawa Timur,Kota Malang,UM,Pendidikan Sosiologi,Sosiologi,30.0,498.0,36.0,533.0,536.56,85.58,S1
373064.0,UNIVERSITAS NEGERI MALANG,PERPUSTAKAAN,Prov. Jawa Timur,Kota Malang,UM,Ilmu atau Sains Komunikasi,"Sosiologi, Bahasa Indonesia, Antropologi",25.0,285.0,30.0,494.0,531.82,85.34,S1
373065.0,UNIVERSITAS NEGERI MALANG,PERPUSTAKAAN DIGITAL,Prov. Jawa Timur,Kota Malang,UM,Ilmu atau Sains Komunikasi,"Sosiologi, Bahasa Indonesia, Antropologi",10.0,0.0,12.0,56.0,529.62,85.23,D4
373066.0,UNIVERSITAS NEGERI MALANG,ANIMASI,Prov. Jawa Timur,Kota Malang,UM,Komputer,"Matematika Tingkat Lanjut, Matematika",20.0,0.0,24.0,109.0,547.51,86.13,D4
373067.0,UNIVERSITAS NEGERI MALANG,MANAJEMEN PEMASARAN,Prov. Jawa Timur,Kota Malang,UM,Ilmu atau Sains Manajemen,"Ekonomi, Matematika",10.0,0.0,12.0,325.0,550.4,86.27,D4
373068.0,UNIVERSITAS NEGERI MALANG,AKUNTANSI - D4,Prov. Jawa Timur,Kota Malang,UM,Ilmu atau Sains Akuntansi,"Ekonomi, Matematika",10.0,0.0,12.0,126.0,600.95,88.8,D4
373069.0,UNIVERSITAS NEGERI MALANG,TATA BOGA,Prov. Jawa Timur,Kota Malang,UM,Seni,Seni Budaya,13.0,0.0,15.0,324.0,545.2,86.01,D4
373070.0,UNIVERSITAS NEGERI MALANG,DESAIN MODE,Prov. Jawa Timur,Kota Malang,UM,Desain,"Seni Budaya, Matematika",10.0,0.0,12.0,96.0,546.53,86.08,D4
373082.0,UNIVERSITAS NEGERI MALANG,FARMASI,Prov. Jawa Timur,Kota Malang,UM,Ilmu Farmasi,"Biologi, Kimia, Matematika",10.0,0.0,12.0,0.0,0.0,0.0,S1
373083.0,UNIVERSITAS NEGERI MALANG,ILMU GIZI,Prov. Jawa Timur,Kota Malang,UM,Kesehatan,"Biologi, Matematika",10.0,0.0,12.0,0.0,0.0,0.0,S1
373084.0,UNIVERSITAS NEGERI MALANG,ILMU KOMUNIKASI,Prov. Jawa Timur,Kota Malang,UM,Ilmu atau Sains Komunikasi,"Sosiologi, Bahasa Indonesia, Antropologi",30.0,0.0,36.0,0.0,0.0,0.0,S1
374001.0,UNIVERSITAS ISLAM NEGERI MALANG,MATEMATIKA,Prov. Jawa Timur,Kota Malang,UIN MALANG,Matematika,"Matematika Tingkat Lanjut, Matematika",37.0,142.0,66.0,120.0,562.96,86.9,S1
374002.0,UNIVERSITAS ISLAM NEGERI MALANG,BIOLOGI,Prov. Jawa Timur,Kota Malang,UIN MALANG,Biologi,"Biologi, Matematika",46.0,241.0,82.0,226.0,552.25,86.36,S1
374003.0,UNIVERSITAS ISLAM NEGERI MALANG,KIMIA,Prov. Jawa Timur,Kota Malang,UIN MALANG,Kimia,"Kimia, Matematika",37.0,108.0,66.0,81.0,566.47,87.07,S1
374004.0,UNIVERSITAS ISLAM NEGERI MALANG,FISIKA,Prov. Jawa Timur,Kota Malang,UIN MALANG,Fisika,"Fisika, Matematika",37.0,53.0,66.0,59.0,542.32,85.87,S1
374005.0,UNIVERSITAS ISLAM NEGERI MALANG,TEKNIK INFORMATIKA,Prov. Jawa Timur,Kota Malang,UIN MALANG,Ilmu atau Sains Informasi,"Matematika Tingkat Lanjut, Matematika",47.0,402.0,85.0,558.0,600.23,88.76,S1
374006.0,UNIVERSITAS ISLAM NEGERI MALANG,TEKNIK ARSITEKTUR,Prov. Jawa Timur,Kota Malang,UIN MALANG,Teknik atau rekayasa,"Fisika, Matematika Tingkat Lanjut, Matematika",47.0,245.0,85.0,247.0,586.65,88.08,S1
374007.0,UNIVERSITAS ISLAM NEGERI MALANG,FARMASI,Prov. Jawa Timur,Kota Malang,UIN MALANG,Ilmu Farmasi,"Biologi, Kimia, Matematika",40.0,880.0,73.0,101.0,626.31,90.07,S1
374008.0,UNIVERSITAS ISLAM NEGERI MALANG,KEDOKTERAN,Prov. Jawa Timur,Kota Malang,UIN MALANG,Ilmu atau Sains Kedokteran,"Biologi, Kimia, Matematika",15.0,603.0,30.0,1004.0,656.3,91.57,S1
374010.0,UNIVERSITAS ISLAM NEGERI MALANG,PENDIDIKAN IPS,Prov. Jawa Timur,Kota Malang,UIN MALANG,Pendidikan IPS,"Ekonomi, Sosiologi, Geografi",37.0,200.0,67.0,215.0,541.08,85.8,S1
374015.0,UNIVERSITAS ISLAM NEGERI MALANG,BAHASA DAN SASTRA INGGRIS,Prov. Jawa Timur,Kota Malang,UIN MALANG,Susastra atau Sastra,"Bahasa Indonesia, Bahasa Inggris, Bahasa Asing Lainnya",60.0,232.0,107.0,262.0,615.16,89.51,S1
374017.0,UNIVERSITAS ISLAM NEGERI MALANG,PSIKOLOGI,Prov. Jawa Timur,Kota Malang,UIN MALANG,Psikologi,"Sosiologi, Matematika",70.0,698.0,127.0,679.0,617.95,89.65,S1
374018.0,UNIVERSITAS ISLAM NEGERI MALANG,MANAJEMEN,Prov. Jawa Timur,Kota Malang,UIN MALANG,Ilmu atau Sains Manajemen,"Ekonomi, Matematika",73.0,689.0,131.0,691.0,624.0,89.95,S1
374019.0,UNIVERSITAS ISLAM NEGERI MALANG,AKUNTANSI,Prov. Jawa Timur,Kota Malang,UIN MALANG,Ilmu atau Sains Akuntansi,"Ekonomi, Matematika",45.0,268.0,81.0,260.0,619.85,89.74,S1
374021.0,UNIVERSITAS ISLAM NEGERI MALANG,PERPUSTAKAAN DAN ILMU INFORMASI,Prov. Jawa Timur,Kota Malang,UIN MALANG,Ilmu atau Sains Komunikasi,"Sosiologi, Bahasa Indonesia, Antropologi",31.0,144.0,56.0,160.0,598.04,88.65,S1
381001.0,UNIVERSITAS AIRLANGGA,KEDOKTERAN,Prov. Jawa Timur,Kota Surabaya,UNAIR,Ilmu atau Sains Kedokteran,"Biologi, Kimia, Matematika",60.0,1411.0,90.0,315.0,715.09,94.5,S1
381002.0,UNIVERSITAS AIRLANGGA,KEDOKTERAN GIGI,Prov. Jawa Timur,Kota Surabaya,UNAIR,Ilmu atau Sains Kedokteran Gigi,"Biologi, Kimia, Matematika",50.0,805.0,75.0,1431.0,665.01,92.0,S1
381003.0,UNIVERSITAS AIRLANGGA,FARMASI,Prov. Jawa Timur,Kota Surabaya,UNAIR,Ilmu Farmasi,"Biologi, Kimia, Matematika",56.0,1344.0,84.0,1873.0,648.97,91.2,S1
381004.0,UNIVERSITAS AIRLANGGA,KEDOKTERAN HEWAN,Prov. Jawa Timur,Kota Surabaya,UNAIR,Ilmu atau Sains Veteriner,"Biologi, Kimia, Matematika",48.0,469.0,72.0,849.0,601.18,88.81,S1
381005.0,UNIVERSITAS AIRLANGGA,MATEMATIKA,Prov. Jawa Timur,Kota Surabaya,UNAIR,Matematika,"Matematika Tingkat Lanjut, Matematika",18.0,203.0,27.0,167.0,610.99,89.3,S1
381006.0,UNIVERSITAS AIRLANGGA,BIOLOGI,Prov. Jawa Timur,Kota Surabaya,UNAIR,Biologi,"Biologi, Matematika",18.0,221.0,27.0,280.0,599.08,88.7,S1
381007.0,UNIVERSITAS AIRLANGGA,FISIKA,Prov. Jawa Timur,Kota Surabaya,UNAIR,Fisika,"Fisika, Matematika",16.0,85.0,24.0,62.0,600.59,88.78,S1
381008.0,UNIVERSITAS AIRLANGGA,KIMIA,Prov. Jawa Timur,Kota Surabaya,UNAIR,Kimia,"Kimia, Matematika",18.0,172.0,27.0,153.0,612.85,89.39,S1
381009.0,UNIVERSITAS AIRLANGGA,KESEHATAN MASYARAKAT,Prov. Jawa Timur,Kota Surabaya,UNAIR,Kesehatan Masyarakat,"Biologi, Matematika, Sosiologi",48.0,1058.0,72.0,1556.0,621.86,89.84,S1
381010.0,UNIVERSITAS AIRLANGGA,KEPERAWATAN - S1,Prov. Jawa Timur,Kota Surabaya,UNAIR,Keperawatan,"Biologi, Matematika",48.0,1288.0,72.0,1493.0,592.97,88.4,S1
381011.0,UNIVERSITAS AIRLANGGA,AKUAKULTUR,Prov. Jawa Timur,Kota Surabaya,UNAIR,Ilmu atau Sains Perikanan,"Biologi, Matematika",32.0,202.0,48.0,263.0,576.38,87.57,S1
381012.0,UNIVERSITAS AIRLANGGA,KEBIDANAN,Prov. Jawa Timur,Kota Surabaya,UNAIR,Kebidanan,"Biologi, Matematika",20.0,477.0,30.0,552.0,614.44,89.47,S1
381013.0,UNIVERSITAS AIRLANGGA,TEKNIK BIOMEDIS,Prov. Jawa Timur,Kota Surabaya,UNAIR,Teknik atau rekayasa,"Fisika, Matematika Tingkat Lanjut, Matematika",18.0,380.0,27.0,515.0,636.97,90.6,S1
381014.0,UNIVERSITAS AIRLANGGA,TEKNIK LINGKUNGAN,Prov. Jawa Timur,Kota Surabaya,UNAIR,Ilmu atau Sains Lingkungan,"Biologi, Matematika",22.0,272.0,33.0,406.0,616.11,89.56,S1
381015.0,UNIVERSITAS AIRLANGGA,SISTEM INFORMASI - S1,Prov. Jawa Timur,Kota Surabaya,UNAIR,Ilmu atau Sains Informasi,"Matematika Tingkat Lanjut, Matematika",24.0,421.0,36.0,813.0,640.73,90.79,S1
381016.0,UNIVERSITAS AIRLANGGA,STATISTIK,Prov. Jawa Timur,Kota Surabaya,UNAIR,Sains Data,"Matematika Tingkat Lanjut, Matematika",24.0,356.0,36.0,537.0,615.12,89.51,S1
381017.0,UNIVERSITAS AIRLANGGA,ILMU GIZI,Prov. Jawa Timur,Kota Surabaya,UNAIR,Ilmu atau Sains Gizi,"Biologi, Kimia, Matematika",32.0,680.0,48.0,1103.0,626.22,90.06,S1
381018.0,UNIVERSITAS AIRLANGGA,KEDOKTERAN HEWAN (SIKIA BANYUWANGI),Prov. Jawa Timur,Kota Surabaya,UNAIR,Ilmu atau Sains Veteriner,"Biologi, Kimia, Matematika",20.0,96.0,30.0,164.0,596.17,88.56,S1
381019.0,UNIVERSITAS AIRLANGGA,KESEHATAN MASYARAKAT (SIKIA BANYUWANGI),Prov. Jawa Timur,Kota Surabaya,UNAIR,Kesehatan Masyarakat,"Biologi, Matematika, Sosiologi",20.0,117.0,30.0,181.0,599.93,88.75,S1
381020.0,UNIVERSITAS AIRLANGGA,AKUAKULTUR (SIKIA BANYUWANGI),Prov. Jawa Timur,Kota Surabaya,UNAIR,Ilmu atau Sains Perikanan,"Biologi, Matematika",12.0,47.0,18.0,60.0,594.34,88.47,S1
381021.0,UNIVERSITAS AIRLANGGA,TEKNOLOGI HASIL PERIKANAN,Prov. Jawa Timur,Kota Surabaya,UNAIR,"Teknologi Pangan, Teknologi Hasil Pertanian/ Peternakan/ Perikanan","Kimia, Biologi, Matematika",28.0,172.0,42.0,235.0,593.72,88.44,S1
381022.0,UNIVERSITAS AIRLANGGA,TEKNIK INDUSTRI,Prov. Jawa Timur,Kota Surabaya,UNAIR,Teknik atau rekayasa,"Fisika, Matematika Tingkat Lanjut, Matematika",24.0,356.0,36.0,655.0,626.76,90.09,S1
381023.0,UNIVERSITAS AIRLANGGA,TEKNIK ELEKTRO,Prov. Jawa Timur,Kota Surabaya,UNAIR,Teknik atau rekayasa,"Fisika, Matematika Tingkat Lanjut, Matematika",20.0,183.0,30.0,279.0,629.92,90.25,S1
381024.0,UNIVERSITAS AIRLANGGA,REKAYASA NANOTEKNOLOGI,Prov. Jawa Timur,Kota Surabaya,UNAIR,Teknik atau rekayasa,"Fisika, Matematika Tingkat Lanjut, Matematika",20.0,192.0,30.0,186.0,599.57,88.73,S1
381025.0,UNIVERSITAS AIRLANGGA,TEKNOLOGI SAINS DATA,Prov. Jawa Timur,Kota Surabaya,UNAIR,Sains Data,"Matematika Tingkat Lanjut, Matematika",24.0,403.0,36.0,698.0,593.5,88.43,S1
381026.0,UNIVERSITAS AIRLANGGA,TEKNIK ROBOTIKA DAN KECERDASAN BUATAN,Prov. Jawa Timur,Kota Surabaya,UNAIR,Teknik atau rekayasa,"Fisika, Matematika Tingkat Lanjut, Matematika",20.0,234.0,30.0,383.0,612.06,89.35,S1
381027.0,UNIVERSITAS AIRLANGGA,HUKUM,Prov. Jawa Timur,Kota Surabaya,UNAIR,Hukum,"Sosiologi, Pendidikan Pancasila",70.0,633.0,105.0,1652.0,651.32,91.32,S1
381028.0,UNIVERSITAS AIRLANGGA,ADMINISTRASI PUBLIK,Prov. Jawa Timur,Kota Surabaya,UNAIR,Administrasi Bisnis,"Ekonomi, Matematika",26.0,312.0,39.0,566.0,628.09,90.15,S1
381029.0,UNIVERSITAS AIRLANGGA,PSIKOLOGI,Prov. Jawa Timur,Kota Surabaya,UNAIR,Psikologi,"Sosiologi, Matematika",50.0,881.0,75.0,1965.0,646.57,91.08,S1
381030.0,UNIVERSITAS AIRLANGGA,SOSIOLOGI,Prov. Jawa Timur,Kota Surabaya,UNAIR,Studi Humanitas,"Sosiologi, Pendidikan Pancasila, Antropologi",24.0,208.0,36.0,390.0,622.24,89.86,S1
381031.0,UNIVERSITAS AIRLANGGA,ILMU POLITIK,Prov. Jawa Timur,Kota Surabaya,UNAIR,Sosial,"Sosiologi, Sejarah, Antropologi",20.0,198.0,30.0,424.0,598.27,88.66,S1
381032.0,UNIVERSITAS AIRLANGGA,HUBUNGAN INTERNASIONAL,Prov. Jawa Timur,Kota Surabaya,UNAIR,Ilmu atau Sains Komunikasi,"Sosiologi, Bahasa Indonesia, Antropologi",30.0,357.0,45.0,808.0,663.72,91.94,S1
381033.0,UNIVERSITAS AIRLANGGA,ANTROPOLOGI,Prov. Jawa Timur,Kota Surabaya,UNAIR,Studi Humanitas,"Sosiologi, Pendidikan Pancasila, Antropologi",20.0,149.0,30.0,366.0,601.8,88.84,S1
381034.0,UNIVERSITAS AIRLANGGA,EKONOMI PEMBANGUNAN,Prov. Jawa Timur,Kota Surabaya,UNAIR,Ekonomi,"Ekonomi, Matematika",44.0,339.0,66.0,799.0,642.04,90.85,S1
381035.0,UNIVERSITAS AIRLANGGA,MANAJEMEN,Prov. Jawa Timur,Kota Surabaya,UNAIR,Ilmu atau Sains Manajemen,"Ekonomi, Matematika",60.0,918.0,90.0,1537.0,654.38,91.47,S1
381036.0,UNIVERSITAS AIRLANGGA,AKUNTANSI - S1,Prov. Jawa Timur,Kota Surabaya,UNAIR,Ilmu atau Sains Akuntansi,"Ekonomi, Matematika",50.0,654.0,75.0,936.0,659.11,91.71,S1
381037.0,UNIVERSITAS AIRLANGGA,ILMU KOMUNIKASI,Prov. Jawa Timur,Kota Surabaya,UNAIR,Ilmu atau Sains Komunikasi,"Sosiologi, Bahasa Indonesia, Antropologi",30.0,510.0,45.0,1252.0,657.5,91.63,S1
381038.0,UNIVERSITAS AIRLANGGA,SEJARAH,Prov. Jawa Timur,Kota Surabaya,UNAIR,Sejarah,Sejarah,16.0,115.0,24.0,219.0,599.65,88.73,S1
381039.0,UNIVERSITAS AIRLANGGA,ILMU INFORMASI DAN PERPUSTAKAAN,Prov. Jawa Timur,Kota Surabaya,UNAIR,Ilmu atau Sains Komunikasi,"Sosiologi, Bahasa Indonesia, Antropologi",26.0,238.0,39.0,480.0,605.13,89.01,S1
381040.0,UNIVERSITAS AIRLANGGA,BAHASA DAN SASTRA INGGRIS,Prov. Jawa Timur,Kota Surabaya,UNAIR,Susastra atau Sastra,"Bahasa Indonesia, Bahasa Inggris, Bahasa Asing Lainnya",50.0,412.0,75.0,762.0,624.72,89.99,S1
381041.0,UNIVERSITAS AIRLANGGA,BAHASA DAN SASTRA INDONESIA,Prov. Jawa Timur,Kota Surabaya,UNAIR,Susastra atau Sastra,"Bahasa Indonesia, Bahasa Inggris, Bahasa Asing Lainnya",24.0,198.0,36.0,275.0,603.55,88.93,S1
381042.0,UNIVERSITAS AIRLANGGA,STUDI KEJEPANGAN,Prov. Jawa Timur,Kota Surabaya,UNAIR,Susastra atau Sastra,"Bahasa Indonesia, Bahasa Inggris, Bahasa Asing Lainnya",20.0,131.0,30.0,230.0,612.62,89.38,S1
381043.0,UNIVERSITAS AIRLANGGA,EKONOMI ISLAM,Prov. Jawa Timur,Kota Surabaya,UNAIR,Ekonomi,"Ekonomi, Matematika",40.0,268.0,60.0,383.0,630.84,90.29,S1
381045.0,UNIVERSITAS AIRLANGGA,BAHASA INGGRIS,Prov. Jawa Timur,Kota Surabaya,UNAIR,Susastra atau Sastra,"Bahasa Indonesia, Bahasa Inggris, Bahasa Asing Lainnya",15.0,0.0,23.0,0.0,0.0,0.0,D3
381046.0,UNIVERSITAS AIRLANGGA,KESELAMATAN DAN KESEHATAN KERJA,Prov. Jawa Timur,Kota Surabaya,UNAIR,Kesehatan,"Biologi, Matematika",35.0,0.0,53.0,0.0,0.0,0.0,D4
381047.0,UNIVERSITAS AIRLANGGA,PERPAJAKAN,Prov. Jawa Timur,Kota Surabaya,UNAIR,Ilmu atau Sains Akuntansi,"Ekonomi, Matematika",34.0,0.0,51.0,0.0,0.0,0.0,D3
381048.0,UNIVERSITAS AIRLANGGA,SISTEM INFORMASI - D3,Prov. Jawa Timur,Kota Surabaya,UNAIR,Ilmu atau Sains Informasi,"Matematika Tingkat Lanjut, Matematika",24.0,0.0,36.0,0.0,0.0,0.0,D3
381049.0,UNIVERSITAS AIRLANGGA,MANAJEMEN PERHOTELAN,Prov. Jawa Timur,Kota Surabaya,UNAIR,Pariwisata,"Ekonomi, Matematika",15.0,0.0,23.0,0.0,0.0,0.0,D4
381050.0,UNIVERSITAS AIRLANGGA,DESTINASI PARIWISATA,Prov. Jawa Timur,Kota Surabaya,UNAIR,Pariwisata,"Ekonomi, Matematika",16.0,0.0,24.0,0.0,0.0,0.0,D4
381051.0,UNIVERSITAS AIRLANGGA,TEKNOLOGI LABORATORIUM MEDIK,Prov. Jawa Timur,Kota Surabaya,UNAIR,"Bioteknologi, Biokewirausaha an, Bioinformatika","Biologi, Matematika",30.0,0.0,45.0,0.0,0.0,0.0,D4
381052.0,UNIVERSITAS AIRLANGGA,AKUNTANSI - D3,Prov. Jawa Timur,Kota Surabaya,UNAIR,Ilmu atau Sains Akuntansi,"Ekonomi, Matematika",26.0,0.0,39.0,0.0,0.0,0.0,D3
381053.0,UNIVERSITAS AIRLANGGA,MANAJEMEN PEMASARAN,Prov. Jawa Timur,Kota Surabaya,UNAIR,Ilmu atau Sains Manajemen,"Ekonomi, Matematika",20.0,0.0,30.0,0.0,0.0,0.0,D3
381054.0,UNIVERSITAS AIRLANGGA,PERBANKAN DAN KEUANGAN,Prov. Jawa Timur,Kota Surabaya,UNAIR,Ilmu atau Sains Akuntansi,"Ekonomi, Matematika",24.0,0.0,36.0,0.0,0.0,0.0,D4
381055.0,UNIVERSITAS AIRLANGGA,TEKNOLOGI REKAYASA INSTRUMENTASI DAN KONTROL,Prov. Jawa Timur,Kota Surabaya,UNAIR,Teknik atau rekayasa,"Fisika, Matematika Tingkat Lanjut, Matematika",15.0,0.0,23.0,0.0,0.0,0.0,D4
381056.0,UNIVERSITAS AIRLANGGA,MANAJEMEN PERKANTORAN DIGITAL,Prov. Jawa Timur,Kota Surabaya,UNAIR,Ilmu atau Sains Manajemen,"Ekonomi, Matematika",30.0,0.0,45.0,0.0,0.0,0.0,D4
381057.0,UNIVERSITAS AIRLANGGA,PARAMEDIK VETERINER,Prov. Jawa Timur,Kota Surabaya,UNAIR,Ilmu atau Sains Veteriner,"Biologi, Kimia, Matematika",10.0,0.0,15.0,0.0,0.0,0.0,D3
381058.0,UNIVERSITAS AIRLANGGA,TEKNIK GIGI,Prov. Jawa Timur,Kota Surabaya,UNAIR,Teknik atau rekayasa,"Fisika, Matematika Tingkat Lanjut, Matematika",12.0,0.0,18.0,0.0,0.0,0.0,D3
381059.0,UNIVERSITAS AIRLANGGA,KEPERAWATAN - D3,Prov. Jawa Timur,Kota Surabaya,UNAIR,Keperawatan,"Biologi, Matematika",34.0,0.0,51.0,0.0,0.0,0.0,D3
381060.0,UNIVERSITAS AIRLANGGA,PERPUSTAKAAN,Prov. Jawa Timur,Kota Surabaya,UNAIR,Urusan Publik,"Sosiologi, Pendidikan Pancasila",12.0,0.0,18.0,0.0,0.0,0.0,D3
381061.0,UNIVERSITAS AIRLANGGA,PENGOBAT TRADISIONAL,Prov. Jawa Timur,Kota Surabaya,UNAIR,Kesehatan,"Biologi, Matematika",8.0,0.0,12.0,0.0,0.0,0.0,D4
381062.0,UNIVERSITAS AIRLANGGA,FISIOTERAPI,Prov. Jawa Timur,Kota Surabaya,UNAIR,Keperawatan,"Biologi, Matematika",20.0,0.0,30.0,0.0,0.0,0.0,D4
381063.0,UNIVERSITAS AIRLANGGA,TEKNOLOGI RADIOLOGI PENCITRAAN,Prov. Jawa Timur,Kota Surabaya,UNAIR,Teknik atau rekayasa,"Fisika, Matematika Tingkat Lanjut, Matematika",40.0,0.0,60.0,0.0,0.0,0.0,D4
382001.0,INSTITUT TEKNOLOGI SEPULUH NOPEMBER,FISIKA,Prov. Jawa Timur,Kota Surabaya,ITS,Fisika,"Fisika, Matematika",60.0,166.0,80.0,221.0,612.1,89.36,S1
382002.0,INSTITUT TEKNOLOGI SEPULUH NOPEMBER,MATEMATIKA,Prov. Jawa Timur,Kota Surabaya,ITS,Matematika,"Matematika Tingkat Lanjut, Matematika",60.0,349.0,80.0,676.0,623.95,89.95,S1
382003.0,INSTITUT TEKNOLOGI SEPULUH NOPEMBER,STATISTIK,Prov. Jawa Timur,Kota Surabaya,ITS,Sains Data,"Matematika Tingkat Lanjut, Matematika",40.0,542.0,60.0,867.0,627.04,90.1,S1
382004.0,INSTITUT TEKNOLOGI SEPULUH NOPEMBER,KIMIA,Prov. Jawa Timur,Kota Surabaya,ITS,Kimia,"Kimia, Matematika",60.0,282.0,80.0,473.0,607.46,89.12,S1
382005.0,INSTITUT TEKNOLOGI SEPULUH NOPEMBER,BIOLOGI,Prov. Jawa Timur,Kota Surabaya,ITS,Biologi,"Biologi, Matematika",36.0,219.0,48.0,247.0,609.94,89.25,S1
382006.0,INSTITUT TEKNOLOGI SEPULUH NOPEMBER,TEKNIK MESIN,Prov. Jawa Timur,Kota Surabaya,ITS,Teknik atau rekayasa,"Fisika, Matematika Tingkat Lanjut, Matematika",48.0,590.0,72.0,757.0,645.31,91.02,S1
382007.0,INSTITUT TEKNOLOGI SEPULUH NOPEMBER,TEKNIK ELEKTRO,Prov. Jawa Timur,Kota Surabaya,ITS,Teknik atau rekayasa,"Fisika, Matematika Tingkat Lanjut, Matematika",48.0,590.0,72.0,809.0,659.23,91.71,S1
382008.0,INSTITUT TEKNOLOGI SEPULUH NOPEMBER,TEKNIK KIMIA,Prov. Jawa Timur,Kota Surabaya,ITS,Teknik atau rekayasa,"Fisika, Matematika Tingkat Lanjut, Matematika",40.0,480.0,60.0,698.0,654.85,91.49,S1
382009.0,INSTITUT TEKNOLOGI SEPULUH NOPEMBER,TEKNIK FISIKA,Prov. Jawa Timur,Kota Surabaya,ITS,Teknik atau rekayasa,"Fisika, Matematika Tingkat Lanjut, Matematika",40.0,185.0,60.0,213.0,631.41,90.32,S1
382010.0,INSTITUT TEKNOLOGI SEPULUH NOPEMBER,TEKNIK INDUSTRI,Prov. Jawa Timur,Kota Surabaya,ITS,Teknik atau rekayasa,"Fisika, Matematika Tingkat Lanjut, Matematika",40.0,637.0,60.0,1225.0,650.29,91.26,S1
382011.0,INSTITUT TEKNOLOGI SEPULUH NOPEMBER,TEKNIK MATERIAL,Prov. Jawa Timur,Kota Surabaya,ITS,Teknik atau rekayasa,"Fisika, Matematika Tingkat Lanjut, Matematika",40.0,243.0,60.0,407.0,632.6,90.38,S1
382012.0,INSTITUT TEKNOLOGI SEPULUH NOPEMBER,TEKNIK SIPIL - S1,Prov. Jawa Timur,Kota Surabaya,ITS,Teknik atau rekayasa,"Fisika, Matematika Tingkat Lanjut, Matematika",36.0,600.0,54.0,1108.0,659.22,91.71,S1
382013.0,INSTITUT TEKNOLOGI SEPULUH NOPEMBER,ARSITEKTUR,Prov. Jawa Timur,Kota Surabaya,ITS,Arsitektur,"Matematika, Fisika",24.0,472.0,36.0,927.0,648.24,91.16,S1
382014.0,INSTITUT TEKNOLOGI SEPULUH NOPEMBER,TEKNIK LINGKUNGAN,Prov. Jawa Timur,Kota Surabaya,ITS,Ilmu atau Sains Lingkungan,"Biologi, Matematika",26.0,374.0,39.0,622.0,625.89,90.04,S1
382015.0,INSTITUT TEKNOLOGI SEPULUH NOPEMBER,TEKNIK GEOMATIKA,Prov. Jawa Timur,Kota Surabaya,ITS,Teknik atau rekayasa,"Fisika, Matematika Tingkat Lanjut, Matematika",26.0,283.0,39.0,257.0,624.37,89.97,S1
382016.0,INSTITUT TEKNOLOGI SEPULUH NOPEMBER,PERENCANAAN WILAYAH DAN KOTA,Prov. Jawa Timur,Kota Surabaya,ITS,Perencanaan Wilayah,"Ekonomi, Matematika",34.0,436.0,51.0,836.0,629.79,90.24,S1
382017.0,INSTITUT TEKNOLOGI SEPULUH NOPEMBER,TEKNIK PERKAPALAN,Prov. Jawa Timur,Kota Surabaya,ITS,Teknik atau rekayasa,"Fisika, Matematika Tingkat Lanjut, Matematika",24.0,180.0,36.0,321.0,623.44,89.92,S1
382018.0,INSTITUT TEKNOLOGI SEPULUH NOPEMBER,TEKNIK KELAUTAN,Prov. Jawa Timur,Kota Surabaya,ITS,Teknik atau rekayasa,"Fisika, Matematika Tingkat Lanjut, Matematika",24.0,137.0,36.0,178.0,613.62,89.43,S1
382019.0,INSTITUT TEKNOLOGI SEPULUH NOPEMBER,TEKNIK SISTEM PERKAPALAN,Prov. Jawa Timur,Kota Surabaya,ITS,Teknik atau rekayasa,"Fisika, Matematika Tingkat Lanjut, Matematika",28.0,158.0,42.0,210.0,609.29,89.21,S1
382020.0,INSTITUT TEKNOLOGI SEPULUH NOPEMBER,TEKNIK INFORMATIKA,Prov. Jawa Timur,Kota Surabaya,ITS,Teknik atau rekayasa,"Fisika, Matematika Tingkat Lanjut, Matematika",54.0,1440.0,81.0,2564.0,679.4,92.72,S1
382021.0,INSTITUT TEKNOLOGI SEPULUH NOPEMBER,SISTEM INFORMASI,Prov. Jawa Timur,Kota Surabaya,ITS,Ilmu atau Sains Informasi,"Matematika Tingkat Lanjut, Matematika",38.0,818.0,57.0,1358.0,660.84,91.79,S1
382022.0,INSTITUT TEKNOLOGI SEPULUH NOPEMBER,DESAIN PRODUK INDUSTRI,Prov. Jawa Timur,Kota Surabaya,ITS,Desain,"Seni Budaya, Matematika",36.0,178.0,36.0,199.0,594.6,88.48,S1
382023.0,INSTITUT TEKNOLOGI SEPULUH NOPEMBER,TEKNIK TRANSPORTASI LAUT,Prov. Jawa Timur,Kota Surabaya,ITS,Teknik atau rekayasa,"Fisika, Matematika Tingkat Lanjut, Matematika",10.0,69.0,15.0,100.0,600.55,88.78,S1
382024.0,INSTITUT TEKNOLOGI SEPULUH NOPEMBER,TEKNIK SISTEM PERKAPALAN (GLR GANDA ITS-JERMAN),Prov. Jawa Timur,Kota Surabaya,ITS,Teknik atau rekayasa,"Fisika, Matematika Tingkat Lanjut, Matematika",12.0,55.0,18.0,101.0,600.4,88.77,S1
382025.0,INSTITUT TEKNOLOGI SEPULUH NOPEMBER,TEKNIK KOMPUTER,Prov. Jawa Timur,Kota Surabaya,ITS,Komputer,"Matematika Tingkat Lanjut, Matematika",16.0,238.0,24.0,478.0,641.73,90.84,S1
382027.0,INSTITUT TEKNOLOGI SEPULUH NOPEMBER,TEKNIK GEOFISIKA,Prov. Jawa Timur,Kota Surabaya,ITS,Teknik atau rekayasa,"Fisika, Matematika Tingkat Lanjut, Matematika",18.0,222.0,27.0,299.0,619.61,89.73,S1
382028.0,INSTITUT TEKNOLOGI SEPULUH NOPEMBER,DESAIN INTERIOR,Prov. Jawa Timur,Kota Surabaya,ITS,Desain,"Seni Budaya, Matematika",24.0,181.0,36.0,269.0,611.9,89.35,S1
382029.0,INSTITUT TEKNOLOGI SEPULUH NOPEMBER,TEKNIK BIOMEDIK,Prov. Jawa Timur,Kota Surabaya,ITS,Teknik atau rekayasa,"Fisika, Matematika Tingkat Lanjut, Matematika",16.0,270.0,24.0,396.0,644.19,90.96,S1
382030.0,INSTITUT TEKNOLOGI SEPULUH NOPEMBER,AKTUARIA,Prov. Jawa Timur,Kota Surabaya,ITS,Sains Data,"Matematika Tingkat Lanjut, Matematika",24.0,357.0,36.0,418.0,663.74,91.94,S1
382031.0,INSTITUT TEKNOLOGI SEPULUH NOPEMBER,TEKNOLOGI INFORMASI,Prov. Jawa Timur,Kota Surabaya,ITS,Ilmu atau Sains Informasi,"Matematika Tingkat Lanjut, Matematika",16.0,326.0,24.0,470.0,645.25,91.01,S1
382032.0,INSTITUT TEKNOLOGI SEPULUH NOPEMBER,DESAIN KOMUNIKASI VISUAL (DKV),Prov. Jawa Timur,Kota Surabaya,ITS,Desain,"Seni Budaya, Matematika",32.0,387.0,48.0,562.0,625.89,90.04,S1
382033.0,INSTITUT TEKNOLOGI SEPULUH NOPEMBER,TEKNIK SIPIL - D4,Prov. Jawa Timur,Kota Surabaya,ITS,Teknik atau rekayasa,"Fisika, Matematika Tingkat Lanjut, Matematika",18.0,0.0,27.0,0.0,0.0,0.0,D4
382034.0,INSTITUT TEKNOLOGI SEPULUH NOPEMBER,TEKNOLOGI REKAYASA KONSTRUKSI BANGUNAN AIR,Prov. Jawa Timur,Kota Surabaya,ITS,Teknik atau rekayasa,"Fisika, Matematika Tingkat Lanjut, Matematika",18.0,0.0,27.0,0.0,0.0,0.0,D4
382035.0,INSTITUT TEKNOLOGI SEPULUH NOPEMBER,TEKNOLOGI REKAYASA MANUFAKTUR,Prov. Jawa Timur,Kota Surabaya,ITS,Teknik atau rekayasa,"Fisika, Matematika Tingkat Lanjut, Matematika",18.0,0.0,27.0,0.0,0.0,0.0,D4
382036.0,INSTITUT TEKNOLOGI SEPULUH NOPEMBER,TEKNOLOGI REKAYASA KONVERSI ENERGI,Prov. Jawa Timur,Kota Surabaya,ITS,Teknik atau rekayasa,"Fisika, Matematika Tingkat Lanjut, Matematika",18.0,0.0,27.0,0.0,0.0,0.0,D4
382037.0,INSTITUT TEKNOLOGI SEPULUH NOPEMBER,TEKNOLOGI REKAYASA OTOMASI,Prov. Jawa Timur,Kota Surabaya,ITS,Teknik atau rekayasa,"Fisika, Matematika Tingkat Lanjut, Matematika",26.0,0.0,39.0,0.0,0.0,0.0,D4
382038.0,INSTITUT TEKNOLOGI SEPULUH NOPEMBER,TEKNOLOGI REKAYASA KIMIA INDUSTRI,Prov. Jawa Timur,Kota Surabaya,ITS,Teknik atau rekayasa,"Fisika, Matematika Tingkat Lanjut, Matematika",26.0,0.0,39.0,0.0,0.0,0.0,D4
382039.0,INSTITUT TEKNOLOGI SEPULUH NOPEMBER,TEKNOLOGI REKAYASA INSTRUMENTASI,Prov. Jawa Timur,Kota Surabaya,ITS,Teknik atau rekayasa,"Fisika, Matematika Tingkat Lanjut, Matematika",26.0,0.0,39.0,0.0,0.0,0.0,D4
382040.0,INSTITUT TEKNOLOGI SEPULUH NOPEMBER,STATISTIKA BISNIS,Prov. Jawa Timur,Kota Surabaya,ITS,Sains Data,"Matematika Tingkat Lanjut, Matematika",26.0,0.0,39.0,0.0,0.0,0.0,D4
382041.0,INSTITUT TEKNOLOGI SEPULUH NOPEMBER,TEKNIK LEPAS PANTAI,Prov. Jawa Timur,Kota Surabaya,ITS,Teknik atau rekayasa,"Fisika, Matematika Tingkat Lanjut, Matematika",8.0,47.0,12.0,138.0,600.9,88.8,S1
382042.0,INSTITUT TEKNOLOGI SEPULUH NOPEMBER,TEKNOLOGI PANGAN,Prov. Jawa Timur,Kota Surabaya,ITS,"Teknologi Pangan, Teknologi Hasil Pertanian/ Peternakan/ Perikanan","Kimia, Biologi, Matematika",8.0,136.0,12.0,339.0,609.87,89.24,S1
382043.0,INSTITUT TEKNOLOGI SEPULUH NOPEMBER,MANAJEMEN BISNIS,Prov. Jawa Timur,Kota Surabaya,ITS,Bisnis,"Ekonomi, Matematika",24.0,334.0,36.0,787.0,614.13,89.46,S1
382044.0,INSTITUT TEKNOLOGI SEPULUH NOPEMBER,STUDI PEMBANGUNAN,Prov. Jawa Timur,Kota Surabaya,ITS,Urusan Publik,"Sosiologi, Pendidikan Pancasila",27.0,139.0,41.0,248.0,612.84,89.39,S1
382045.0,INSTITUT TEKNOLOGI SEPULUH NOPEMBER,TEKNIK TELEKOMUNIKASI,Prov. Jawa Timur,Kota Surabaya,ITS,Teknik atau rekayasa,"Fisika, Matematika Tingkat Lanjut, Matematika",16.0,0.0,24.0,0.0,0.0,0.0,S1
382046.0,INSTITUT TEKNOLOGI SEPULUH NOPEMBER,TEKNOLOGI KEDOKTERAN,Prov. Jawa Timur,Kota Surabaya,ITS,Teknik atau rekayasa,"Fisika, Matematika Tingkat Lanjut, Matematika",24.0,0.0,36.0,0.0,0.0,0.0,S1
382047.0,INSTITUT TEKNOLOGI SEPULUH NOPEMBER,SAINS ANALITIK DAN INSTRUMENTASI KIMIA,Prov. Jawa Timur,Kota Surabaya,ITS,Kimia,"Kimia, Matematika",18.0,0.0,18.0,0.0,0.0,0.0,S1
383001.0,UNIVERSITAS NEGERI SURABAYA,PENDIDIKAN MATEMATIKA,Prov. Jawa Timur,Kota Surabaya,UNESA,Pendidikan Matematika,"Matematika, Matematika Tingkat Lanjut",90.0,520.0,170.0,629.0,572.32,87.37,S1
383002.0,UNIVERSITAS NEGERI SURABAYA,PENDIDIKAN FISIKA,Prov. Jawa Timur,Kota Surabaya,UNESA,Pendidikan Fisika,Fisika,50.0,205.0,80.0,208.0,583.66,87.93,S1
383003.0,UNIVERSITAS NEGERI SURABAYA,PENDIDIKAN KIMIA,Prov. Jawa Timur,Kota Surabaya,UNESA,Pendidikan Kimia,Kimia,50.0,217.0,80.0,263.0,574.9,87.5,S1
383004.0,UNIVERSITAS NEGERI SURABAYA,PENDIDIKAN BIOLOGI,Prov. Jawa Timur,Kota Surabaya,UNESA,Pendidikan Biologi,Biologi,70.0,555.0,130.0,634.0,582.38,87.87,S1
383005.0,UNIVERSITAS NEGERI SURABAYA,MATEMATIKA,Prov. Jawa Timur,Kota Surabaya,UNESA,Matematika,"Matematika Tingkat Lanjut, Matematika",54.0,359.0,96.0,411.0,585.21,88.01,S1
383006.0,UNIVERSITAS NEGERI SURABAYA,FISIKA,Prov. Jawa Timur,Kota Surabaya,UNESA,Fisika,"Fisika, Matematika",42.0,162.0,88.0,116.0,580.71,87.79,S1
383007.0,UNIVERSITAS NEGERI SURABAYA,KIMIA,Prov. Jawa Timur,Kota Surabaya,UNESA,Kimia,"Kimia, Matematika",42.0,245.0,88.0,322.0,576.0,87.55,S1
383008.0,UNIVERSITAS NEGERI SURABAYA,BIOLOGI,Prov. Jawa Timur,Kota Surabaya,UNESA,Biologi,"Biologi, Matematika",70.0,383.0,115.0,532.0,579.76,87.74,S1
383009.0,UNIVERSITAS NEGERI SURABAYA,PENDIDIKAN SAINS,Prov. Jawa Timur,Kota Surabaya,UNESA,Pendidikan IPA,"Matematika, Biologi",56.0,417.0,109.0,363.0,580.26,87.76,S1
383010.0,UNIVERSITAS NEGERI SURABAYA,PENDIDIKAN TEKNIK ELEKTRO,Prov. Jawa Timur,Kota Surabaya,UNESA,Pendidikan Teknik,"Fisika, Matematika Tingkat Lanjut, Matematika",30.0,102.0,60.0,123.0,577.26,87.61,S1
383011.0,UNIVERSITAS NEGERI SURABAYA,PENDIDIKAN TEKNIK MESIN,Prov. Jawa Timur,Kota Surabaya,UNESA,Pendidikan Teknik,"Fisika, Matematika Tingkat Lanjut, Matematika",28.0,141.0,57.0,131.0,576.37,87.57,S1
383012.0,UNIVERSITAS NEGERI SURABAYA,PENDIDIKAN TEKNIK BANGUNAN,Prov. Jawa Timur,Kota Surabaya,UNESA,Pendidikan Teknik,"Fisika, Matematika Tingkat Lanjut, Matematika",30.0,125.0,60.0,215.0,576.39,87.57,S1
383013.0,UNIVERSITAS NEGERI SURABAYA,ILMU KEOLAHRAGAAN,Prov. Jawa Timur,Kota Surabaya,UNESA,Ilmu atau Sains Keolahragaan,"PJOK, Biologi",54.0,73.0,96.0,199.0,570.49,87.27,S1
383014.0,UNIVERSITAS NEGERI SURABAYA,TEKNIK SIPIL - S1,Prov. Jawa Timur,Kota Surabaya,UNESA,Teknik atau rekayasa,"Fisika, Matematika Tingkat Lanjut, Matematika",70.0,552.0,140.0,908.0,631.64,90.33,S1
383015.0,UNIVERSITAS NEGERI SURABAYA,PENDIDIKAN TEKNOLOGI INFORMASI,Prov. Jawa Timur,Kota Surabaya,UNESA,Pendidikan Informatika,"Matematika Tingkat Lanjut, Matematika",42.0,279.0,68.0,399.0,580.24,87.76,S1
383016.0,UNIVERSITAS NEGERI SURABAYA,TEKNIK ELEKTRO,Prov. Jawa Timur,Kota Surabaya,UNESA,Teknik atau rekayasa,"Fisika, Matematika Tingkat Lanjut, Matematika",56.0,286.0,94.0,542.0,623.27,89.91,S1
383017.0,UNIVERSITAS NEGERI SURABAYA,TEKNIK MESIN - S1,Prov. Jawa Timur,Kota Surabaya,UNESA,Teknik atau rekayasa,"Fisika, Matematika Tingkat Lanjut, Matematika",56.0,402.0,94.0,542.0,626.88,90.09,S1
383018.0,UNIVERSITAS NEGERI SURABAYA,SISTEM INFORMASI,Prov. Jawa Timur,Kota Surabaya,UNESA,Ilmu atau Sains Informasi,"Matematika Tingkat Lanjut, Matematika",70.0,590.0,115.0,854.0,627.65,90.13,S1
383019.0,UNIVERSITAS NEGERI SURABAYA,TEKNIK INFORMATIKA,Prov. Jawa Timur,Kota Surabaya,UNESA,Ilmu atau Sains Informasi,"Matematika Tingkat Lanjut, Matematika",84.0,752.0,126.0,105.0,636.88,90.59,S1
383020.0,UNIVERSITAS NEGERI SURABAYA,ILMU GIZI,Prov. Jawa Timur,Kota Surabaya,UNESA,Ilmu atau Sains Gizi,"Biologi, Kimia, Matematika",98.0,119.0,152.0,1499.0,607.39,89.12,S1
383021.0,UNIVERSITAS NEGERI SURABAYA,MANAJEMEN INFORMATIKA,Prov. Jawa Timur,Kota Surabaya,UNESA,Ilmu atau Sains Informasi,"Matematika Tingkat Lanjut, Matematika",50.0,197.0,80.0,297.0,567.45,87.12,D4
383022.0,UNIVERSITAS NEGERI SURABAYA,TEKNIK MESIN - D4,Prov. Jawa Timur,Kota Surabaya,UNESA,Teknik atau rekayasa,"Fisika, Matematika Tingkat Lanjut, Matematika",28.0,114.0,47.0,181.0,636.88,90.59,D4
383023.0,UNIVERSITAS NEGERI SURABAYA,TEKNIK SIPIL - D4,Prov. Jawa Timur,Kota Surabaya,UNESA,Teknik atau rekayasa,"Fisika, Matematika Tingkat Lanjut, Matematika",48.0,143.0,77.0,248.0,607.39,89.12,D4
383024.0,UNIVERSITAS NEGERI SURABAYA,TRANSPORTASI,Prov. Jawa Timur,Kota Surabaya,UNESA,Transportasi,"Matematika Tingkat Lanjut, Matematika",35.0,64.0,60.0,170.0,570.22,87.26,D4
383025.0,UNIVERSITAS NEGERI SURABAYA,KEPELATIHAN OLAHRAGA,Prov. Jawa Timur,Kota Surabaya,UNESA,Ilmu atau Sains Keolahragaan,"PJOK, Biologi",18.0,30.0,27.0,46.0,562.13,86.86,D4
383026.0,UNIVERSITAS NEGERI SURABAYA,TEKNIK LISTRIK,Prov. Jawa Timur,Kota Surabaya,UNESA,Teknik atau rekayasa,"Fisika, Matematika Tingkat Lanjut, Matematika",35.0,90.0,60.0,126.0,567.97,87.15,D4
383027.0,UNIVERSITAS NEGERI SURABAYA,PSIKOLOGI PENDIDIKAN DAN BIMBINGAN,Prov. Jawa Timur,Kota Surabaya,UNESA,Psikologi,"Sosiologi, Matematika",72.0,633.0,108.0,922.0,545.12,86.01,S1
383028.0,UNIVERSITAS NEGERI SURABAYA,KURIKULUM DAN TEKNOLOGI PENDIDIKAN,Prov. Jawa Timur,Kota Surabaya,UNESA,Pendidikan Informatika,"Matematika Tingkat Lanjut, Matematika",54.0,195.0,91.0,313.0,591.45,88.32,S1
383029.0,UNIVERSITAS NEGERI SURABAYA,PENDIDIKAN LUAR SEKOLAH,Prov. Jawa Timur,Kota Surabaya,UNESA,Pendidikan Luar Sekolah,"Bahasa Indonesia, Matematika",45.0,129.0,80.0,156.0,543.53,85.93,S1
383030.0,UNIVERSITAS NEGERI SURABAYA,PENDIDIKAN LUAR BIASA,Prov. Jawa Timur,Kota Surabaya,UNESA,Pendidikan Luar Sekolah,"Bahasa Indonesia, Matematika",45.0,171.0,80.0,201.0,543.88,85.94,S1
383031.0,UNIVERSITAS NEGERI SURABAYA,PENDIDIKAN GURU SD,Prov. Jawa Timur,Kota Surabaya,UNESA,Pendidikan SD,"Matematika, Bahasa Indonesia",126.0,1385.0,254.0,1542.0,550.48,86.27,S1
383032.0,UNIVERSITAS NEGERI SURABAYA,PSIKOLOGI,Prov. Jawa Timur,Kota Surabaya,UNESA,Psikologi,"Sosiologi, Matematika",126.0,134.0,194.0,2211.0,640.1,90.76,S1
383033.0,UNIVERSITAS NEGERI SURABAYA,PENDIDIKAN GURU PAUD,Prov. Jawa Timur,Kota Surabaya,UNESA,Pendidikan PAUD,"Matematika, Bahasa Indonesia",80.0,314.0,140.0,415.0,548.93,86.2,S1
383034.0,UNIVERSITAS NEGERI SURABAYA,PENDIDIKAN BAHASA DAN SASTRA INDONESIA,Prov. Jawa Timur,Kota Surabaya,UNESA,Susastra atau Sastra,"Bahasa Indonesia, Bahasa Inggris, Bahasa Asing Lainnya",72.0,638.0,128.0,699.0,541.32,85.82,S1
383035.0,UNIVERSITAS NEGERI SURABAYA,PENDIDIKAN BAHASA INGGRIS,Prov. Jawa Timur,Kota Surabaya,UNESA,Pendidikan Bahasa Inggris,Bahasa Inggris,72.0,540.0,119.0,682.0,620.32,89.77,S1
383036.0,UNIVERSITAS NEGERI SURABAYA,PENDIDIKAN BAHASA JERMAN,Prov. Jawa Timur,Kota Surabaya,UNESA,Pendidikan Bahasa Jerman,"Bahasa Indoneisa, Bahasa Jerman",30.0,66.0,60.0,103.0,563.54,86.93,S1
383037.0,UNIVERSITAS NEGERI SURABAYA,PENDIDIKAN BAHASA JEPANG,Prov. Jawa Timur,Kota Surabaya,UNESA,Pendidikan Bahsa Jepang,"Bahasa Indonesia, Bahasa Jepang",45.0,223.0,80.0,291.0,613.88,89.44,S1
383038.0,UNIVERSITAS NEGERI SURABAYA,PENDIDIKAN BAHASA JAWA,Prov. Jawa Timur,Kota Surabaya,UNESA,Pendidikan Bahsa Jawa,"Bahasa Jawa, Bahasa Indonesia",36.0,290.0,64.0,324.0,522.61,84.88,S1
383039.0,UNIVERSITAS NEGERI SURABAYA,PENDIDIKAN SENI RUPA,Prov. Jawa Timur,Kota Surabaya,UNESA,Pendidikan Seni,Seni Budaya,35.0,129.0,60.0,115.0,532.77,85.39,S1
383040.0,UNIVERSITAS NEGERI SURABAYA,PENDIDIKAN SENDRATASIK,Prov. Jawa Timur,Kota Surabaya,UNESA,Pendidikan Seni,Seni Budaya,35.0,88.0,60.0,102.0,527.96,85.15,S1
383041.0,UNIVERSITAS NEGERI SURABAYA,SASTRA INDONESIA,Prov. Jawa Timur,Kota Surabaya,UNESA,Susastra atau Sastra,"Bahasa Indonesia, Bahasa Inggris, Bahasa Asing Lainnya",54.0,301.0,91.0,429.0,609.47,89.22,S1
383042.0,UNIVERSITAS NEGERI SURABAYA,SASTRA INGGRIS,Prov. Jawa Timur,Kota Surabaya,UNESA,Susastra atau Sastra,"Bahasa Indonesia, Bahasa Inggris, Bahasa Asing Lainnya",72.0,553.0,108.0,879.0,614.08,89.45,S1
383043.0,UNIVERSITAS NEGERI SURABAYA,SASTRA JERMAN,Prov. Jawa Timur,Kota Surabaya,UNESA,Susastra atau Sastra,"Bahasa Indonesia, Bahasa Inggris, Bahasa Asing Lainnya",45.0,70.0,70.0,157.0,601.5,88.83,S1
383044.0,UNIVERSITAS NEGERI SURABAYA,PENDIDIKAN PANCASILA DAN KEWARGANEGARAAN,Prov. Jawa Timur,Kota Surabaya,UNESA,Pendidikan Pancasila,Pendidikan Pancasila,54.0,287.0,116.0,369.0,551.68,86.33,S1
383045.0,UNIVERSITAS NEGERI SURABAYA,PENDIDIKAN GEOGRAFI,Prov. Jawa Timur,Kota Surabaya,UNESA,Pendidikan Geografi,Geografi,54.0,274.0,116.0,325.0,548.06,86.15,S1
383046.0,UNIVERSITAS NEGERI SURABAYA,PENDIDIKAN SEJARAH,Prov. Jawa Timur,Kota Surabaya,UNESA,Pendidikan Sejarah,Sejarah,54.0,358.0,81.0,438.0,551.17,86.31,S1
383047.0,UNIVERSITAS NEGERI SURABAYA,SOSIOLOGI,Prov. Jawa Timur,Kota Surabaya,UNESA,Studi Humanitas,"Sosiologi, Pendidikan Pancasila, Antropologi",90.0,642.0,140.0,939.0,612.66,89.38,S1
383048.0,UNIVERSITAS NEGERI SURABAYA,ADMINISTRASI NEGARA - S1,Prov. Jawa Timur,Kota Surabaya,UNESA,Administrasi Bisnis,"Ekonomi, Matematika",108.0,799.0,177.0,1099.0,622.81,89.89,S1
383050.0,UNIVERSITAS NEGERI SURABAYA,PENDIDIKAN JASMANI KESEHATAN DAN REKREASI,Prov. Jawa Timur,Kota Surabaya,UNESA,Pendidikan Jasmani Kesehatan,"Pendidikan Jasmani, Biologi",90.0,321.0,160.0,546.0,548.56,86.18,S1
383051.0,UNIVERSITAS NEGERI SURABAYA,PENDIDIKAN KEPELATIHAN OLAHRAGA,Prov. Jawa Timur,Kota Surabaya,UNESA,Pendidikan Jasmani Kesehatan,"Pendidikan Jasmani, Biologi",90.0,219.0,160.0,441.0,554.39,86.47,S1
383052.0,UNIVERSITAS NEGERI SURABAYA,PENDIDIKAN EKONOMI,Prov. Jawa Timur,Kota Surabaya,UNESA,Pendidikan Ekonomi,Ekonomi,65.0,296.0,120.0,411.0,548.44,86.17,S1
383053.0,UNIVERSITAS NEGERI SURABAYA,MANAJEMEN,Prov. Jawa Timur,Kota Surabaya,UNESA,Ilmu atau Sains Manajemen,"Ekonomi, Matematika",126.0,2103.0,189.0,2122.0,645.69,91.03,S1
383054.0,UNIVERSITAS NEGERI SURABAYA,AKUNTANSI,Prov. Jawa Timur,Kota Surabaya,UNESA,Ilmu atau Sains Akuntansi,"Ekonomi, Matematika",108.0,863.0,162.0,114.0,650.47,91.27,S1
383055.0,UNIVERSITAS NEGERI SURABAYA,PENDIDIKAN TATA RIAS,Prov. Jawa Timur,Kota Surabaya,UNESA,Pendidikan Seni,Seni Budaya,42.0,318.0,78.0,402.0,540.12,85.76,S1
383056.0,UNIVERSITAS NEGERI SURABAYA,MANAJEMEN PENDIDIKAN,Prov. Jawa Timur,Kota Surabaya,UNESA,Manajemen Pendidikan,"Ekonomi, Sosiologi",72.0,359.0,108.0,481.0,549.2,86.21,S1
383057.0,UNIVERSITAS NEGERI SURABAYA,HUKUM,Prov. Jawa Timur,Kota Surabaya,UNESA,Hukum,"Sosiologi, Pendidikan Pancasila",126.0,908.0,194.0,1334.0,621.95,89.85,S1
383058.0,UNIVERSITAS NEGERI SURABAYA,PENDIDIKAN BAHASA MANDARIN,Prov. Jawa Timur,Kota Surabaya,UNESA,Pendidikan Bahasa Mandarin,"Bahasa Mandarin, Bahasa Indonesia",45.0,113.0,70.0,139.0,602.27,88.86,S1
383059.0,UNIVERSITAS NEGERI SURABAYA,PENDIDIKAN TATA BOGA,Prov. Jawa Timur,Kota Surabaya,UNESA,Pendidikan Tataboga,"Biologi, Kimia",70.0,479.0,120.0,523.0,543.06,85.9,S1
383060.0,UNIVERSITAS NEGERI SURABAYA,PENDIDIKAN TATA BUSANA,Prov. Jawa Timur,Kota Surabaya,UNESA,Pendidikan Seni,Seni Budaya,70.0,456.0,140.0,514.0,541.68,85.83,S1
383061.0,UNIVERSITAS NEGERI SURABAYA,PENDIDIKAN AKUNTANSI,Prov. Jawa Timur,Kota Surabaya,UNESA,Pendidikan Ekonomi,Ekonomi,65.0,238.0,120.0,283.0,566.53,87.08,S1
383062.0,UNIVERSITAS NEGERI SURABAYA,PENDIDIKAN TATA NIAGA,Prov. Jawa Timur,Kota Surabaya,UNESA,Pendidikan Ekonomi,Ekonomi,40.0,189.0,85.0,196.0,540.07,85.75,S1
383063.0,UNIVERSITAS NEGERI SURABAYA,PENDIDIKAN ADMINISTRASI PERKANTORAN,Prov. Jawa Timur,Kota Surabaya,UNESA,Pendidikan Ekonomi,Ekonomi,90.0,764.0,160.0,761.0,546.36,86.07,S1
383064.0,UNIVERSITAS NEGERI SURABAYA,ILMU KOMUNIKASI,Prov. Jawa Timur,Kota Surabaya,UNESA,Ilmu atau Sains Komunikasi,"Sosiologi, Bahasa Indonesia, Antropologi",108.0,1036.0,182.0,1765.0,645.12,91.01,S1
383065.0,UNIVERSITAS NEGERI SURABAYA,SENI MUSIK,Prov. Jawa Timur,Kota Surabaya,UNESA,Seni,Seni Budaya,35.0,60.0,60.0,78.0,530.33,85.27,S1
383066.0,UNIVERSITAS NEGERI SURABAYA,DESAIN KOMUNIKASI VISUAL (DKV),Prov. Jawa Timur,Kota Surabaya,UNESA,Desain,"Seni Budaya, Matematika",56.0,331.0,94.0,489.0,593.87,88.44,S1
383067.0,UNIVERSITAS NEGERI SURABAYA,SENI RUPA MURNI,Prov. Jawa Timur,Kota Surabaya,UNESA,Seni,Seni Budaya,27.0,44.0,50.0,70.0,537.5,85.63,S1
383068.0,UNIVERSITAS NEGERI SURABAYA,EKONOMI ISLAM,Prov. Jawa Timur,Kota Surabaya,UNESA,Ekonomi,"Ekonomi, Matematika",72.0,348.0,118.0,394.0,587.29,88.11,S1
383069.0,UNIVERSITAS NEGERI SURABAYA,PENDIDIKAN ILMU PENGETAHUAN SOSIAL,Prov. Jawa Timur,Kota Surabaya,UNESA,Pendidikan IPS,"Ekonomi, Sosiologi, Geografi",54.0,355.0,116.0,416.0,537.53,85.63,S1
383070.0,UNIVERSITAS NEGERI SURABAYA,EKONOMI,Prov. Jawa Timur,Kota Surabaya,UNESA,Ekonomi,"Ekonomi, Matematika",90.0,626.0,136.0,842.0,616.94,89.6,S1
383071.0,UNIVERSITAS NEGERI SURABAYA,DESAIN GRAFIS,Prov. Jawa Timur,Kota Surabaya,UNESA,Desain,"Seni Budaya, Matematika",28.0,85.0,42.0,111.0,563.57,86.93,D4
383072.0,UNIVERSITAS NEGERI SURABAYA,ADMINISTRASI NEGARA - D4,Prov. Jawa Timur,Kota Surabaya,UNESA,Administrasi Bisnis,"Ekonomi, Matematika",75.0,277.0,125.0,351.0,566.3,87.07,D4
383073.0,UNIVERSITAS NEGERI SURABAYA,TATA BOGA,Prov. Jawa Timur,Kota Surabaya,UNESA,Seni,Seni Budaya,90.0,333.0,100.0,364.0,549.49,86.22,D4
383074.0,UNIVERSITAS NEGERI SURABAYA,TATA BUSANA,Prov. Jawa Timur,Kota Surabaya,UNESA,Seni,Seni Budaya,60.0,181.0,80.0,224.0,555.41,86.52,D4
383075.0,UNIVERSITAS NEGERI SURABAYA,BISNIS DIGITAL,Prov. Jawa Timur,Kota Surabaya,UNESA,Bisnis,"Ekonomi, Matematika",108.0,766.0,162.0,175.0,582.24,87.86,S1
383087.0,UNIVERSITAS NEGERI SURABAYA,SAINS DATA,Prov. Jawa Timur,Kota Surabaya,UNESA,Sains Data,"Matematika Tingkat Lanjut, Matematika",54.0,0.0,96.0,0.0,0.0,0.0,S1
383088.0,UNIVERSITAS NEGERI SURABAYA,MANAJEMEN OLAHRAGA,Prov. Jawa Timur,Kota Surabaya,UNESA,Ilmu atau Sains Manajemen,"Ekonomi, Matematika",45.0,0.0,75.0,0.0,0.0,0.0,S1
384001.0,UNIVERSITAS TRUNOJOYO MADURA,AGROEKOTEKNOLOGI,Prov. Jawa Timur,Kab Bangkalan,UTM,Ilmu dan Sains Pertanian,"Biologi, Matematika",76.0,167.0,95.0,212.0,540.22,85.76,S1
384002.0,UNIVERSITAS TRUNOJOYO MADURA,AGROBISNIS,Prov. Jawa Timur,Kab Bangkalan,UTM,Ilmu dan Sains Pertanian,"Biologi, Matematika",72.0,250.0,90.0,254.0,539.27,85.71,S1
384003.0,UNIVERSITAS TRUNOJOYO MADURA,TEKNOLOGI INDUSTRI PERTANIAN,Prov. Jawa Timur,Kab Bangkalan,UTM,Ilmu dan Sains Pertanian,"Biologi, Matematika",60.0,117.0,75.0,158.0,536.79,85.59,S1
384004.0,UNIVERSITAS TRUNOJOYO MADURA,ILMU KELAUTAN,Prov. Jawa Timur,Kab Bangkalan,UTM,Ilmu atau Sains Kelautan,"Biologi, Matematika, Geografi",53.0,106.0,82.0,127.0,543.26,85.91,S1
384005.0,UNIVERSITAS TRUNOJOYO MADURA,TEKNIK INDUSTRI,Prov. Jawa Timur,Kab Bangkalan,UTM,Teknik atau rekayasa,"Fisika, Matematika Tingkat Lanjut, Matematika",92.0,305.0,115.0,370.0,622.8,89.89,S1
384006.0,UNIVERSITAS TRUNOJOYO MADURA,TEKNIK INFORMATIKA,Prov. Jawa Timur,Kab Bangkalan,UTM,Ilmu atau Sains Informasi,"Matematika Tingkat Lanjut, Matematika",80.0,397.0,101.0,428.0,623.4,89.92,S1
384007.0,UNIVERSITAS TRUNOJOYO MADURA,TEKNIK ELEKTRO,Prov. Jawa Timur,Kab Bangkalan,UTM,Teknik atau rekayasa,"Fisika, Matematika Tingkat Lanjut, Matematika",49.0,105.0,61.0,115.0,627.14,90.11,S1
384008.0,UNIVERSITAS TRUNOJOYO MADURA,PENDIDIKAN INFORMATIKA,Prov. Jawa Timur,Kab Bangkalan,UTM,Pendidikan Informatika,"Matematika Tingkat Lanjut, Matematika",49.0,150.0,70.0,185.0,595.96,88.55,S1
384009.0,UNIVERSITAS TRUNOJOYO MADURA,PENDIDIKAN IPA,Prov. Jawa Timur,Kab Bangkalan,UTM,Pendidikan IPA,"Matematika, Biologi",45.0,239.0,75.0,271.0,552.61,86.38,S1
384010.0,UNIVERSITAS TRUNOJOYO MADURA,MANAJEMEN SUMBERDAYA PERAIRAN,Prov. Jawa Timur,Kab Bangkalan,UTM,"Bioteknologi, Biokewirausaha an, Bioinformatika","Biologi, Matematika",40.0,67.0,50.0,88.0,539.74,85.74,S1
384011.0,UNIVERSITAS TRUNOJOYO MADURA,TEKNIK MESIN,Prov. Jawa Timur,Kab Bangkalan,UTM,Teknik atau rekayasa,"Fisika, Matematika Tingkat Lanjut, Matematika",33.0,82.0,41.0,104.0,614.63,89.48,S1
384012.0,UNIVERSITAS TRUNOJOYO MADURA,TEKNIK MEKATRONIKA,Prov. Jawa Timur,Kab Bangkalan,UTM,Teknik atau rekayasa,"Fisika, Matematika Tingkat Lanjut, Matematika",33.0,36.0,41.0,73.0,602.67,88.88,S1
384013.0,UNIVERSITAS TRUNOJOYO MADURA,SISTEM INFORMASI,Prov. Jawa Timur,Kab Bangkalan,UTM,Ilmu atau Sains Informasi,"Matematika Tingkat Lanjut, Matematika",84.0,221.0,105.0,275.0,551.37,86.32,S1
384014.0,UNIVERSITAS TRUNOJOYO MADURA,HUKUM,Prov. Jawa Timur,Kab Bangkalan,UTM,Hukum,"Sosiologi, Pendidikan Pancasila",140.0,461.0,200.0,626.0,584.41,87.97,S1
384015.0,UNIVERSITAS TRUNOJOYO MADURA,SASTRA INGGRIS,Prov. Jawa Timur,Kab Bangkalan,UTM,Susastra atau Sastra,"Bahasa Indonesia, Bahasa Inggris, Bahasa Asing Lainnya",77.0,162.0,110.0,232.0,580.7,87.79,S1
384016.0,UNIVERSITAS TRUNOJOYO MADURA,SOSIOLOGI,Prov. Jawa Timur,Kab Bangkalan,UTM,Studi Humanitas,"Sosiologi, Pendidikan Pancasila, Antropologi",77.0,250.0,110.0,374.0,567.48,87.12,S1
384017.0,UNIVERSITAS TRUNOJOYO MADURA,ILMU KOMUNIKASI,Prov. Jawa Timur,Kab Bangkalan,UTM,Ilmu atau Sains Komunikasi,"Sosiologi, Bahasa Indonesia, Antropologi",70.0,394.0,100.0,571.0,607.18,89.11,S1
384018.0,UNIVERSITAS TRUNOJOYO MADURA,MANAJEMEN,Prov. Jawa Timur,Kab Bangkalan,UTM,Ilmu atau Sains Manajemen,"Ekonomi, Matematika",140.0,827.0,175.0,812.0,610.92,89.3,S1
384019.0,UNIVERSITAS TRUNOJOYO MADURA,AKUNTANSI - S1,Prov. Jawa Timur,Kab Bangkalan,UTM,Ilmu atau Sains Akuntansi,"Ekonomi, Matematika",120.0,428.0,150.0,439.0,613.75,89.44,S1
384020.0,UNIVERSITAS TRUNOJOYO MADURA,EKONOMI PEMBANGUNAN,Prov. Jawa Timur,Kab Bangkalan,UTM,Ekonomi,"Ekonomi, Matematika",92.0,269.0,115.0,320.0,595.26,88.51,S1
384021.0,UNIVERSITAS TRUNOJOYO MADURA,PSIKOLOGI,Prov. Jawa Timur,Kab Bangkalan,UTM,Psikologi,"Sosiologi, Matematika",70.0,443.0,100.0,572.0,612.08,89.35,S1
384022.0,UNIVERSITAS TRUNOJOYO MADURA,PENDIDIKAN GURU SD,Prov. Jawa Timur,Kab Bangkalan,UTM,Pendidikan SD,"Matematika, Bahasa Indonesia",70.0,658.0,100.0,678.0,536.84,85.59,S1
384023.0,UNIVERSITAS TRUNOJOYO MADURA,HUKUM BISNIS SYARIAH,Prov. Jawa Timur,Kab Bangkalan,UTM,Hukum,"Sosiologi, Pendidikan Pancasila",60.0,151.0,111.0,196.0,537.68,85.63,S1
384024.0,UNIVERSITAS TRUNOJOYO MADURA,EKONOMI SYARIAH,Prov. Jawa Timur,Kab Bangkalan,UTM,Ekonomi,"Ekonomi, Matematika",85.0,304.0,217.0,351.0,532.32,85.37,S1
384025.0,UNIVERSITAS TRUNOJOYO MADURA,PENDIDIKAN BAHASA DAN SASTRA INDONESIA,Prov. Jawa Timur,Kab Bangkalan,UTM,Pendidikan Bahasa Indonesia,Bahasa Indonesia,49.0,311.0,70.0,314.0,584.83,87.99,S1
384026.0,UNIVERSITAS TRUNOJOYO MADURA,PENDIDIKAN GURU PAUD,Prov. Jawa Timur,Kab Bangkalan,UTM,Pendidikan PAUD,"Matematika, Bahasa Indonesia",42.0,141.0,60.0,181.0,531.72,85.34,S1
384028.0,UNIVERSITAS TRUNOJOYO MADURA,AKUNTANSI - D3,Prov. Jawa Timur,Kab Bangkalan,UTM,Ilmu atau Sains Akuntansi,"Ekonomi, Matematika",15.0,0.0,40.0,0.0,0.0,0.0,D3
384029.0,UNIVERSITAS TRUNOJOYO MADURA,ENTERPRENEURSHIP,Prov. Jawa Timur,Kab Bangkalan,UTM,Bisnis,"Ekonomi, Matematika",15.0,0.0,40.0,0.0,0.0,0.0,D3
385001.0,UPN VETERAN JAWA TIMUR,AGROBISNIS,Prov. Jawa Timur,Kota Surabaya,UPN JATIM,Ilmu dan Sains Pertanian,"Biologi, Matematika",75.0,551.0,100.0,681.0,600.44,88.77,S1
385002.0,UPN VETERAN JAWA TIMUR,AGROTEKNOLOGI,Prov. Jawa Timur,Kota Surabaya,UPN JATIM,Ilmu dan Sains Pertanian,"Biologi, Matematika",80.0,475.0,107.0,446.0,592.89,88.39,S1
385003.0,UPN VETERAN JAWA TIMUR,TEKNIK KIMIA,Prov. Jawa Timur,Kota Surabaya,UPN JATIM,Teknik atau rekayasa,"Fisika, Matematika Tingkat Lanjut, Matematika",82.0,458.0,109.0,505.0,608.36,89.17,S1
385004.0,UPN VETERAN JAWA TIMUR,TEKNIK INDUSTRI,Prov. Jawa Timur,Kota Surabaya,UPN JATIM,Teknik atau rekayasa,"Fisika, Matematika Tingkat Lanjut, Matematika",75.0,743.0,100.0,1123.0,612.85,89.39,S1
385005.0,UPN VETERAN JAWA TIMUR,TEKNOLOGI PANGAN,Prov. Jawa Timur,Kota Surabaya,UPN JATIM,"Teknologi Pangan, Teknologi Hasil Pertanian/ Peternakan/ Perikanan","Kimia, Biologi, Matematika",45.0,450.0,60.0,941.0,605.62,89.03,S1
385006.0,UPN VETERAN JAWA TIMUR,INFORMATIKA,Prov. Jawa Timur,Kota Surabaya,UPN JATIM,Ilmu atau Sains Informasi,"Matematika Tingkat Lanjut, Matematika",105.0,888.0,140.0,118.0,624.21,89.96,S1
385007.0,UPN VETERAN JAWA TIMUR,SISTEM INFORMASI,Prov. Jawa Timur,Kota Surabaya,UPN JATIM,Ilmu atau Sains Informasi,"Matematika Tingkat Lanjut, Matematika",78.0,726.0,104.0,1275.0,606.77,89.09,S1
385008.0,UPN VETERAN JAWA TIMUR,ARSITEKTUR,Prov. Jawa Timur,Kota Surabaya,UPN JATIM,Arsitektur,"Matematika, Fisika",45.0,351.0,60.0,569.0,618.05,89.65,S1
385009.0,UPN VETERAN JAWA TIMUR,TEKNIK LINGKUNGAN,Prov. Jawa Timur,Kota Surabaya,UPN JATIM,Ilmu atau Sains Lingkungan,"Biologi, Matematika",48.0,477.0,64.0,704.0,608.54,89.18,S1
385010.0,UPN VETERAN JAWA TIMUR,TEKNIK SIPIL,Prov. Jawa Timur,Kota Surabaya,UPN JATIM,Teknik atau rekayasa,"Fisika, Matematika Tingkat Lanjut, Matematika",48.0,472.0,64.0,778.0,621.29,89.81,S1
385011.0,UPN VETERAN JAWA TIMUR,DESAIN KOMUNIKASI VISUAL (DKV),Prov. Jawa Timur,Kota Surabaya,UPN JATIM,Desain,"Seni Budaya, Matematika",51.0,184.0,68.0,371.0,606.41,89.07,S1
385012.0,UPN VETERAN JAWA TIMUR,SAINS DATA,Prov. Jawa Timur,Kota Surabaya,UPN JATIM,Sains Data,"Matematika Tingkat Lanjut, Matematika",39.0,302.0,52.0,467.0,577.92,87.65,S1
385013.0,UPN VETERAN JAWA TIMUR,TEKNIK MESIN,Prov. Jawa Timur,Kota Surabaya,UPN JATIM,Teknik atau rekayasa,"Fisika, Matematika Tingkat Lanjut, Matematika",33.0,158.0,44.0,305.0,629.25,90.21,S1
385014.0,UPN VETERAN JAWA TIMUR,EKONOMI PEMBANGUNAN,Prov. Jawa Timur,Kota Surabaya,UPN JATIM,Ekonomi,"Ekonomi, Matematika",75.0,524.0,100.0,1096.0,594.08,88.45,S1
385015.0,UPN VETERAN JAWA TIMUR,MANAJEMEN,Prov. Jawa Timur,Kota Surabaya,UPN JATIM,Ilmu atau Sains Manajemen,"Ekonomi, Matematika",150.0,1243.0,200.0,1789.0,602.69,88.88,S1
385016.0,UPN VETERAN JAWA TIMUR,AKUNTANSI,Prov. Jawa Timur,Kota Surabaya,UPN JATIM,Ilmu atau Sains Akuntansi,"Ekonomi, Matematika",120.0,808.0,160.0,906.0,614.25,89.46,S1
385017.0,UPN VETERAN JAWA TIMUR,ADMINISTRASI PUBLIK,Prov. Jawa Timur,Kota Surabaya,UPN JATIM,Administrasi Bisnis,"Ekonomi, Matematika",96.0,671.0,128.0,875.0,594.87,88.49,S1
385018.0,UPN VETERAN JAWA TIMUR,ADMINISTRASI BISNIS,Prov. Jawa Timur,Kota Surabaya,UPN JATIM,Administrasi Bisnis,"Ekonomi, Matematika",99.0,1009.0,132.0,155.0,589.78,88.24,S1
385019.0,UPN VETERAN JAWA TIMUR,ILMU KOMUNIKASI,Prov. Jawa Timur,Kota Surabaya,UPN JATIM,Ilmu atau Sains Komunikasi,"Sosiologi, Bahasa Indonesia, Antropologi",105.0,1135.0,140.0,1879.0,610.83,89.29,S1
385020.0,UPN VETERAN JAWA TIMUR,HUBUNGAN INTERNASIONAL,Prov. Jawa Timur,Kota Surabaya,UPN JATIM,Ilmu atau Sains Komunikasi,"Sosiologi, Bahasa Indonesia, Antropologi",42.0,407.0,56.0,540.0,617.34,89.62,S1
385021.0,UPN VETERAN JAWA TIMUR,HUKUM,Prov. Jawa Timur,Kota Surabaya,UPN JATIM,Hukum,"Sosiologi, Pendidikan Pancasila",105.0,702.0,140.0,1304.0,575.59,87.53,S1
385022.0,UPN VETERAN JAWA TIMUR,PARIWISATA,Prov. Jawa Timur,Kota Surabaya,UPN JATIM,Pariwisata,"Ekonomi, Matematika",30.0,312.0,40.0,498.0,570.1,87.26,S1
385023.0,UPN VETERAN JAWA TIMUR,KEWIRAUSAHAAN,Prov. Jawa Timur,Kota Surabaya,UPN JATIM,Bisnis,"Ekonomi, Matematika",30.0,0.0,40.0,0.0,0.0,0.0,S1
385024.0,UPN VETERAN JAWA TIMUR,FISIKA,Prov. Jawa Timur,Kota Surabaya,UPN JATIM,Fisika,"Fisika, Matematika",24.0,0.0,32.0,0.0,0.0,0.0,S1
385025.0,UPN VETERAN JAWA TIMUR,DESAIN INTERIOR,Prov. Jawa Timur,Kota Surabaya,UPN JATIM,Desain,"Seni Budaya, Matematika",24.0,0.0,32.0,0.0,0.0,0.0,S1
385026.0,UPN VETERAN JAWA TIMUR,LINGUISTIK INDONESIA,Prov. Jawa Timur,Kota Surabaya,UPN JATIM,Linguistik,"Bahasa Indonesia, Bahasa Inggris",12.0,0.0,16.0,0.0,0.0,0.0,S1
385027.0,UPN VETERAN JAWA TIMUR,BISNIS DIGITAL,Prov. Jawa Timur,Kota Surabaya,UPN JATIM,Bisnis,"Ekonomi, Matematika",12.0,0.0,16.0,0.0,0.0,0.0,S1
386001.0,UNIVERSITAS ISLAM NEGERI SUNAN AMPEL SURABAYA,PENDIDIKAN MATEMATIKA,Prov. Jawa Timur,Kota Surabaya,UIN SUNAN AMPEL,Pendidikan Matematika,"Matematika, Matematika Tingkat Lanjut",21.0,190.0,53.0,162.0,539.79,85.74,S1
386002.0,UNIVERSITAS ISLAM NEGERI SUNAN AMPEL SURABAYA,TEKNIK LINGKUNGAN,Prov. Jawa Timur,Kota Surabaya,UIN SUNAN AMPEL,Ilmu atau Sains Lingkungan,"Biologi, Matematika",14.0,162.0,35.0,214.0,553.67,86.43,S1
386003.0,UNIVERSITAS ISLAM NEGERI SUNAN AMPEL SURABAYA,ARSITEKTUR,Prov. Jawa Timur,Kota Surabaya,UIN SUNAN AMPEL,Arsitektur,"Matematika, Fisika",14.0,160.0,35.0,174.0,614.53,89.48,S1
386004.0,UNIVERSITAS ISLAM NEGERI SUNAN AMPEL SURABAYA,SISTEM INFORMASI,Prov. Jawa Timur,Kota Surabaya,UIN SUNAN AMPEL,Ilmu atau Sains Informasi,"Matematika Tingkat Lanjut, Matematika",14.0,240.0,35.0,248.0,558.35,86.67,S1
386005.0,UNIVERSITAS ISLAM NEGERI SUNAN AMPEL SURABAYA,ILMU KELAUTAN,Prov. Jawa Timur,Kota Surabaya,UIN SUNAN AMPEL,Ilmu atau Sains Kelautan,"Biologi, Matematika, Geografi",14.0,88.0,35.0,86.0,552.33,86.37,S1
386006.0,UNIVERSITAS ISLAM NEGERI SUNAN AMPEL SURABAYA,BIOLOGI,Prov. Jawa Timur,Kota Surabaya,UIN SUNAN AMPEL,Biologi,"Biologi, Matematika",14.0,189.0,35.0,145.0,552.8,86.39,S1
386007.0,UNIVERSITAS ISLAM NEGERI SUNAN AMPEL SURABAYA,MATEMATIKA,Prov. Jawa Timur,Kota Surabaya,UIN SUNAN AMPEL,Matematika,"Matematika Tingkat Lanjut, Matematika",14.0,121.0,35.0,71.0,573.12,87.41,S1
386008.0,UNIVERSITAS ISLAM NEGERI SUNAN AMPEL SURABAYA,PENDIDIKAN IPA,Prov. Jawa Timur,Kota Surabaya,UIN SUNAN AMPEL,Pendidikan IPA,"Matematika, Biologi",14.0,207.0,35.0,130.0,537.12,85.61,S1
386009.0,UNIVERSITAS ISLAM NEGERI SUNAN AMPEL SURABAYA,TEKNIK SIPIL,Prov. Jawa Timur,Kota Surabaya,UIN SUNAN AMPEL,Teknik atau rekayasa,"Fisika, Matematika Tingkat Lanjut, Matematika",14.0,72.0,35.0,157.0,561.99,86.85,S1
386010.0,UNIVERSITAS ISLAM NEGERI SUNAN AMPEL SURABAYA,PENDIDIKAN BAHASA INGGRIS,Prov. Jawa Timur,Kota Surabaya,UIN SUNAN AMPEL,Pendidikan Bahasa Inggris,Bahasa Inggris,21.0,227.0,53.0,183.0,533.49,85.42,S1
386014.0,UNIVERSITAS ISLAM NEGERI SUNAN AMPEL SURABAYA,SOSIOLOGI,Prov. Jawa Timur,Kota Surabaya,UIN SUNAN AMPEL,Studi Humanitas,"Sosiologi, Pendidikan Pancasila, Antropologi",23.0,286.0,55.0,331.0,576.12,87.56,S1
386015.0,UNIVERSITAS ISLAM NEGERI SUNAN AMPEL SURABAYA,ILMU KOMUNIKASI,Prov. Jawa Timur,Kota Surabaya,UIN SUNAN AMPEL,Ilmu atau Sains Komunikasi,"Sosiologi, Bahasa Indonesia, Antropologi",28.0,441.0,70.0,493.0,620.27,89.76,S1
386016.0,UNIVERSITAS ISLAM NEGERI SUNAN AMPEL SURABAYA,PSIKOLOGI,Prov. Jawa Timur,Kota Surabaya,UIN SUNAN AMPEL,Psikologi,"Sosiologi, Matematika",35.0,693.0,88.0,612.0,625.02,90.0,S1
386032.0,UNIVERSITAS ISLAM NEGERI SUNAN AMPEL SURABAYA,SASTRA INGGRIS,Prov. Jawa Timur,Kota Surabaya,UIN SUNAN AMPEL,Susastra atau Sastra,"Bahasa Indonesia, Bahasa Inggris, Bahasa Asing Lainnya",21.0,203.0,53.0,188.0,554.51,86.48,S1
386033.0,UNIVERSITAS ISLAM NEGERI SUNAN AMPEL SURABAYA,EKONOMI,Prov. Jawa Timur,Kota Surabaya,UIN SUNAN AMPEL,Ekonomi,"Ekonomi, Matematika",21.0,218.0,53.0,205.0,622.9,89.9,S1
386034.0,UNIVERSITAS ISLAM NEGERI SUNAN AMPEL SURABAYA,AKUNTANSI,Prov. Jawa Timur,Kota Surabaya,UIN SUNAN AMPEL,Ilmu atau Sains Akuntansi,"Ekonomi, Matematika",28.0,336.0,70.0,267.0,624.66,89.98,S1
386035.0,UNIVERSITAS ISLAM NEGERI SUNAN AMPEL SURABAYA,MANAJEMEN,Prov. Jawa Timur,Kota Surabaya,UIN SUNAN AMPEL,Ilmu atau Sains Manajemen,"Ekonomi, Matematika",28.0,661.0,70.0,556.0,626.71,90.09,S1
386036.0,UNIVERSITAS ISLAM NEGERI SUNAN AMPEL SURABAYA,ILMU POLITIK,Prov. Jawa Timur,Kota Surabaya,UIN SUNAN AMPEL,Sosial,"Sosiologi, Sejarah, Antropologi",23.0,138.0,55.0,159.0,607.48,89.12,S1
386037.0,UNIVERSITAS ISLAM NEGERI SUNAN AMPEL SURABAYA,HUBUNGAN INTERNASIONAL,Prov. Jawa Timur,Kota Surabaya,UIN SUNAN AMPEL,Ilmu atau Sains Komunikasi,"Sosiologi, Bahasa Indonesia, Antropologi",23.0,209.0,55.0,178.0,626.15,90.06,S1
386040.0,UNIVERSITAS ISLAM NEGERI SUNAN AMPEL SURABAYA,SASTRA INDONESIA,Prov. Jawa Timur,Kota Surabaya,UIN SUNAN AMPEL,Susastra atau Sastra,"Bahasa Indonesia, Bahasa Inggris, Bahasa Asing Lainnya",19.0,231.0,48.0,201.0,586.49,88.07,S1
386041.0,UNIVERSITAS ISLAM NEGERI SUNAN AMPEL SURABAYA,HUKUM,Prov. Jawa Timur,Kota Surabaya,UIN SUNAN AMPEL,Hukum,"Sosiologi, Pendidikan Pancasila",32.0,349.0,80.0,306.0,612.88,89.39,S1
386042.0,UNIVERSITAS ISLAM NEGERI SUNAN AMPEL SURABAYA,ILMU GIZI,Prov. Jawa Timur,Kota Surabaya,UIN SUNAN AMPEL,Kesehatan,"Biologi, Matematika",14.0,0.0,35.0,0.0,0.0,0.0,S1
421001.0,POLITEKNIK NEGERI JAKARTA,TEKNIK KONSTRUKSI GEDUNG,Prov. Jawa Barat,Kota Depok,PNJ,Teknik atau rekayasa,"Fisika, Matematika Tingkat Lanjut, Matematika",36.0,185.0,36.0,253.0,500.79,83.79,D4
421002.0,POLITEKNIK NEGERI JAKARTA,TEKNIK PERANCANGAN JALAN DAN JEMBATAN,Prov. Jawa Barat,Kota Depok,PNJ,Teknik atau rekayasa,"Fisika, Matematika Tingkat Lanjut, Matematika",24.0,92.0,24.0,181.0,507.05,84.1,D4
421003.0,POLITEKNIK NEGERI JAKARTA,MANUFAKTUR,Prov. Jawa Barat,Kota Depok,PNJ,Teknik atau rekayasa,"Fisika, Matematika Tingkat Lanjut, Matematika",24.0,194.0,24.0,167.0,510.33,84.27,D4
421004.0,POLITEKNIK NEGERI JAKARTA,PEMBANGKIT TENAGA LISTRIK,Prov. Jawa Barat,Kota Depok,PNJ,Teknik atau rekayasa,"Fisika, Matematika Tingkat Lanjut, Matematika",24.0,90.0,24.0,124.0,500.85,83.79,D4
421005.0,POLITEKNIK NEGERI JAKARTA,TEKNIK OTOMASI LISTRIK INDUSTRI,Prov. Jawa Barat,Kota Depok,PNJ,Teknik atau rekayasa,"Fisika, Matematika Tingkat Lanjut, Matematika",20.0,80.0,20.0,132.0,501.97,83.85,D4
421006.0,POLITEKNIK NEGERI JAKARTA,INSTRUMENTASI DAN KONTROL INDUSTRI,Prov. Jawa Barat,Kota Depok,PNJ,Komputer,"Matematika Tingkat Lanjut, Matematika",20.0,57.0,20.0,87.0,489.82,83.24,D4
421007.0,POLITEKNIK NEGERI JAKARTA,BROADBAND MULTIMEDIA,Prov. Jawa Barat,Kota Depok,PNJ,Ilmu atau Sains Komunikasi,"Sosiologi, Bahasa Indonesia, Antropologi",20.0,57.0,20.0,134.0,511.22,84.31,D4
421008.0,POLITEKNIK NEGERI JAKARTA,TEKNIK INFORMATIKA,Prov. Jawa Barat,Kota Depok,PNJ,Ilmu atau Sains Informasi,"Matematika Tingkat Lanjut, Matematika",24.0,526.0,24.0,802.0,527.35,85.12,D4
421009.0,POLITEKNIK NEGERI JAKARTA,TEKNIK MULTIMEDIA DAN JARINGAN,Prov. Jawa Barat,Kota Depok,PNJ,Teknik atau rekayasa,"Fisika, Matematika Tingkat Lanjut, Matematika",24.0,204.0,24.0,253.0,502.5,83.88,D4
421010.0,POLITEKNIK NEGERI JAKARTA,TEKNIK MULTIMEDIA DIGITAL,Prov. Jawa Barat,Kota Depok,PNJ,Teknik atau rekayasa,"Fisika, Matematika Tingkat Lanjut, Matematika",24.0,269.0,24.0,365.0,507.84,84.14,D4
421011.0,POLITEKNIK NEGERI JAKARTA,DESAIN GRAFIS,Prov. Jawa Barat,Kota Depok,PNJ,Desain,"Seni Budaya, Matematika",44.0,424.0,44.0,384.0,513.72,84.44,D4
421012.0,POLITEKNIK NEGERI JAKARTA,TEKNOLOGI INDUSTRI CETAK KEMASAN,Prov. Jawa Barat,Kota Depok,PNJ,Teknik atau rekayasa,"Fisika, Matematika Tingkat Lanjut, Matematika",33.0,75.0,33.0,89.0,499.66,83.73,D4
421014.0,POLITEKNIK NEGERI JAKARTA,MANUFAKTUR (KAMPUS PEKALONGAN),Prov. Jawa Barat,Kota Depok,PNJ,Teknik atau rekayasa,"Fisika, Matematika Tingkat Lanjut, Matematika",12.0,4.0,12.0,5.0,506.1,84.06,D4
421015.0,POLITEKNIK NEGERI JAKARTA,TEKNOLOGI REKAYASA KONVERSI ENERGI,Prov. Jawa Barat,Kota Depok,PNJ,Teknik atau rekayasa,"Fisika, Matematika Tingkat Lanjut, Matematika",24.0,0.0,24.0,82.0,502.81,83.89,D4
421016.0,POLITEKNIK NEGERI JAKARTA,TEKNOLOGI REKAYASA PEMELIHARAAN ALAT BERAT,Prov. Jawa Barat,Kota Depok,PNJ,Teknik atau rekayasa,"Fisika, Matematika Tingkat Lanjut, Matematika",20.0,0.0,20.0,128.0,500.73,83.79,D4
421017.0,POLITEKNIK NEGERI JAKARTA,AKUNTANSI KEUANGAN,Prov. Jawa Barat,Kota Depok,PNJ,Ilmu atau Sains Akuntansi,"Ekonomi, Matematika",24.0,278.0,24.0,409.0,506.23,84.06,D4
421018.0,POLITEKNIK NEGERI JAKARTA,KEUANGAN DAN PERBANKAN - D4,Prov. Jawa Barat,Kota Depok,PNJ,Ekonomi,"Ekonomi, Matematika",24.0,194.0,24.0,325.0,500.05,83.75,D4
421019.0,POLITEKNIK NEGERI JAKARTA,KEUANGAN DAN PERBANKAN SYARIAH,Prov. Jawa Barat,Kota Depok,PNJ,Ilmu atau Sains Akuntansi,"Ekonomi, Matematika",24.0,161.0,24.0,258.0,507.97,84.15,D4
421020.0,POLITEKNIK NEGERI JAKARTA,MANAJEMEN KEUANGAN,Prov. Jawa Barat,Kota Depok,PNJ,Ilmu atau Sains Manajemen,"Ekonomi, Matematika",24.0,278.0,24.0,459.0,511.18,84.31,D4
421021.0,POLITEKNIK NEGERI JAKARTA,"USAHA JASA KONVENSI, PERJALANAN INSENTIF DAN PAMERAN",Prov. Jawa Barat,Kota Depok,PNJ,Pariwisata,"Ekonomi, Matematika",48.0,185.0,48.0,381.0,507.91,84.15,D4
421022.0,POLITEKNIK NEGERI JAKARTA,ADMINISTRASI BISNIS TERAPAN,Prov. Jawa Barat,Kota Depok,PNJ,Administrasi Bisnis,"Ekonomi, Matematika",48.0,485.0,48.0,685.0,496.75,83.59,D4
421023.0,POLITEKNIK NEGERI JAKARTA,BAHASA INGGRIS UNTUK KOMUNIKASI BISNIS DAN PROFESIONAL,Prov. Jawa Barat,Kota Depok,PNJ,Linguistik,"Bahasa Indonesia, Bahasa Inggris",36.0,118.0,36.0,300.0,499.12,83.71,D4
421024.0,POLITEKNIK NEGERI JAKARTA,"USAHA JASA KONVENSI, PERJALANAN INSENTIF DAN PAMERAN (KAMPUS DEMAK)",Prov. Jawa Barat,Kota Depok,PNJ,Pariwisata,"Ekonomi, Matematika",24.0,20.0,24.0,21.0,496.87,83.59,D4
421025.0,POLITEKNIK NEGERI JAKARTA,ADMINISTRASI BISNIS,Prov. Jawa Barat,Kota Depok,PNJ,Administrasi Bisnis,"Ekonomi, Matematika",48.0,0.0,48.0,0.0,0.0,0.0,D3
421026.0,POLITEKNIK NEGERI JAKARTA,TEKNIK MESIN (KAMPUS KAB. DEMAK),Prov. Jawa Barat,Kota Depok,PNJ,Teknik atau rekayasa,"Fisika, Matematika Tingkat Lanjut, Matematika",12.0,0.0,12.0,0.0,0.0,0.0,D3
421027.0,POLITEKNIK NEGERI JAKARTA,TEKNIK MESIN,Prov. Jawa Barat,Kota Depok,PNJ,Teknik atau rekayasa,"Fisika, Matematika Tingkat Lanjut, Matematika",72.0,0.0,72.0,0.0,0.0,0.0,D3
421028.0,POLITEKNIK NEGERI JAKARTA,ELEKTRONIKA INDUSTRI,Prov. Jawa Barat,Kota Depok,PNJ,Teknik atau rekayasa,"Fisika, Matematika Tingkat Lanjut, Matematika",39.0,0.0,39.0,0.0,0.0,0.0,D3
421029.0,POLITEKNIK NEGERI JAKARTA,PENERBITAN,Prov. Jawa Barat,Kota Depok,PNJ,Urusan Publik,"Sosiologi, Pendidikan Pancasila",54.0,0.0,54.0,0.0,0.0,0.0,D3
421030.0,POLITEKNIK NEGERI JAKARTA,TEKNIK GRAFIKA,Prov. Jawa Barat,Kota Depok,PNJ,Teknik atau rekayasa,"Fisika, Matematika Tingkat Lanjut, Matematika",24.0,0.0,24.0,0.0,0.0,0.0,D3
421032.0,POLITEKNIK NEGERI JAKARTA,KONSTRUKSI GEDUNG,Prov. Jawa Barat,Kota Depok,PNJ,Teknik atau rekayasa,"Fisika, Matematika Tingkat Lanjut, Matematika",24.0,0.0,24.0,0.0,0.0,0.0,D3
421033.0,POLITEKNIK NEGERI JAKARTA,TELEKOMUNIKASI,Prov. Jawa Barat,Kota Depok,PNJ,Teknik atau rekayasa,"Fisika, Matematika Tingkat Lanjut, Matematika",39.0,0.0,39.0,0.0,0.0,0.0,D3
421034.0,POLITEKNIK NEGERI JAKARTA,TEKNIK LISTRIK,Prov. Jawa Barat,Kota Depok,PNJ,Teknik atau rekayasa,"Fisika, Matematika Tingkat Lanjut, Matematika",39.0,0.0,39.0,0.0,0.0,0.0,D3
421035.0,POLITEKNIK NEGERI JAKARTA,KEUANGAN DAN PERBANKAN - D3,Prov. Jawa Barat,Kota Depok,PNJ,Ilmu atau Sains Akuntansi,"Ekonomi, Matematika",24.0,0.0,24.0,0.0,0.0,0.0,D3
421036.0,POLITEKNIK NEGERI JAKARTA,AKUNTANSI,Prov. Jawa Barat,Kota Depok,PNJ,Ilmu atau Sains Akuntansi,"Ekonomi, Matematika",24.0,0.0,24.0,0.0,0.0,0.0,D3
421039.0,POLITEKNIK NEGERI JAKARTA,KONSTRUKSI SIPIL,Prov. Jawa Barat,Kota Depok,PNJ,Teknik atau rekayasa,"Fisika, Matematika Tingkat Lanjut, Matematika",36.0,0.0,36.0,0.0,0.0,0.0,D3
422001.0,POLITEKNIK NEGERI MEDIA KREATIF,TEKNOLOGI REKAYASA MULTIMEDIA,Prov. D.K.I. Jakarta,Kota Jakarta Selatan,POLIMEDIA,Teknik atau rekayasa,"Fisika, Matematika Tingkat Lanjut, Matematika",51.0,189.0,64.0,259.0,546.44,86.07,D4
422002.0,POLITEKNIK NEGERI MEDIA KREATIF,TEKNOLOGI PERMAINAN,Prov. D.K.I. Jakarta,Kota Jakarta Selatan,POLIMEDIA,Komputer,"Matematika Tingkat Lanjut, Matematika",26.0,44.0,32.0,76.0,542.33,85.87,D4
422003.0,POLITEKNIK NEGERI MEDIA KREATIF,DESAIN MODE,Prov. D.K.I. Jakarta,Kota Jakarta Selatan,POLIMEDIA,Seni,Seni Budaya,26.0,42.0,32.0,57.0,538.25,85.66,D4
422004.0,POLITEKNIK NEGERI MEDIA KREATIF,PENGELOLAAN PERHOTELAN,Prov. D.K.I. Jakarta,Kota Jakarta Selatan,POLIMEDIA,Ilmu atau Sains Manajemen,"Ekonomi, Matematika",26.0,111.0,32.0,143.0,532.38,85.37,D4
422005.0,POLITEKNIK NEGERI MEDIA KREATIF,ANIMASI,Prov. D.K.I. Jakarta,Kota Jakarta Selatan,POLIMEDIA,Desain,"Seni Budaya, Matematika",51.0,96.0,64.0,127.0,552.83,86.39,D4
422006.0,POLITEKNIK NEGERI MEDIA KREATIF,TEKNIK GRAFIKA (KAMPUS MEDAN),Prov. D.K.I. Jakarta,Kota Jakarta Selatan,POLIMEDIA,Teknik atau rekayasa,"Fisika, Matematika Tingkat Lanjut, Matematika",26.0,0.0,32.0,0.0,0.0,0.0,D3
422007.0,POLITEKNIK NEGERI MEDIA KREATIF,PENYIARAN,Prov. D.K.I. Jakarta,Kota Jakarta Selatan,POLIMEDIA,Ilmu atau Sains Komunikasi,"Sosiologi, Bahasa Indonesia, Antropologi",51.0,0.0,64.0,0.0,0.0,0.0,D3
422008.0,POLITEKNIK NEGERI MEDIA KREATIF,DESAIN GRAFIS (KAMPUS MEDAN),Prov. D.K.I. Jakarta,Kota Jakarta Selatan,POLIMEDIA,Desain,"Seni Budaya, Matematika",77.0,0.0,96.0,0.0,0.0,0.0,D3
422009.0,POLITEKNIK NEGERI MEDIA KREATIF,FOTOGRAFI,Prov. D.K.I. Jakarta,Kota Jakarta Selatan,POLIMEDIA,Seni,Seni Budaya,51.0,0.0,64.0,0.0,0.0,0.0,D3
422010.0,POLITEKNIK NEGERI MEDIA KREATIF,PEMELIHARAAN MESIN,Prov. D.K.I. Jakarta,Kota Jakarta Selatan,POLIMEDIA,Teknik atau rekayasa,"Fisika, Matematika Tingkat Lanjut, Matematika",26.0,0.0,32.0,0.0,0.0,0.0,D3
422011.0,POLITEKNIK NEGERI MEDIA KREATIF,TEKNIK GRAFIKA,Prov. D.K.I. Jakarta,Kota Jakarta Selatan,POLIMEDIA,Teknik atau rekayasa,"Fisika, Matematika Tingkat Lanjut, Matematika",38.0,0.0,48.0,0.0,0.0,0.0,D3
422012.0,POLITEKNIK NEGERI MEDIA KREATIF,PENERBITAN,Prov. D.K.I. Jakarta,Kota Jakarta Selatan,POLIMEDIA,Urusan Publik,"Sosiologi, Pendidikan Pancasila",51.0,0.0,64.0,0.0,0.0,0.0,D3
422013.0,POLITEKNIK NEGERI MEDIA KREATIF,DESAIN GRAFIS (KAMPUS MAKASSAR),Prov. D.K.I. Jakarta,Kota Jakarta Selatan,POLIMEDIA,Desain,"Seni Budaya, Matematika",38.0,0.0,48.0,0.0,0.0,0.0,D3
422014.0,POLITEKNIK NEGERI MEDIA KREATIF,TEKNIK GRAFIKA (KAMPUS MAKASSAR),Prov. D.K.I. Jakarta,Kota Jakarta Selatan,POLIMEDIA,Teknik atau rekayasa,"Fisika, Matematika Tingkat Lanjut, Matematika",26.0,0.0,32.0,0.0,0.0,0.0,D3
422015.0,POLITEKNIK NEGERI MEDIA KREATIF,DESAIN GRAFIS,Prov. D.K.I. Jakarta,Kota Jakarta Selatan,POLIMEDIA,Desain,"Seni Budaya, Matematika",64.0,0.0,80.0,0.0,0.0,0.0,D3
422016.0,POLITEKNIK NEGERI MEDIA KREATIF,SENI KULINER,Prov. D.K.I. Jakarta,Kota Jakarta Selatan,POLIMEDIA,Seni,Seni Budaya,26.0,0.0,32.0,0.0,0.0,0.0,D3
422017.0,POLITEKNIK NEGERI MEDIA KREATIF,PERIKLANAN,Prov. D.K.I. Jakarta,Kota Jakarta Selatan,POLIMEDIA,Ilmu atau Sains Komunikasi,"Sosiologi, Bahasa Indonesia, Antropologi",64.0,0.0,80.0,0.0,0.0,0.0,D3
422018.0,POLITEKNIK NEGERI MEDIA KREATIF,TEKNIK KEMASAN,Prov. D.K.I. Jakarta,Kota Jakarta Selatan,POLIMEDIA,Teknik atau rekayasa,"Fisika, Matematika Tingkat Lanjut, Matematika",26.0,0.0,32.0,0.0,0.0,0.0,D3
422019.0,POLITEKNIK NEGERI MEDIA KREATIF,FILM DAN TELEVISI,Prov. D.K.I. Jakarta,Kota Jakarta Selatan,POLIMEDIA,Ilmu atau Sains Komunikasi,"Sosiologi, Bahasa Indonesia, Antropologi",26.0,0.0,32.0,0.0,0.0,0.0,D4
422020.0,POLITEKNIK NEGERI MEDIA KREATIF,PENERBITAN (KAMPUS MAKASSAR),Prov. D.K.I. Jakarta,Kota Jakarta Selatan,POLIMEDIA,Urusan Publik,"Sosiologi, Pendidikan Pancasila",26.0,0.0,32.0,0.0,0.0,0.0,D3
431001.0,POLITEKNIK NEGERI BANDUNG,TEKNIK PERANCANGAN JALAN DAN JEMBATAN,Prov. Jawa Barat,Kab Bandung Barat,POLBAN,Teknik atau rekayasa,"Fisika, Matematika Tingkat Lanjut, Matematika",16.0,232.0,29.0,384.0,551.72,86.34,D4
431002.0,POLITEKNIK NEGERI BANDUNG,TEKNIK PERAWATAN DAN PERBAIKAN GEDUNG,Prov. Jawa Barat,Kab Bandung Barat,POLBAN,Teknik atau rekayasa,"Fisika, Matematika Tingkat Lanjut, Matematika",16.0,154.0,29.0,233.0,571.58,87.33,D4
431003.0,POLITEKNIK NEGERI BANDUNG,TEKNIK PERANCANGAN DAN KONSTRUKSI MESIN,Prov. Jawa Barat,Kab Bandung Barat,POLBAN,Teknik atau rekayasa,"Fisika, Matematika Tingkat Lanjut, Matematika",24.0,302.0,44.0,349.0,573.23,87.41,D4
431004.0,POLITEKNIK NEGERI BANDUNG,PROSES MANUFAKTUR,Prov. Jawa Barat,Kab Bandung Barat,POLBAN,Teknik atau rekayasa,"Fisika, Matematika Tingkat Lanjut, Matematika",16.0,124.0,29.0,163.0,589.08,88.2,D4
431005.0,POLITEKNIK NEGERI BANDUNG,TEKNIK PENDINGIN DAN TATA UDARA - D4,Prov. Jawa Barat,Kab Bandung Barat,POLBAN,Teknik atau rekayasa,"Fisika, Matematika Tingkat Lanjut, Matematika",24.0,70.0,44.0,136.0,589.73,88.24,D4
431006.0,POLITEKNIK NEGERI BANDUNG,TEKNOLOGI PEMBANGKIT TENAGA LISTRIK,Prov. Jawa Barat,Kab Bandung Barat,POLBAN,Teknik atau rekayasa,"Fisika, Matematika Tingkat Lanjut, Matematika",24.0,124.0,44.0,168.0,603.61,88.93,D4
431007.0,POLITEKNIK NEGERI BANDUNG,TEKNIK KONSERVASI ENERGI,Prov. Jawa Barat,Kab Bandung Barat,POLBAN,Teknik atau rekayasa,"Fisika, Matematika Tingkat Lanjut, Matematika",16.0,130.0,29.0,149.0,561.37,86.82,D4
431008.0,POLITEKNIK NEGERI BANDUNG,TEKNIK ELEKTRONIKA - D4,Prov. Jawa Barat,Kab Bandung Barat,POLBAN,Teknik atau rekayasa,"Fisika, Matematika Tingkat Lanjut, Matematika",16.0,257.0,29.0,320.0,602.36,88.87,D4
431009.0,POLITEKNIK NEGERI BANDUNG,TEKNIK OTOMASI INDUSTRI,Prov. Jawa Barat,Kab Bandung Barat,POLBAN,Teknik atau rekayasa,"Fisika, Matematika Tingkat Lanjut, Matematika",16.0,163.0,29.0,208.0,583.15,87.91,D4
431010.0,POLITEKNIK NEGERI BANDUNG,KIMIA PRODUKSI BERSIH,Prov. Jawa Barat,Kab Bandung Barat,POLBAN,Kimia,"Kimia, Matematika",16.0,189.0,29.0,233.0,546.98,86.1,D4
431011.0,POLITEKNIK NEGERI BANDUNG,TEKNIK INFORMATIKA - D4,Prov. Jawa Barat,Kab Bandung Barat,POLBAN,Ilmu atau Sains Informasi,"Matematika Tingkat Lanjut, Matematika",16.0,778.0,29.0,1172.0,611.04,89.3,D4
431012.0,POLITEKNIK NEGERI BANDUNG,TEKNIK TELEKOMUNIKASI NIRKABEL,Prov. Jawa Barat,Kab Bandung Barat,POLBAN,Teknik atau rekayasa,"Fisika, Matematika Tingkat Lanjut, Matematika",24.0,177.0,44.0,203.0,576.25,87.56,D4
431013.0,POLITEKNIK NEGERI BANDUNG,KEUANGAN SYARIAH,Prov. Jawa Barat,Kab Bandung Barat,POLBAN,Ilmu atau Sains Akuntansi,"Ekonomi, Matematika",24.0,169.0,44.0,214.0,547.97,86.15,D4
431014.0,POLITEKNIK NEGERI BANDUNG,AKUNTANSI MANAJEMEN,Prov. Jawa Barat,Kab Bandung Barat,POLBAN,Urusan Publik,"Sosiologi, Pendidikan Pancasila",16.0,288.0,29.0,324.0,570.35,87.27,D4
431015.0,POLITEKNIK NEGERI BANDUNG,AKUNTANSI - D4,Prov. Jawa Barat,Kab Bandung Barat,POLBAN,Ilmu atau Sains Akuntansi,"Ekonomi, Matematika",16.0,334.0,29.0,461.0,601.29,88.81,D4
431016.0,POLITEKNIK NEGERI BANDUNG,ADMINISTRASI BISNIS - D4,Prov. Jawa Barat,Kab Bandung Barat,POLBAN,Administrasi Bisnis,"Ekonomi, Matematika",16.0,484.0,29.0,649.0,589.39,88.22,D4
431017.0,POLITEKNIK NEGERI BANDUNG,MANAJEMEN ASET,Prov. Jawa Barat,Kab Bandung Barat,POLBAN,Ilmu atau Sains Manajemen,"Ekonomi, Matematika",24.0,258.0,44.0,381.0,570.18,87.26,D4
431018.0,POLITEKNIK NEGERI BANDUNG,MANAJEMEN PEMASARAN - D4,Prov. Jawa Barat,Kab Bandung Barat,POLBAN,Ilmu atau Sains Manajemen,"Ekonomi, Matematika",16.0,231.0,29.0,406.0,580.85,87.79,D4
431019.0,POLITEKNIK NEGERI BANDUNG,TEKNIK PENDINGIN DAN TATA UDARA - D3,Prov. Jawa Barat,Kab Bandung Barat,POLBAN,Teknik atau rekayasa,"Fisika, Matematika Tingkat Lanjut, Matematika",16.0,0.0,29.0,0.0,0.0,0.0,D3
431020.0,POLITEKNIK NEGERI BANDUNG,TEKNIK KONSTRUKSI SIPIL,Prov. Jawa Barat,Kab Bandung Barat,POLBAN,Teknik atau rekayasa,"Fisika, Matematika Tingkat Lanjut, Matematika",24.0,0.0,44.0,0.0,0.0,0.0,D3
431021.0,POLITEKNIK NEGERI BANDUNG,MANAJEMEN PEMASARAN - D3,Prov. Jawa Barat,Kab Bandung Barat,POLBAN,Ilmu atau Sains Manajemen,"Ekonomi, Matematika",16.0,0.0,29.0,0.0,0.0,0.0,D3
431022.0,POLITEKNIK NEGERI BANDUNG,TEKNIK KONSTRUKSI GEDUNG,Prov. Jawa Barat,Kab Bandung Barat,POLBAN,Teknik atau rekayasa,"Fisika, Matematika Tingkat Lanjut, Matematika",16.0,0.0,29.0,0.0,0.0,0.0,D3
431023.0,POLITEKNIK NEGERI BANDUNG,TEKNIK AERONAUTIKA,Prov. Jawa Barat,Kab Bandung Barat,POLBAN,Teknik atau rekayasa,"Fisika, Matematika Tingkat Lanjut, Matematika",19.0,0.0,34.0,0.0,0.0,0.0,D3
431024.0,POLITEKNIK NEGERI BANDUNG,KEUANGAN DAN PERBANKAN,Prov. Jawa Barat,Kab Bandung Barat,POLBAN,Ilmu atau Sains Akuntansi,"Ekonomi, Matematika",16.0,0.0,29.0,0.0,0.0,0.0,D3
431025.0,POLITEKNIK NEGERI BANDUNG,TEKNIK INFORMATIKA - D3,Prov. Jawa Barat,Kab Bandung Barat,POLBAN,Teknik atau rekayasa,"Fisika, Matematika Tingkat Lanjut, Matematika",24.0,0.0,44.0,0.0,0.0,0.0,D3
431026.0,POLITEKNIK NEGERI BANDUNG,ADMINISTRASI BISNIS - D3,Prov. Jawa Barat,Kab Bandung Barat,POLBAN,Administrasi Bisnis,"Ekonomi, Matematika",16.0,0.0,29.0,0.0,0.0,0.0,D3
431027.0,POLITEKNIK NEGERI BANDUNG,TEKNIK MESIN,Prov. Jawa Barat,Kab Bandung Barat,POLBAN,Teknik atau rekayasa,"Fisika, Matematika Tingkat Lanjut, Matematika",16.0,0.0,29.0,0.0,0.0,0.0,D3
431028.0,POLITEKNIK NEGERI BANDUNG,AKUNTANSI - D3,Prov. Jawa Barat,Kab Bandung Barat,POLBAN,Ilmu atau Sains Akuntansi,"Ekonomi, Matematika",16.0,0.0,29.0,0.0,0.0,0.0,D3
431029.0,POLITEKNIK NEGERI BANDUNG,ANALIS KIMIA,Prov. Jawa Barat,Kab Bandung Barat,POLBAN,Kimia,"Kimia, Matematika",16.0,0.0,29.0,0.0,0.0,0.0,D3
431030.0,POLITEKNIK NEGERI BANDUNG,TEKNIK KONVERSI ENERGI,Prov. Jawa Barat,Kab Bandung Barat,POLBAN,Teknik atau rekayasa,"Fisika, Matematika Tingkat Lanjut, Matematika",16.0,0.0,29.0,0.0,0.0,0.0,D3
431031.0,POLITEKNIK NEGERI BANDUNG,BAHASA INGGRIS,Prov. Jawa Barat,Kab Bandung Barat,POLBAN,Susastra atau Sastra,"Bahasa Indonesia, Bahasa Inggris, Bahasa Asing Lainnya",24.0,0.0,44.0,0.0,0.0,0.0,D3
431032.0,POLITEKNIK NEGERI BANDUNG,USAHA PERJALANAN WISATA,Prov. Jawa Barat,Kab Bandung Barat,POLBAN,Pariwisata,"Ekonomi, Matematika",16.0,0.0,29.0,0.0,0.0,0.0,D3
431033.0,POLITEKNIK NEGERI BANDUNG,TEKNIK KIMIA,Prov. Jawa Barat,Kab Bandung Barat,POLBAN,Teknik atau rekayasa,"Fisika, Matematika Tingkat Lanjut, Matematika",32.0,0.0,58.0,0.0,0.0,0.0,D3
431034.0,POLITEKNIK NEGERI BANDUNG,TEKNIK TELEKOMUNIKASI,Prov. Jawa Barat,Kab Bandung Barat,POLBAN,Teknik atau rekayasa,"Fisika, Matematika Tingkat Lanjut, Matematika",16.0,0.0,29.0,0.0,0.0,0.0,D3
431035.0,POLITEKNIK NEGERI BANDUNG,TEKNIK ELEKTRONIKA - D3,Prov. Jawa Barat,Kab Bandung Barat,POLBAN,Teknik atau rekayasa,"Fisika, Matematika Tingkat Lanjut, Matematika",16.0,0.0,29.0,0.0,0.0,0.0,D3
431036.0,POLITEKNIK NEGERI BANDUNG,TEKNIK LISTRIK,Prov. Jawa Barat,Kab Bandung Barat,POLBAN,Teknik atau rekayasa,"Fisika, Matematika Tingkat Lanjut, Matematika",16.0,0.0,29.0,0.0,0.0,0.0,D3
432001.0,POLITEKNIK MANUFAKTUR BANDUNG,TEKNOLOGI REKAYASA MANUFAKTUR,Prov. Jawa Barat,Kota Bandung,POLMAN BANDUNG,Teknik atau rekayasa,"Fisika, Matematika Tingkat Lanjut, Matematika",19.0,140.0,26.0,159.0,612.42,89.37,D4
432002.0,POLITEKNIK MANUFAKTUR BANDUNG,TEKNOLOGI REKAYASA PERANCANGAN MANUFAKTUR,Prov. Jawa Barat,Kota Bandung,POLMAN BANDUNG,Teknik atau rekayasa,"Fisika, Matematika Tingkat Lanjut, Matematika",14.0,152.0,20.0,97.0,607.68,89.13,D4
432003.0,POLITEKNIK MANUFAKTUR BANDUNG,TEKNOLOGI REKAYASA OTOMASI,Prov. Jawa Barat,Kota Bandung,POLMAN BANDUNG,Teknik atau rekayasa,"Fisika, Matematika Tingkat Lanjut, Matematika",29.0,123.0,39.0,73.0,600.84,88.79,D4
432004.0,POLITEKNIK MANUFAKTUR BANDUNG,TEKNOLOGI REKAYASA MATERIAL MAJU,Prov. Jawa Barat,Kota Bandung,POLMAN BANDUNG,Teknik atau rekayasa,"Fisika, Matematika Tingkat Lanjut, Matematika",7.0,23.0,10.0,31.0,587.56,88.13,D4
432005.0,POLITEKNIK MANUFAKTUR BANDUNG,REKAYASA PERANCANGAN MEKANIK,Prov. Jawa Barat,Kota Bandung,POLMAN BANDUNG,Teknik atau rekayasa,"Fisika, Matematika Tingkat Lanjut, Matematika",14.0,0.0,20.0,62.0,578.34,87.67,D4
432006.0,POLITEKNIK MANUFAKTUR BANDUNG,TEKNOLOGI REKAYASA MEKATRONIKA,Prov. Jawa Barat,Kota Bandung,POLMAN BANDUNG,Teknik atau rekayasa,"Fisika, Matematika Tingkat Lanjut, Matematika",29.0,0.0,39.0,126.0,598.17,88.66,D4
432007.0,POLITEKNIK MANUFAKTUR BANDUNG,PEMELIHARAAN MESIN,Prov. Jawa Barat,Kota Bandung,POLMAN BANDUNG,Teknik atau rekayasa,"Fisika, Matematika Tingkat Lanjut, Matematika",19.0,0.0,26.0,0.0,0.0,0.0,D3
432008.0,POLITEKNIK MANUFAKTUR BANDUNG,TEKNOLOGI MANUFAKTUR,Prov. Jawa Barat,Kota Bandung,POLMAN BANDUNG,Teknik atau rekayasa,"Fisika, Matematika Tingkat Lanjut, Matematika",19.0,0.0,26.0,0.0,0.0,0.0,D3
432010.0,POLITEKNIK MANUFAKTUR BANDUNG,TEKNOLOGI PEMBUATAN PERKAKAS PRESISI,Prov. Jawa Barat,Kota Bandung,POLMAN BANDUNG,Teknik atau rekayasa,"Fisika, Matematika Tingkat Lanjut, Matematika",19.0,0.0,26.0,0.0,0.0,0.0,D3
432011.0,POLITEKNIK MANUFAKTUR BANDUNG,TEKNOLOGI PERANCANGAN PERKAKAS PRESISI,Prov. Jawa Barat,Kota Bandung,POLMAN BANDUNG,Teknik atau rekayasa,"Fisika, Matematika Tingkat Lanjut, Matematika",14.0,0.0,20.0,0.0,0.0,0.0,D3
432012.0,POLITEKNIK MANUFAKTUR BANDUNG,TEKNOLOGI PENGECORAN LOGAM,Prov. Jawa Barat,Kota Bandung,POLMAN BANDUNG,Teknik atau rekayasa,"Fisika, Matematika Tingkat Lanjut, Matematika",14.0,0.0,20.0,0.0,0.0,0.0,D3
432014.0,POLITEKNIK MANUFAKTUR BANDUNG,MANAJEMEN TEKNOLOGI REKAYASA,Prov. Jawa Barat,Kota Bandung,POLMAN BANDUNG,Teknik atau rekayasa,"Fisika, Matematika Tingkat Lanjut, Matematika",19.0,0.0,26.0,0.0,0.0,0.0,D4
432015.0,POLITEKNIK MANUFAKTUR BANDUNG,TEKNOLOGI REKAYASA INFORMATIKA INDUSTRI,Prov. Jawa Barat,Kota Bandung,POLMAN BANDUNG,Teknik atau rekayasa,"Fisika, Matematika Tingkat Lanjut, Matematika",29.0,0.0,39.0,0.0,0.0,0.0,D4
433001.0,POLITEKNIK NEGERI INDRAMAYU,PERANCANGAN MANUFAKTUR,Prov. Jawa Barat,Kab Indramayu,POLINDRA,Teknik atau rekayasa,"Fisika, Matematika Tingkat Lanjut, Matematika",27.0,82.0,45.0,74.0,512.82,84.39,D4
433002.0,POLITEKNIK NEGERI INDRAMAYU,REKAYASA PERANGKAT LUNAK,Prov. Jawa Barat,Kab Indramayu,POLINDRA,Teknik atau rekayasa,"Fisika, Matematika Tingkat Lanjut, Matematika",36.0,142.0,60.0,93.0,525.7,85.04,D4
433003.0,POLITEKNIK NEGERI INDRAMAYU,KEPERAWATAN,Prov. Jawa Barat,Kab Indramayu,POLINDRA,Keperawatan,"Biologi, Matematika",36.0,0.0,60.0,0.0,0.0,0.0,D3
433004.0,POLITEKNIK NEGERI INDRAMAYU,TEKNIK MESIN,Prov. Jawa Barat,Kab Indramayu,POLINDRA,Teknik atau rekayasa,"Fisika, Matematika Tingkat Lanjut, Matematika",27.0,0.0,45.0,0.0,0.0,0.0,D3
433005.0,POLITEKNIK NEGERI INDRAMAYU,TEKNIK INFORMATIKA,Prov. Jawa Barat,Kab Indramayu,POLINDRA,Teknik atau rekayasa,"Fisika, Matematika Tingkat Lanjut, Matematika",36.0,0.0,60.0,0.0,0.0,0.0,D3
433006.0,POLITEKNIK NEGERI INDRAMAYU,TEKNIK PENDINGIN DAN TATA UDARA,Prov. Jawa Barat,Kab Indramayu,POLINDRA,Teknik atau rekayasa,"Fisika, Matematika Tingkat Lanjut, Matematika",36.0,0.0,60.0,0.0,0.0,0.0,D3
433007.0,POLITEKNIK NEGERI INDRAMAYU,SISTEM INFORMASI KOTA CERDAS,Prov. Jawa Barat,Kab Indramayu,POLINDRA,Komputer,"Matematika Tingkat Lanjut, Matematika",36.0,0.0,60.0,0.0,0.0,0.0,D4
434001.0,POLITEKNIK NEGERI SUBANG,AGROINDUSTRI,Prov. Jawa Barat,Kab Indramayu,POLINDRA,"Bioteknologi, Biokewirausaha an, Bioinformatika","Biologi, Matematika",32.0,0.0,26.0,0.0,0.0,0.0,D3
434002.0,POLITEKNIK NEGERI SUBANG,PEMELIHARAAN MESIN,Prov. Jawa Barat,Kab Indramayu,POLINDRA,Teknik atau rekayasa,"Fisika, Matematika Tingkat Lanjut, Matematika",16.0,0.0,13.0,0.0,0.0,0.0,D3
434003.0,POLITEKNIK NEGERI SUBANG,SISTEM INFORMASI,Prov. Jawa Barat,Kab Indramayu,POLINDRA,Ilmu atau Sains Informasi,"Matematika Tingkat Lanjut, Matematika",25.0,0.0,26.0,0.0,0.0,0.0,D3
434004.0,POLITEKNIK NEGERI SUBANG,KEPERAWATAN,Prov. Jawa Barat,Kab Indramayu,POLINDRA,Keperawatan,"Biologi, Matematika",38.0,0.0,39.0,0.0,0.0,0.0,D3
434005.0,POLITEKNIK NEGERI SUBANG,TEKNOLOGI REKAYASA PERANGKAT LUNAK,Prov. Jawa Barat,Kab Indramayu,POLINDRA,Teknik atau rekayasa,"Fisika, Matematika Tingkat Lanjut, Matematika",16.0,0.0,13.0,0.0,0.0,0.0,D4
434006.0,POLITEKNIK NEGERI SUBANG,TEKNOLOGI REKAYASA MANUFAKTUR,Prov. Jawa Barat,Kab Indramayu,POLINDRA,Teknik atau rekayasa,"Fisika, Matematika Tingkat Lanjut, Matematika",16.0,0.0,13.0,0.0,0.0,0.0,D4
434007.0,POLITEKNIK NEGERI SUBANG,TEKNOLOGI PRODUKSI TANAMAN PANGAN,Prov. Jawa Barat,Kab Indramayu,POLINDRA,"Teknologi Pangan, Teknologi Hasil Pertanian/ Peternakan/ Perikanan","Kimia, Biologi, Matematika",16.0,0.0,13.0,0.0,0.0,0.0,D4
452001.0,POLITEKNIK NEGERI SEMARANG,TEKNIK PERAWATAN DAN PERBAIKAN GEDUNG,Prov. Jawa Tengah,Kota Semarang,POLINES,Teknik atau rekayasa,"Fisika, Matematika Tingkat Lanjut, Matematika",23.0,120.0,32.0,150.0,558.34,86.67,D4
452002.0,POLITEKNIK NEGERI SEMARANG,PERANCANGAN JALAN DAN JEMBATAN,Prov. Jawa Tengah,Kota Semarang,POLINES,Teknik atau rekayasa,"Fisika, Matematika Tingkat Lanjut, Matematika",16.0,100.0,21.0,176.0,558.22,86.66,D4
452003.0,POLITEKNIK NEGERI SEMARANG,TEKNIK MESIN PRODUKSI DAN PERAWATAN,Prov. Jawa Tengah,Kota Semarang,POLINES,Teknik atau rekayasa,"Fisika, Matematika Tingkat Lanjut, Matematika",22.0,198.0,29.0,258.0,569.77,87.24,D4
452004.0,POLITEKNIK NEGERI SEMARANG,TEKNOLOGI REKAYASA PEMBANGKIT ENERGI,Prov. Jawa Tengah,Kota Semarang,POLINES,Teknik atau rekayasa,"Fisika, Matematika Tingkat Lanjut, Matematika",22.0,100.0,29.0,92.0,565.01,87.0,D4
452005.0,POLITEKNIK NEGERI SEMARANG,TEKNIK TELEKOMUNIKASI - D4,Prov. Jawa Tengah,Kota Semarang,POLINES,Teknik atau rekayasa,"Fisika, Matematika Tingkat Lanjut, Matematika",36.0,112.0,48.0,159.0,593.78,88.44,D4
452006.0,POLITEKNIK NEGERI SEMARANG,TEKNOLOGI REKAYASA INSTALASI LISTRIK,Prov. Jawa Tengah,Kota Semarang,POLINES,Teknik atau rekayasa,"Fisika, Matematika Tingkat Lanjut, Matematika",22.0,114.0,29.0,103.0,562.05,86.85,D4
452007.0,POLITEKNIK NEGERI SEMARANG,TEKNOLOGI REKAYASA KOMPUTER,Prov. Jawa Tengah,Kota Semarang,POLINES,Komputer,"Matematika Tingkat Lanjut, Matematika",23.0,123.0,32.0,157.0,587.96,88.15,D4
452008.0,POLITEKNIK NEGERI SEMARANG,KOMPUTERISASI AKUNTANSI,Prov. Jawa Tengah,Kota Semarang,POLINES,Komputer,"Matematika Tingkat Lanjut, Matematika",36.0,167.0,48.0,115.0,568.92,87.2,D4
452009.0,POLITEKNIK NEGERI SEMARANG,TEKNOLOGI REKAYASA ELEKTRONIKA,Prov. Jawa Tengah,Kota Semarang,POLINES,Teknik atau rekayasa,"Fisika, Matematika Tingkat Lanjut, Matematika",31.0,78.0,42.0,98.0,576.98,87.6,D4
452010.0,POLITEKNIK NEGERI SEMARANG,PERBANKAN SYARIAH,Prov. Jawa Tengah,Kota Semarang,POLINES,Ilmu atau Sains Komunikasi,"Sosiologi, Bahasa Indonesia, Antropologi",36.0,92.0,48.0,134.0,554.21,86.46,D4
452011.0,POLITEKNIK NEGERI SEMARANG,ANALISIS KEUANGAN,Prov. Jawa Tengah,Kota Semarang,POLINES,Sains Data,"Matematika Tingkat Lanjut, Matematika",36.0,127.0,48.0,162.0,553.53,86.43,D4
452012.0,POLITEKNIK NEGERI SEMARANG,AKUNTANSI MANAJEMEN,Prov. Jawa Tengah,Kota Semarang,POLINES,Ilmu atau Sains Manajemen,"Ekonomi, Matematika",36.0,143.0,48.0,235.0,563.64,86.93,D4
452013.0,POLITEKNIK NEGERI SEMARANG,MANAJEMEN BISNIS INTERNASIONAL,Prov. Jawa Tengah,Kota Semarang,POLINES,Bisnis,"Ekonomi, Matematika",36.0,204.0,48.0,297.0,552.05,86.35,D4
452014.0,POLITEKNIK NEGERI SEMARANG,ADMINISTRASI BISNIS TERAPAN,Prov. Jawa Tengah,Kota Semarang,POLINES,Administrasi Bisnis,"Ekonomi, Matematika",36.0,223.0,48.0,376.0,546.89,86.09,D4
452015.0,POLITEKNIK NEGERI SEMARANG,MANAJEMEN PEMASARAN,Prov. Jawa Tengah,Kota Semarang,POLINES,Ilmu atau Sains Manajemen,"Ekonomi, Matematika",36.0,0.0,48.0,0.0,0.0,0.0,D3
452016.0,POLITEKNIK NEGERI SEMARANG,ADMINISTRASI BISNIS,Prov. Jawa Tengah,Kota Semarang,POLINES,Administrasi Bisnis,"Ekonomi, Matematika",36.0,0.0,48.0,0.0,0.0,0.0,D3
452017.0,POLITEKNIK NEGERI SEMARANG,TEKNIK INFORMATIKA,Prov. Jawa Tengah,Kota Semarang,POLINES,Teknik atau rekayasa,"Fisika, Matematika Tingkat Lanjut, Matematika",31.0,0.0,42.0,0.0,0.0,0.0,D3
452018.0,POLITEKNIK NEGERI SEMARANG,KEUANGAN DAN PERBANKAN,Prov. Jawa Tengah,Kota Semarang,POLINES,Ilmu atau Sains Akuntansi,"Ekonomi, Matematika",36.0,0.0,48.0,0.0,0.0,0.0,D3
452019.0,POLITEKNIK NEGERI SEMARANG,TEKNIK MESIN,Prov. Jawa Tengah,Kota Semarang,POLINES,Teknik atau rekayasa,"Fisika, Matematika Tingkat Lanjut, Matematika",58.0,0.0,77.0,0.0,0.0,0.0,D3
452020.0,POLITEKNIK NEGERI SEMARANG,TEKNIK LISTRIK,Prov. Jawa Tengah,Kota Semarang,POLINES,Teknik atau rekayasa,"Fisika, Matematika Tingkat Lanjut, Matematika",29.0,0.0,39.0,0.0,0.0,0.0,D3
452021.0,POLITEKNIK NEGERI SEMARANG,KONSTRUKSI SIPIL,Prov. Jawa Tengah,Kota Semarang,POLINES,Teknik atau rekayasa,"Fisika, Matematika Tingkat Lanjut, Matematika",31.0,0.0,42.0,0.0,0.0,0.0,D3
452022.0,POLITEKNIK NEGERI SEMARANG,TEKNIK KONVERSI ENERGI,Prov. Jawa Tengah,Kota Semarang,POLINES,Teknik atau rekayasa,"Fisika, Matematika Tingkat Lanjut, Matematika",36.0,0.0,48.0,0.0,0.0,0.0,D3
452023.0,POLITEKNIK NEGERI SEMARANG,AKUNTANSI,Prov. Jawa Tengah,Kota Semarang,POLINES,Ilmu atau Sains Akuntansi,"Ekonomi, Matematika",54.0,0.0,72.0,0.0,0.0,0.0,D3
452024.0,POLITEKNIK NEGERI SEMARANG,TEKNIK ELEKTRONIKA,Prov. Jawa Tengah,Kota Semarang,POLINES,Teknik atau rekayasa,"Fisika, Matematika Tingkat Lanjut, Matematika",31.0,0.0,42.0,0.0,0.0,0.0,D3
452025.0,POLITEKNIK NEGERI SEMARANG,TEKNIK TELEKOMUNIKASI - D3,Prov. Jawa Tengah,Kota Semarang,POLINES,Teknik atau rekayasa,"Fisika, Matematika Tingkat Lanjut, Matematika",29.0,0.0,39.0,0.0,0.0,0.0,D3
452026.0,POLITEKNIK NEGERI SEMARANG,KONSTRUKSI GEDUNG,Prov. Jawa Tengah,Kota Semarang,POLINES,Teknik atau rekayasa,"Fisika, Matematika Tingkat Lanjut, Matematika",31.0,0.0,42.0,0.0,0.0,0.0,D3
453001.0,POLITEKNIK NEGERI CILACAP,TEKNIK PENGENDALIAN PENCEMARAN LINGKUNGAN,Prov. Jawa Tengah,Kab Cilacap,PNC,Ilmu atau Sains Lingkungan,"Biologi, Matematika",34.0,30.0,39.0,72.0,496.81,83.59,D4
453002.0,POLITEKNIK NEGERI CILACAP,PENGEMBANGAN PRODUK AGRO INDUSTRI,Prov. Jawa Tengah,Kab Cilacap,PNC,Ilmu dan Sains Pertanian,"Biologi, Matematika",25.0,19.0,29.0,43.0,512.92,84.4,D4
453003.0,POLITEKNIK NEGERI CILACAP,TEKNIK LISTRIK,Prov. Jawa Tengah,Kab Cilacap,PNC,Teknik atau rekayasa,"Fisika, Matematika Tingkat Lanjut, Matematika",25.0,0.0,29.0,0.0,0.0,0.0,D3
453004.0,POLITEKNIK NEGERI CILACAP,TEKNIK INFORMATIKA,Prov. Jawa Tengah,Kab Cilacap,PNC,Teknik atau rekayasa,"Fisika, Matematika Tingkat Lanjut, Matematika",34.0,0.0,39.0,0.0,0.0,0.0,D3
453005.0,POLITEKNIK NEGERI CILACAP,TEKNIK ELEKTRONIKA,Prov. Jawa Tengah,Kab Cilacap,PNC,Teknik atau rekayasa,"Fisika, Matematika Tingkat Lanjut, Matematika",25.0,0.0,29.0,0.0,0.0,0.0,D3
453006.0,POLITEKNIK NEGERI CILACAP,TEKNIK MESIN,Prov. Jawa Tengah,Kab Cilacap,PNC,Teknik atau rekayasa,"Fisika, Matematika Tingkat Lanjut, Matematika",34.0,0.0,39.0,0.0,0.0,0.0,D3
453007.0,POLITEKNIK NEGERI CILACAP,REKAYASA KEAMANAN SIBER,Prov. Jawa Tengah,Kab Cilacap,PNC,Teknik atau rekayasa,"Fisika, Matematika Tingkat Lanjut, Matematika",34.0,0.0,39.0,0.0,0.0,0.0,D4
453008.0,POLITEKNIK NEGERI CILACAP,AKUNTANSI LEMBAGA KEUANGAN SYARIAH,Prov. Jawa Tengah,Kab Cilacap,PNC,Ilmu atau Sains Akuntansi,"Ekonomi, Matematika",22.0,0.0,26.0,0.0,0.0,0.0,D4
471001.0,POLITEKNIK NEGERI BANYUWANGI,AGROBISNIS,Prov. Jawa Timur,Kab Banyuwangi,POLIWANGI,Ilmu dan Sains Pertanian,"Biologi, Matematika",60.0,137.0,60.0,130.0,502.26,83.86,D4
471002.0,POLITEKNIK NEGERI BANYUWANGI,TEKNOLOGI PENGOLAHAN HASIL TERNAK,Prov. Jawa Timur,Kab Banyuwangi,POLIWANGI,Ilmu atau Sains Veteriner,"Biologi, Kimia, Matematika",48.0,34.0,48.0,66.0,495.57,83.53,D4
471003.0,POLITEKNIK NEGERI BANYUWANGI,TEKNIK MANUFAKTUR KAPAL,Prov. Jawa Timur,Kab Banyuwangi,POLIWANGI,Teknik atau rekayasa,"Fisika, Matematika Tingkat Lanjut, Matematika",24.0,30.0,24.0,29.0,493.98,83.45,D4
471004.0,POLITEKNIK NEGERI BANYUWANGI,MANAJEMEN BISNIS PARIWISATA,Prov. Jawa Timur,Kab Banyuwangi,POLIWANGI,Pariwisata,"Ekonomi, Matematika",72.0,177.0,72.0,203.0,502.21,83.86,D4
471005.0,POLITEKNIK NEGERI BANYUWANGI,TEKNIK REKAYASA MANUFAKTUR,Prov. Jawa Timur,Kab Banyuwangi,POLIWANGI,Teknik atau rekayasa,"Fisika, Matematika Tingkat Lanjut, Matematika",48.0,0.0,48.0,0.0,0.0,0.0,D4
471006.0,POLITEKNIK NEGERI BANYUWANGI,TEKNOLOGI REKAYASA PERANGKAT LUNAK,Prov. Jawa Timur,Kab Banyuwangi,POLIWANGI,Teknik atau rekayasa,"Fisika, Matematika Tingkat Lanjut, Matematika",72.0,0.0,72.0,0.0,0.0,0.0,D4
471007.0,POLITEKNIK NEGERI BANYUWANGI,TEKNIK SIPIL,Prov. Jawa Timur,Kab Banyuwangi,POLIWANGI,Teknik atau rekayasa,"Fisika, Matematika Tingkat Lanjut, Matematika",48.0,0.0,48.0,0.0,0.0,0.0,D3
471008.0,POLITEKNIK NEGERI BANYUWANGI,TEKNOLOGI REKAYASA KOMPUTER,Prov. Jawa Timur,Kab Banyuwangi,POLIWANGI,Teknik atau rekayasa,"Fisika, Matematika Tingkat Lanjut, Matematika",12.0,0.0,12.0,0.0,0.0,0.0,D4
471009.0,POLITEKNIK NEGERI BANYUWANGI,BISNIS DIGITAL,Prov. Jawa Timur,Kab Banyuwangi,POLIWANGI,Bisnis,"Ekonomi, Matematika",12.0,0.0,12.0,0.0,0.0,0.0,D4
471010.0,POLITEKNIK NEGERI BANYUWANGI,TEKNOLOGI REKAYASA KONSTRUKSI JALAN DAN JEMBATAN,Prov. Jawa Timur,Kab Banyuwangi,POLIWANGI,Teknik atau rekayasa,"Fisika, Matematika Tingkat Lanjut, Matematika",24.0,0.0,24.0,0.0,0.0,0.0,D4
472001.0,POLITEKNIK NEGERI JEMBER,GIZI KLINIK,Prov. Jawa Timur,Kab Jember,POLIJE,Ilmu atau Sains Gizi,"Biologi, Kimia, Matematika",45.0,200.0,60.0,307.0,501.12,83.81,D4
472002.0,POLITEKNIK NEGERI JEMBER,MANAJEMEN AGROINDUSTRI,Prov. Jawa Timur,Kab Jember,POLIJE,Ilmu dan Sains Pertanian,"Biologi, Matematika",45.0,153.0,60.0,140.0,493.06,83.4,D4
472003.0,POLITEKNIK NEGERI JEMBER,TEKNIK ENERGI TERBARUKAN,Prov. Jawa Timur,Kab Jember,POLIJE,Teknik atau rekayasa,"Fisika, Matematika Tingkat Lanjut, Matematika",36.0,61.0,48.0,69.0,490.61,83.28,D4
472004.0,POLITEKNIK NEGERI JEMBER,TEKNIK PRODUKSI TANAMAN PANGAN,Prov. Jawa Timur,Kab Jember,POLIJE,Teknik atau rekayasa,"Fisika, Matematika Tingkat Lanjut, Matematika",27.0,32.0,36.0,77.0,477.79,82.64,D4
472005.0,POLITEKNIK NEGERI JEMBER,MANAJEMEN BISNIS UNGGAS,Prov. Jawa Timur,Kab Jember,POLIJE,Ilmu atau Sains Veteriner,"Biologi, Kimia, Matematika",36.0,26.0,48.0,31.0,502.72,83.89,D4
472006.0,POLITEKNIK NEGERI JEMBER,TEKNIK INFORMATIKA,Prov. Jawa Timur,Kab Jember,POLIJE,Ilmu atau Sains Informasi,"Matematika Tingkat Lanjut, Matematika",45.0,260.0,60.0,415.0,501.02,83.8,D4
472007.0,POLITEKNIK NEGERI JEMBER,TEKNIK PRODUKSI BENIH,Prov. Jawa Timur,Kab Jember,POLIJE,Teknik atau rekayasa,"Fisika, Matematika Tingkat Lanjut, Matematika",27.0,33.0,36.0,68.0,490.47,83.27,D4
472008.0,POLITEKNIK NEGERI JEMBER,MANAJEMEN INFORMASI KESEHATAN,Prov. Jawa Timur,Kab Jember,POLIJE,Informatika Medis atau Informatika Kesehatan,"Biologi, Matematika Tingkat Lanjut, Matematika",45.0,234.0,60.0,313.0,491.14,83.31,D4
472009.0,POLITEKNIK NEGERI JEMBER,MESIN OTOMOTIF,Prov. Jawa Timur,Kab Jember,POLIJE,Teknik atau rekayasa,"Fisika, Matematika Tingkat Lanjut, Matematika",36.0,87.0,48.0,141.0,504.36,83.97,D4
472010.0,POLITEKNIK NEGERI JEMBER,BUDIDAYA TANAMAN PERKEBUNAN,Prov. Jawa Timur,Kab Jember,POLIJE,"Bioteknologi, Biokewirausaha an, Bioinformatika","Biologi, Matematika",27.0,26.0,36.0,66.0,502.98,83.9,D4
472011.0,POLITEKNIK NEGERI JEMBER,TEKNOLOGI REKAYASA PANGAN,Prov. Jawa Timur,Kab Jember,POLIJE,Teknik atau rekayasa,"Fisika, Matematika Tingkat Lanjut, Matematika",36.0,58.0,48.0,83.0,496.46,83.57,D4
472012.0,POLITEKNIK NEGERI JEMBER,PENGELOLAAN PERKEBUNAN KOPI,Prov. Jawa Timur,Kab Jember,POLIJE,Sains Perkopian,"Biologi, Matematika",18.0,7.0,24.0,31.0,507.01,84.1,D4
472013.0,POLITEKNIK NEGERI JEMBER,TEKNOLOGI REKAYASA MEKATRONIKA,Prov. Jawa Timur,Kab Jember,POLIJE,Teknik atau rekayasa,"Fisika, Matematika Tingkat Lanjut, Matematika",36.0,71.0,48.0,53.0,505.96,84.05,D4
472014.0,POLITEKNIK NEGERI JEMBER,TEKNIK INFORMATIKA PSDKU KAB. NGANJUK,Prov. Jawa Timur,Kab Jember,POLIJE,Ilmu atau Sains Informasi,"Matematika Tingkat Lanjut, Matematika",27.0,39.0,36.0,45.0,494.97,83.5,D4
472015.0,POLITEKNIK NEGERI JEMBER,TEKNOLOGI PAKAN TERNAK,Prov. Jawa Timur,Kab Jember,POLIJE,Ilmu atau Sains Veteriner,"Biologi, Kimia, Matematika",27.0,20.0,36.0,40.0,490.04,83.25,D4
472016.0,POLITEKNIK NEGERI JEMBER,MANAJEMEN AGROINDUSTRI PSDKU KAB. SIDOARJO,Prov. Jawa Timur,Kab Jember,POLIJE,Ilmu dan Sains Pertanian,"Biologi, Matematika",27.0,11.0,36.0,12.0,502.05,83.85,D4
472017.0,POLITEKNIK NEGERI JEMBER,TEKNIK INFORMATIKA PSDKU KAB. SIDOARJO,Prov. Jawa Timur,Kab Jember,POLIJE,Ilmu atau Sains Informasi,"Matematika Tingkat Lanjut, Matematika",27.0,17.0,36.0,47.0,500.79,83.79,D4
472018.0,POLITEKNIK NEGERI JEMBER,PROMOSI KESEHATAN,Prov. Jawa Timur,Kab Jember,POLIJE,Informatika Medis atau Informatika Kesehatan,"Biologi, Matematika Tingkat Lanjut, Matematika",36.0,50.0,48.0,49.0,502.42,83.87,D4
472019.0,POLITEKNIK NEGERI JEMBER,BISNIS DIGITAL,Prov. Jawa Timur,Kab Jember,POLIJE,Bisnis,"Ekonomi, Matematika",27.0,0.0,36.0,66.0,500.37,83.77,D4
472020.0,POLITEKNIK NEGERI JEMBER,AKUNTANSI SEKTOR PUBLIK,Prov. Jawa Timur,Kab Jember,POLIJE,Urusan Publik,"Sosiologi, Pendidikan Pancasila",36.0,86.0,48.0,124.0,497.81,83.64,D4
472021.0,POLITEKNIK NEGERI JEMBER,MANAJEMEN PEMASARAN INTERNASIONAL,Prov. Jawa Timur,Kab Jember,POLIJE,Ilmu atau Sains Manajemen,"Ekonomi, Matematika",36.0,52.0,48.0,141.0,500.64,83.78,D4
472022.0,POLITEKNIK NEGERI JEMBER,DESTINASI PARIWISATA,Prov. Jawa Timur,Kab Jember,POLIJE,Pariwisata,"Ekonomi, Matematika",27.0,56.0,36.0,101.0,499.57,83.73,D4
472023.0,POLITEKNIK NEGERI JEMBER,MANAJEMEN AGROBISNIS,Prov. Jawa Timur,Kab Jember,POLIJE,"Bioteknologi, Biokewirausaha an, Bioinformatika","Biologi, Matematika",36.0,0.0,48.0,0.0,0.0,0.0,D3
472024.0,POLITEKNIK NEGERI JEMBER,PRODUKSI TANAMAN HORTIKULTURA,Prov. Jawa Timur,Kab Jember,POLIJE,Ilmu dan Sains Pertanian,"Biologi, Matematika",18.0,0.0,24.0,0.0,0.0,0.0,D3
472025.0,POLITEKNIK NEGERI JEMBER,PRODUKSI TANAMAN PERKEBUNAN,Prov. Jawa Timur,Kab Jember,POLIJE,Ilmu dan Sains Pertanian,"Biologi, Matematika",18.0,0.0,24.0,0.0,0.0,0.0,D3
472026.0,POLITEKNIK NEGERI JEMBER,TEKNOLOGI INDUSTRI PANGAN,Prov. Jawa Timur,Kab Jember,POLIJE,"Teknologi Pangan, Teknologi Hasil Pertanian/ Peternakan/ Perikanan","Kimia, Biologi, Matematika",27.0,0.0,36.0,0.0,0.0,0.0,D3
472027.0,POLITEKNIK NEGERI JEMBER,BAHASA INGGRIS,Prov. Jawa Timur,Kab Jember,POLIJE,Linguistik,"Bahasa Indonesia, Bahasa Inggris",27.0,0.0,36.0,0.0,0.0,0.0,D3
472028.0,POLITEKNIK NEGERI JEMBER,PRODUKSI TERNAK,Prov. Jawa Timur,Kab Jember,POLIJE,Peternakan,"Biologi, Matematika",27.0,0.0,36.0,0.0,0.0,0.0,D3
472029.0,POLITEKNIK NEGERI JEMBER,MANAJEMEN INFORMATIKA,Prov. Jawa Timur,Kab Jember,POLIJE,Ilmu atau Sains Informasi,"Matematika Tingkat Lanjut, Matematika",36.0,0.0,48.0,0.0,0.0,0.0,D3
472030.0,POLITEKNIK NEGERI JEMBER,MANAJEMEN AGROBISNIS (KAMPUS KAB. NGANJUK),Prov. Jawa Timur,Kab Jember,POLIJE,"Bioteknologi, Biokewirausaha an, Bioinformatika","Biologi, Matematika",18.0,0.0,24.0,0.0,0.0,0.0,D3
472031.0,POLITEKNIK NEGERI JEMBER,KETEKNIKAN PERTANIAN,Prov. Jawa Timur,Kab Jember,POLIJE,Ilmu dan Sains Pertanian,"Biologi, Matematika",27.0,0.0,36.0,0.0,0.0,0.0,D3
472032.0,POLITEKNIK NEGERI JEMBER,TEKNIK KOMPUTER,Prov. Jawa Timur,Kab Jember,POLIJE,Teknik atau rekayasa,"Fisika, Matematika Tingkat Lanjut, Matematika",36.0,0.0,48.0,0.0,0.0,0.0,D3
473001.0,POLITEKNIK NEGERI MADIUN,PERKERETAAPIAN,Prov. Jawa Timur,Kota Madiun,PNM,Teknik atau rekayasa,"Fisika, Matematika Tingkat Lanjut, Matematika",36.0,326.0,48.0,463.0,503.28,83.91,D4
473002.0,POLITEKNIK NEGERI MADIUN,AKUNTANSI,Prov. Jawa Timur,Kota Madiun,PNM,Ilmu atau Sains Akuntansi,"Ekonomi, Matematika",36.0,0.0,48.0,0.0,0.0,0.0,D3
473003.0,POLITEKNIK NEGERI MADIUN,TEKNOLOGI INFORMASI,Prov. Jawa Timur,Kota Madiun,PNM,Ilmu atau Sains Informasi,"Matematika Tingkat Lanjut, Matematika",36.0,0.0,48.0,0.0,0.0,0.0,D3
473004.0,POLITEKNIK NEGERI MADIUN,TEKNIK KOMPUTER KONTROL,Prov. Jawa Timur,Kota Madiun,PNM,Teknik atau rekayasa,"Fisika, Matematika Tingkat Lanjut, Matematika",36.0,0.0,48.0,0.0,0.0,0.0,D3
473005.0,POLITEKNIK NEGERI MADIUN,BAHASA INGGRIS,Prov. Jawa Timur,Kota Madiun,PNM,Linguistik,"Bahasa Indonesia, Bahasa Inggris",27.0,0.0,36.0,0.0,0.0,0.0,D3
473006.0,POLITEKNIK NEGERI MADIUN,AKUNTANSI PERPAJAKAN,Prov. Jawa Timur,Kota Madiun,PNM,Ilmu atau Sains Akuntansi,"Ekonomi, Matematika",36.0,0.0,48.0,0.0,0.0,0.0,D4
473007.0,POLITEKNIK NEGERI MADIUN,TEKNIK LISTRIK,Prov. Jawa Timur,Kota Madiun,PNM,Teknik atau rekayasa,"Fisika, Matematika Tingkat Lanjut, Matematika",36.0,0.0,48.0,0.0,0.0,0.0,D3
473008.0,POLITEKNIK NEGERI MADIUN,ADMINISTRASI BISNIS,Prov. Jawa Timur,Kota Madiun,PNM,Administrasi Bisnis,"Ekonomi, Matematika",36.0,0.0,48.0,0.0,0.0,0.0,D3
473009.0,POLITEKNIK NEGERI MADIUN,TEKNOLOGI REKAYASA OTOMOTIF,Prov. Jawa Timur,Kota Madiun,PNM,Teknik atau rekayasa,"Fisika, Matematika Tingkat Lanjut, Matematika",36.0,0.0,48.0,0.0,0.0,0.0,D4
474001.0,POLITEKNIK NEGERI MALANG,TEKNIK JARINGAN TELEKOMUNIKASI DIGITAL,Prov. Jawa Timur,Kota Malang,POLINEMA,Teknik atau rekayasa,"Fisika, Matematika Tingkat Lanjut, Matematika",43.0,201.0,59.0,256.0,509.38,84.22,D4
474002.0,POLITEKNIK NEGERI MALANG,MANAJEMEN REKAYASA KONSTRUKSI,Prov. Jawa Timur,Kota Malang,POLINEMA,Ilmu atau Sains Manajemen,"Ekonomi, Matematika",27.0,175.0,42.0,264.0,514.43,84.47,D4
474003.0,POLITEKNIK NEGERI MALANG,SISTEM KELISTRIKAN,Prov. Jawa Timur,Kota Malang,POLINEMA,Teknik atau rekayasa,"Fisika, Matematika Tingkat Lanjut, Matematika",36.0,253.0,49.0,236.0,499.3,83.72,D4
474004.0,POLITEKNIK NEGERI MALANG,TEKNIK ELEKTRONIKA - D4,Prov. Jawa Timur,Kota Malang,POLINEMA,Teknik atau rekayasa,"Fisika, Matematika Tingkat Lanjut, Matematika",50.0,254.0,69.0,387.0,498.23,83.66,D4
474005.0,POLITEKNIK NEGERI MALANG,TEKNIK INFORMATIKA,Prov. Jawa Timur,Kota Malang,POLINEMA,Ilmu atau Sains Informasi,"Matematika Tingkat Lanjut, Matematika",72.0,696.0,97.0,924.0,525.87,85.04,D4
474006.0,POLITEKNIK NEGERI MALANG,TEKNOLOGI KIMIA INDUSTRI,Prov. Jawa Timur,Kota Malang,POLINEMA,Kimia,"Kimia, Matematika",36.0,187.0,49.0,256.0,513.58,84.43,D4
474007.0,POLITEKNIK NEGERI MALANG,TEKNIK MESIN PRODUKSI DAN PERAWATAN,Prov. Jawa Timur,Kota Malang,POLINEMA,Teknik atau rekayasa,"Fisika, Matematika Tingkat Lanjut, Matematika",36.0,212.0,49.0,449.0,507.49,84.12,D4
474008.0,POLITEKNIK NEGERI MALANG,TEKNIK OTOMOTIF ELEKTRONIK,Prov. Jawa Timur,Kota Malang,POLINEMA,Teknik atau rekayasa,"Fisika, Matematika Tingkat Lanjut, Matematika",27.0,190.0,42.0,164.0,502.17,83.86,D4
474009.0,POLITEKNIK NEGERI MALANG,TEKNOLOGI REKAYASA KONSTRUKSI JALAN DAN JEMBATAN,Prov. Jawa Timur,Kota Malang,POLINEMA,Teknik atau rekayasa,"Fisika, Matematika Tingkat Lanjut, Matematika",14.0,85.0,21.0,181.0,510.05,84.25,D4
474010.0,POLITEKNIK NEGERI MALANG,TEKNIK ELEKTRONIKA PSDKU KEDIRI,Prov. Jawa Timur,Kota Malang,POLINEMA,Teknik atau rekayasa,"Fisika, Matematika Tingkat Lanjut, Matematika",18.0,43.0,25.0,94.0,509.27,84.21,D4
474011.0,POLITEKNIK NEGERI MALANG,TEKNIK MESIN PRODUKSI DAN PERAWATAN PSDKU KEDIRI,Prov. Jawa Timur,Kota Malang,POLINEMA,Teknik atau rekayasa,"Fisika, Matematika Tingkat Lanjut, Matematika",18.0,56.0,25.0,113.0,510.79,84.29,D4
474012.0,POLITEKNIK NEGERI MALANG,TEKNOLOGI REKAYASA OTOMOTIF,Prov. Jawa Timur,Kota Malang,POLINEMA,Teknik atau rekayasa,"Fisika, Matematika Tingkat Lanjut, Matematika",14.0,9.0,21.0,18.0,500.25,83.76,D4
474013.0,POLITEKNIK NEGERI MALANG,TEKNIK OTOMOTIF ELEKTRONIK PSDKU PAMEKASAN,Prov. Jawa Timur,Kota Malang,POLINEMA,Teknik atau rekayasa,"Fisika, Matematika Tingkat Lanjut, Matematika",14.0,6.0,21.0,9.0,503.03,83.9,D4
474014.0,POLITEKNIK NEGERI MALANG,AKUNTANSI MANAJEMEN,Prov. Jawa Timur,Kota Malang,POLINEMA,Ilmu atau Sains Manajemen,"Ekonomi, Matematika",72.0,352.0,97.0,499.0,497.54,83.63,D4
474015.0,POLITEKNIK NEGERI MALANG,KEUANGAN,Prov. Jawa Timur,Kota Malang,POLINEMA,Ekonomi,"Ekonomi, Matematika",27.0,127.0,37.0,182.0,508.15,84.16,D4
474016.0,POLITEKNIK NEGERI MALANG,MANAJEMEN PEMASARAN,Prov. Jawa Timur,Kota Malang,POLINEMA,Ilmu atau Sains Manajemen,"Ekonomi, Matematika",63.0,310.0,85.0,391.0,499.33,83.72,D4
474017.0,POLITEKNIK NEGERI MALANG,BAHASA INGGRIS UNTUK KOMUNIKASI BISNIS DAN PROFESIONAL,Prov. Jawa Timur,Kota Malang,POLINEMA,Linguistik,"Bahasa Indonesia, Bahasa Inggris",27.0,103.0,37.0,156.0,503.57,83.93,D4
474018.0,POLITEKNIK NEGERI MALANG,PENGELOLAAN ARSIP DAN REKAMAN INFORMASI,Prov. Jawa Timur,Kota Malang,POLINEMA,Urusan Publik,"Sosiologi, Pendidikan Pancasila",18.0,39.0,24.0,137.0,500.63,83.78,D4
474019.0,POLITEKNIK NEGERI MALANG,USAHA PERJALANAN WISATA,Prov. Jawa Timur,Kota Malang,POLINEMA,Pariwisata,"Ekonomi, Matematika",18.0,51.0,24.0,125.0,494.41,83.47,D4
474020.0,POLITEKNIK NEGERI MALANG,KEUANGAN PSDKU KEDIRI,Prov. Jawa Timur,Kota Malang,POLINEMA,Ekonomi,"Ekonomi, Matematika",18.0,82.0,25.0,112.0,511.62,84.33,D4
474021.0,POLITEKNIK NEGERI MALANG,AKUNTANSI MANAJEMEN PSDKU PAMEKASAN,Prov. Jawa Timur,Kota Malang,POLINEMA,Ilmu atau Sains Manajemen,"Ekonomi, Matematika",18.0,7.0,25.0,17.0,503.74,83.94,D4
474022.0,POLITEKNIK NEGERI MALANG,TEKNOLOGI PERTAMBANGAN,Prov. Jawa Timur,Kota Malang,POLINEMA,Ilmu atau Sains Kebumian,"Fisika, Matematika Tingkat Lanjut, Matematika",14.0,0.0,20.0,0.0,0.0,0.0,D3
474023.0,POLITEKNIK NEGERI MALANG,TEKNIK KIMIA,Prov. Jawa Timur,Kota Malang,POLINEMA,Teknik atau rekayasa,"Fisika, Matematika Tingkat Lanjut, Matematika",36.0,0.0,48.0,0.0,0.0,0.0,D3
474024.0,POLITEKNIK NEGERI MALANG,"TEKNOLOGI KONSTRUKSI JALAN, JEMBATAN, DAN BANGUNAN AIR",Prov. Jawa Timur,Kota Malang,POLINEMA,Teknik atau rekayasa,"Fisika, Matematika Tingkat Lanjut, Matematika",14.0,0.0,20.0,0.0,0.0,0.0,D3
474025.0,POLITEKNIK NEGERI MALANG,TEKNOLOGI SIPIL,Prov. Jawa Timur,Kota Malang,POLINEMA,Teknik atau rekayasa,"Fisika, Matematika Tingkat Lanjut, Matematika",12.0,0.0,22.0,0.0,0.0,0.0,D3
474026.0,POLITEKNIK NEGERI MALANG,TEKNOLOGI INFORMASI,Prov. Jawa Timur,Kota Malang,POLINEMA,Ilmu atau Sains Informasi,"Matematika Tingkat Lanjut, Matematika",18.0,0.0,25.0,0.0,0.0,0.0,D3
474027.0,POLITEKNIK NEGERI MALANG,TEKNIK LISTRIK,Prov. Jawa Timur,Kota Malang,POLINEMA,Teknik atau rekayasa,"Fisika, Matematika Tingkat Lanjut, Matematika",27.0,0.0,42.0,0.0,0.0,0.0,D3
474028.0,POLITEKNIK NEGERI MALANG,AKUNTANSI KAMPUS KEDIRI,Prov. Jawa Timur,Kota Malang,POLINEMA,Ilmu atau Sains Akuntansi,"Ekonomi, Matematika",36.0,0.0,60.0,0.0,0.0,0.0,D3
474029.0,POLITEKNIK NEGERI MALANG,"TEKNIK MESIN, KAMPUS KEDIRI",Prov. Jawa Timur,Kota Malang,POLINEMA,Teknik atau rekayasa,"Fisika, Matematika Tingkat Lanjut, Matematika",36.0,0.0,60.0,0.0,0.0,0.0,D3
474030.0,POLITEKNIK NEGERI MALANG,MANAJEMEN INFORMATIKA KAMPUS KAB. PAMEKASAN,Prov. Jawa Timur,Kota Malang,POLINEMA,Ilmu atau Sains Informasi,"Matematika Tingkat Lanjut, Matematika",18.0,0.0,25.0,0.0,0.0,0.0,D3
474031.0,POLITEKNIK NEGERI MALANG,AKUNTANSI KAMPUS LUMAJANG,Prov. Jawa Timur,Kota Malang,POLINEMA,Ilmu atau Sains Akuntansi,"Ekonomi, Matematika",18.0,0.0,25.0,0.0,0.0,0.0,D3
474032.0,POLITEKNIK NEGERI MALANG,ADMINISTRASI BISNIS,Prov. Jawa Timur,Kota Malang,POLINEMA,Administrasi Bisnis,"Ekonomi, Matematika",54.0,0.0,72.0,0.0,0.0,0.0,D3
474033.0,POLITEKNIK NEGERI MALANG,AKUNTANSI,Prov. Jawa Timur,Kota Malang,POLINEMA,Ilmu atau Sains Akuntansi,"Ekonomi, Matematika",45.0,0.0,60.0,0.0,0.0,0.0,D3
474034.0,POLITEKNIK NEGERI MALANG,MANAJEMEN INFORMATIKA KAMPUS KEDIRI,Prov. Jawa Timur,Kota Malang,POLINEMA,Ilmu atau Sains Informasi,"Matematika Tingkat Lanjut, Matematika",45.0,0.0,60.0,0.0,0.0,0.0,D3
474035.0,POLITEKNIK NEGERI MALANG,SISTEM INFORMASI BISNIS,Prov. Jawa Timur,Kota Malang,POLINEMA,Bisnis,"Ekonomi, Matematika",54.0,0.0,72.0,0.0,0.0,0.0,D4
474036.0,POLITEKNIK NEGERI MALANG,TEKNIK MESIN,Prov. Jawa Timur,Kota Malang,POLINEMA,Teknik atau rekayasa,"Fisika, Matematika Tingkat Lanjut, Matematika",50.0,0.0,68.0,0.0,0.0,0.0,D3
474037.0,POLITEKNIK NEGERI MALANG,TEKNIK SIPIL,Prov. Jawa Timur,Kota Malang,POLINEMA,Teknik atau rekayasa,"Fisika, Matematika Tingkat Lanjut, Matematika",22.0,0.0,30.0,0.0,0.0,0.0,D3
474038.0,POLITEKNIK NEGERI MALANG,TEKNIK ELEKTRONIKA - D3,Prov. Jawa Timur,Kota Malang,POLINEMA,Teknik atau rekayasa,"Fisika, Matematika Tingkat Lanjut, Matematika",36.0,0.0,60.0,0.0,0.0,0.0,D3
474039.0,POLITEKNIK NEGERI MALANG,BAHASA INGGRIS UNTUK INDUSTRI PARIWISATA,Prov. Jawa Timur,Kota Malang,POLINEMA,Linguistik,"Bahasa Indonesia, Bahasa Inggris",18.0,0.0,24.0,0.0,0.0,0.0,D4
474041.0,POLITEKNIK NEGERI MALANG,TEKNIK TELEKOMUNIKASI,Prov. Jawa Timur,Kota Malang,POLINEMA,Teknik atau rekayasa,"Fisika, Matematika Tingkat Lanjut, Matematika",31.0,0.0,40.0,0.0,0.0,0.0,D3
481001.0,POLITEKNIK PERKAPALAN NEGERI SURABAYA,TEKNIK KESELAMATAN DAN KESEHATAN KERJA,Prov. Jawa Timur,Kota Surabaya,PPNS,Teknik atau rekayasa,"Fisika, Matematika Tingkat Lanjut, Matematika",39.0,308.0,52.0,478.0,562.32,86.87,D4
481002.0,POLITEKNIK PERKAPALAN NEGERI SURABAYA,TEKNIK DESAIN DAN MANUFAKTUR,Prov. Jawa Timur,Kota Surabaya,PPNS,Teknik atau rekayasa,"Fisika, Matematika Tingkat Lanjut, Matematika",39.0,70.0,52.0,98.0,586.03,88.05,D4
481003.0,POLITEKNIK PERKAPALAN NEGERI SURABAYA,TEKNIK PENGELASAN,Prov. Jawa Timur,Kota Surabaya,PPNS,Teknik atau rekayasa,"Fisika, Matematika Tingkat Lanjut, Matematika",39.0,139.0,52.0,138.0,559.22,86.71,D4
481004.0,POLITEKNIK PERKAPALAN NEGERI SURABAYA,TEKNIK PERPIPAAN,Prov. Jawa Timur,Kota Surabaya,PPNS,Teknik atau rekayasa,"Fisika, Matematika Tingkat Lanjut, Matematika",29.0,73.0,39.0,95.0,574.9,87.5,D4
481005.0,POLITEKNIK PERKAPALAN NEGERI SURABAYA,TEKNIK OTOMASI,Prov. Jawa Timur,Kota Surabaya,PPNS,Teknik atau rekayasa,"Fisika, Matematika Tingkat Lanjut, Matematika",39.0,95.0,52.0,153.0,567.41,87.12,D4
481006.0,POLITEKNIK PERKAPALAN NEGERI SURABAYA,TEKNIK PENGOLAHAN LIMBAH,Prov. Jawa Timur,Kota Surabaya,PPNS,Teknik atau rekayasa,"Fisika, Matematika Tingkat Lanjut, Matematika",39.0,55.0,52.0,118.0,567.38,87.12,D4
481008.0,POLITEKNIK PERKAPALAN NEGERI SURABAYA,TEKNIK PERANCANGAN DAN KONSTRUKSI KAPAL - D4,Prov. Jawa Timur,Kota Surabaya,PPNS,Teknik atau rekayasa,"Fisika, Matematika Tingkat Lanjut, Matematika",39.0,79.0,52.0,111.0,578.57,87.68,D4
481009.0,POLITEKNIK PERKAPALAN NEGERI SURABAYA,TEKNIK PERMESINAN KAPAL - D4,Prov. Jawa Timur,Kota Surabaya,PPNS,Teknik atau rekayasa,"Fisika, Matematika Tingkat Lanjut, Matematika",29.0,103.0,39.0,150.0,584.93,88.0,D4
481010.0,POLITEKNIK PERKAPALAN NEGERI SURABAYA,TEKNIK KELISTRIKAN KAPAL - D4,Prov. Jawa Timur,Kota Surabaya,PPNS,Teknik atau rekayasa,"Fisika, Matematika Tingkat Lanjut, Matematika",20.0,106.0,26.0,113.0,572.63,87.38,D4
481011.0,POLITEKNIK PERKAPALAN NEGERI SURABAYA,MANAJEMEN BISNIS,Prov. Jawa Timur,Kota Surabaya,PPNS,Bisnis,"Ekonomi, Matematika",48.0,102.0,64.0,196.0,559.99,86.75,D4
481012.0,POLITEKNIK PERKAPALAN NEGERI SURABAYA,TEKNIK KELISTRIKAN KAPAL - D3,Prov. Jawa Timur,Kota Surabaya,PPNS,Teknik atau rekayasa,"Fisika, Matematika Tingkat Lanjut, Matematika",20.0,0.0,26.0,0.0,0.0,0.0,D3
481013.0,POLITEKNIK PERKAPALAN NEGERI SURABAYA,TEKNIK PERMESINAN KAPAL - D3,Prov. Jawa Timur,Kota Surabaya,PPNS,Teknik atau rekayasa,"Fisika, Matematika Tingkat Lanjut, Matematika",20.0,0.0,26.0,0.0,0.0,0.0,D3
481014.0,POLITEKNIK PERKAPALAN NEGERI SURABAYA,TEKNIK PERANCANGAN DAN KONSTRUKSI KAPAL - D3,Prov. Jawa Timur,Kota Surabaya,PPNS,Teknik atau rekayasa,"Fisika, Matematika Tingkat Lanjut, Matematika",20.0,0.0,26.0,0.0,0.0,0.0,D3
481015.0,POLITEKNIK PERKAPALAN NEGERI SURABAYA,TEKNIK BANGUNAN KAPAL,Prov. Jawa Timur,Kota Surabaya,PPNS,Teknik atau rekayasa,"Fisika, Matematika Tingkat Lanjut, Matematika",20.0,0.0,26.0,0.0,0.0,0.0,D3
482001.0,POLITEKNIK ELEKTRONIKA NEGERI SURABAYA (PENS),TEKNIK ELEKTRONIKA - D4,Prov. Jawa Timur,Kota Surabaya,PENS,Teknik atau rekayasa,"Fisika, Matematika Tingkat Lanjut, Matematika",21.0,202.0,24.0,208.0,573.58,87.43,D4
482002.0,POLITEKNIK ELEKTRONIKA NEGERI SURABAYA (PENS),TEKNIK TELEKOMUNIKASI - D4,Prov. Jawa Timur,Kota Surabaya,PENS,Teknik atau rekayasa,"Fisika, Matematika Tingkat Lanjut, Matematika",21.0,113.0,24.0,142.0,572.84,87.39,D4
482003.0,POLITEKNIK ELEKTRONIKA NEGERI SURABAYA (PENS),TEKNIK ELEKTRO INDUSTRI,Prov. Jawa Timur,Kota Surabaya,PENS,Teknik atau rekayasa,"Fisika, Matematika Tingkat Lanjut, Matematika",21.0,255.0,24.0,235.0,570.05,87.25,D4
482004.0,POLITEKNIK ELEKTRONIKA NEGERI SURABAYA (PENS),TEKNIK INFORMATIKA - D4,Prov. Jawa Timur,Kota Surabaya,PENS,Teknik atau rekayasa,"Fisika, Matematika Tingkat Lanjut, Matematika",21.0,350.0,24.0,510.0,609.32,89.22,D4
482005.0,POLITEKNIK ELEKTRONIKA NEGERI SURABAYA (PENS),TEKNIK KOMPUTER,Prov. Jawa Timur,Kota Surabaya,PENS,Komputer,"Matematika Tingkat Lanjut, Matematika",21.0,158.0,24.0,223.0,610.31,89.27,D4
482006.0,POLITEKNIK ELEKTRONIKA NEGERI SURABAYA (PENS),TEKNIK MEKATRONIKA,Prov. Jawa Timur,Kota Surabaya,PENS,Teknik atau rekayasa,"Fisika, Matematika Tingkat Lanjut, Matematika",21.0,149.0,24.0,121.0,595.99,88.55,D4
482007.0,POLITEKNIK ELEKTRONIKA NEGERI SURABAYA (PENS),SISTEM PEMBANGKIT ENERGI,Prov. Jawa Timur,Kota Surabaya,PENS,Teknik atau rekayasa,"Fisika, Matematika Tingkat Lanjut, Matematika",21.0,91.0,24.0,92.0,585.16,88.01,D4
482008.0,POLITEKNIK ELEKTRONIKA NEGERI SURABAYA (PENS),TEKNOLOGI GAME,Prov. Jawa Timur,Kota Surabaya,PENS,Komputer,"Matematika Tingkat Lanjut, Matematika",32.0,124.0,36.0,173.0,595.07,88.5,D4
482009.0,POLITEKNIK ELEKTRONIKA NEGERI SURABAYA (PENS),TEKNOLOGI REKAYASA INTERNET,Prov. Jawa Timur,Kota Surabaya,PENS,Teknik atau rekayasa,"Fisika, Matematika Tingkat Lanjut, Matematika",21.0,50.0,24.0,67.0,587.88,88.14,D4
482010.0,POLITEKNIK ELEKTRONIKA NEGERI SURABAYA (PENS),TEKNOLOGI REKAYASA MULTIMEDIA,Prov. Jawa Timur,Kota Surabaya,PENS,Teknik atau rekayasa,"Fisika, Matematika Tingkat Lanjut, Matematika",21.0,88.0,24.0,181.0,591.43,88.32,D4
482011.0,POLITEKNIK ELEKTRONIKA NEGERI SURABAYA (PENS),SAINS DATA,Prov. Jawa Timur,Kota Surabaya,PENS,Sains Data,"Matematika Tingkat Lanjut, Matematika",21.0,67.0,24.0,91.0,567.99,87.15,D4
482012.0,POLITEKNIK ELEKTRONIKA NEGERI SURABAYA (PENS),TEKNOLOGI MULTIMEDIA DAN BROADCASTING (KAMPUS KAB LAMONGAN),Prov. Jawa Timur,Kota Surabaya,PENS,Ilmu atau Sains Komunikasi,"Sosiologi, Bahasa Indonesia, Antropologi",11.0,0.0,12.0,0.0,0.0,0.0,D3
482013.0,POLITEKNIK ELEKTRONIKA NEGERI SURABAYA (PENS),TEKNIK ELEKTRO INDUSTRI,Prov. Jawa Timur,Kota Surabaya,PENS,Teknik atau rekayasa,"Fisika, Matematika Tingkat Lanjut, Matematika",21.0,0.0,24.0,0.0,0.0,0.0,D3
482015.0,POLITEKNIK ELEKTRONIKA NEGERI SURABAYA (PENS),TEKNIK INFORMATIKA (KAMPUS KAB SUMENEP),Prov. Jawa Timur,Kota Surabaya,PENS,Teknik atau rekayasa,"Fisika, Matematika Tingkat Lanjut, Matematika",11.0,0.0,12.0,0.0,0.0,0.0,D3
482016.0,POLITEKNIK ELEKTRONIKA NEGERI SURABAYA (PENS),TEKNIK ELEKTRONIKA - D3,Prov. Jawa Timur,Kota Surabaya,PENS,Teknik atau rekayasa,"Fisika, Matematika Tingkat Lanjut, Matematika",21.0,0.0,24.0,0.0,0.0,0.0,D3
482017.0,POLITEKNIK ELEKTRONIKA NEGERI SURABAYA (PENS),TEKNOLOGI MULTIMEDIA DAN BROADCASTING (KAMPUS KAB SUMENEP),Prov. Jawa Timur,Kota Surabaya,PENS,Ilmu atau Sains Komunikasi,"Sosiologi, Bahasa Indonesia, Antropologi",11.0,0.0,12.0,0.0,0.0,0.0,D3
482018.0,POLITEKNIK ELEKTRONIKA NEGERI SURABAYA (PENS),TEKNIK INFORMATIKA (KAMPUS KAB LAMONGAN),Prov. Jawa Timur,Kota Surabaya,PENS,Teknik atau rekayasa,"Fisika, Matematika Tingkat Lanjut, Matematika",21.0,0.0,24.0,0.0,0.0,0.0,D3
482019.0,POLITEKNIK ELEKTRONIKA NEGERI SURABAYA (PENS),TEKNOLOGI MULTIMEDIA DAN BROADCASTING - D3,Prov. Jawa Timur,Kota Surabaya,PENS,Ilmu atau Sains Komunikasi,"Sosiologi, Bahasa Indonesia, Antropologi",21.0,0.0,24.0,0.0,0.0,0.0,D3
482020.0,POLITEKNIK ELEKTRONIKA NEGERI SURABAYA (PENS),TEKNIK INFORMATIKA - D3,Prov. Jawa Timur,Kota Surabaya,PENS,Teknik atau rekayasa,"Fisika, Matematika Tingkat Lanjut, Matematika",21.0,0.0,24.0,0.0,0.0,0.0,D3
482021.0,POLITEKNIK ELEKTRONIKA NEGERI SURABAYA (PENS),TEKNIK TELEKOMUNIKASI - D4,Prov. Jawa Timur,Kota Surabaya,PENS,Teknik atau rekayasa,"Fisika, Matematika Tingkat Lanjut, Matematika",21.0,0.0,24.0,0.0,0.0,0.0,D3
483001.0,POLITEKNIK NEGERI MADURA,TEKNIK MESIN ALAT BERAT,Prov. Jawa Timur,Kab Sampang,POLTERA,Teknik atau rekayasa,"Fisika, Matematika Tingkat Lanjut, Matematika",33.0,0.0,30.0,0.0,0.0,0.0,D3
483002.0,POLITEKNIK NEGERI MADURA,TEKNIK LISTRIK INDUSTRI,Prov. Jawa Timur,Kab Sampang,POLTERA,Teknik atau rekayasa,"Fisika, Matematika Tingkat Lanjut, Matematika",33.0,0.0,30.0,0.0,0.0,0.0,D3
483003.0,POLITEKNIK NEGERI MADURA,TEKNIK BANGUNAN KAPAL,Prov. Jawa Timur,Kab Sampang,POLTERA,Teknik atau rekayasa,"Fisika, Matematika Tingkat Lanjut, Matematika",33.0,0.0,30.0,0.0,0.0,0.0,D3
483004.0,POLITEKNIK NEGERI MADURA,KEPERAWATAN,Prov. Jawa Timur,Kab Sampang,POLTERA,Keperawatan,"Biologi, Matematika",45.0,0.0,40.0,0.0,0.0,0.0,D3
483005.0,POLITEKNIK NEGERI MADURA,TEKNOLOGI REKAYASA KESELAMATAN,Prov. Jawa Timur,Kab Sampang,POLTERA,Teknik atau rekayasa,"Fisika, Matematika Tingkat Lanjut, Matematika",15.0,0.0,13.0,0.0,0.0,0.0,D4
483006.0,POLITEKNIK NEGERI MADURA,TEKNOLOGI REKAYASA OTOMASI,Prov. Jawa Timur,Kab Sampang,POLTERA,Teknik atau rekayasa,"Fisika, Matematika Tingkat Lanjut, Matematika",15.0,0.0,13.0,0.0,0.0,0.0,D4
511001.0,UNIVERSITAS TANJUNGPURA,SOSIAL EKONOMI PERTANIAN,Prov. Kalimantan Barat,Kota Pontianak,UNTAN,Ilmu dan Sains Pertanian,"Biologi, Matematika",30.0,350.0,75.0,385.0,542.7,85.89,S1
511002.0,UNIVERSITAS TANJUNGPURA,TEKNIK SIPIL,Prov. Kalimantan Barat,Kota Pontianak,UNTAN,Teknik atau rekayasa,"Fisika, Matematika Tingkat Lanjut, Matematika",32.0,261.0,80.0,496.0,627.47,90.12,S1
511003.0,UNIVERSITAS TANJUNGPURA,TEKNIK ELEKTRO,Prov. Kalimantan Barat,Kota Pontianak,UNTAN,Teknik atau rekayasa,"Fisika, Matematika Tingkat Lanjut, Matematika",24.0,78.0,60.0,141.0,633.51,90.43,S1
511004.0,UNIVERSITAS TANJUNGPURA,TEKNIK ARSITEKTUR,Prov. Kalimantan Barat,Kota Pontianak,UNTAN,Teknik atau rekayasa,"Fisika, Matematika Tingkat Lanjut, Matematika",18.0,133.0,37.0,218.0,621.22,89.81,S1
511005.0,UNIVERSITAS TANJUNGPURA,TEKNIK INFORMATIKA,Prov. Kalimantan Barat,Kota Pontianak,UNTAN,Ilmu atau Sains Informasi,"Matematika Tingkat Lanjut, Matematika",25.0,497.0,45.0,962.0,647.22,91.11,S1
511006.0,UNIVERSITAS TANJUNGPURA,TEKNIK INDUSTRI,Prov. Kalimantan Barat,Kota Pontianak,UNTAN,Teknik atau rekayasa,"Fisika, Matematika Tingkat Lanjut, Matematika",18.0,145.0,45.0,191.0,628.39,90.17,S1
511007.0,UNIVERSITAS TANJUNGPURA,TEKNIK LINGKUNGAN,Prov. Kalimantan Barat,Kota Pontianak,UNTAN,Ilmu atau Sains Lingkungan,"Biologi, Matematika",18.0,110.0,45.0,194.0,624.63,89.98,S1
511008.0,UNIVERSITAS TANJUNGPURA,PENDIDIKAN MATEMATIKA,Prov. Kalimantan Barat,Kota Pontianak,UNTAN,Pendidikan Matematika,"Matematika, Matematika Tingkat Lanjut",30.0,169.0,40.0,192.0,546.43,86.07,S1
511009.0,UNIVERSITAS TANJUNGPURA,PENDIDIKAN BIOLOGI,Prov. Kalimantan Barat,Kota Pontianak,UNTAN,Pendidikan Biologi,Biologi,25.0,157.0,40.0,151.0,530.35,85.27,S1
511010.0,UNIVERSITAS TANJUNGPURA,PENDIDIKAN FISIKA,Prov. Kalimantan Barat,Kota Pontianak,UNTAN,Pendidikan Fisika,Fisika,32.0,56.0,40.0,42.0,535.13,85.51,S1
511011.0,UNIVERSITAS TANJUNGPURA,PENDIDIKAN KIMIA,Prov. Kalimantan Barat,Kota Pontianak,UNTAN,Pendidikan Kimia,Kimia,32.0,69.0,40.0,62.0,552.14,86.36,S1
511012.0,UNIVERSITAS TANJUNGPURA,MATEMATIKA,Prov. Kalimantan Barat,Kota Pontianak,UNTAN,Matematika,"Matematika Tingkat Lanjut, Matematika",21.0,88.0,28.0,74.0,559.66,86.73,S1
511013.0,UNIVERSITAS TANJUNGPURA,FISIKA,Prov. Kalimantan Barat,Kota Pontianak,UNTAN,Fisika,"Fisika, Matematika",28.0,20.0,28.0,28.0,549.93,86.25,S1
511014.0,UNIVERSITAS TANJUNGPURA,KIMIA,Prov. Kalimantan Barat,Kota Pontianak,UNTAN,Kimia,"Kimia, Matematika",48.0,53.0,48.0,58.0,550.61,86.28,S1
511015.0,UNIVERSITAS TANJUNGPURA,BIOLOGI,Prov. Kalimantan Barat,Kota Pontianak,UNTAN,Biologi,"Biologi, Matematika",24.0,105.0,32.0,125.0,553.17,86.41,S1
511016.0,UNIVERSITAS TANJUNGPURA,KEDOKTERAN,Prov. Kalimantan Barat,Kota Pontianak,UNTAN,Ilmu atau Sains Kedokteran,"Biologi, Kimia, Matematika",16.0,552.0,40.0,870.0,663.67,91.93,S1
511017.0,UNIVERSITAS TANJUNGPURA,FARMASI,Prov. Kalimantan Barat,Kota Pontianak,UNTAN,Ilmu Farmasi,"Biologi, Kimia, Matematika",24.0,978.0,84.0,1278.0,626.7,90.09,S1
511018.0,UNIVERSITAS TANJUNGPURA,SISTEM KOMPUTER,Prov. Kalimantan Barat,Kota Pontianak,UNTAN,Komputer,"Matematika Tingkat Lanjut, Matematika",36.0,228.0,48.0,397.0,558.89,86.69,S1
511019.0,UNIVERSITAS TANJUNGPURA,AGROTEKNOLOGI,Prov. Kalimantan Barat,Kota Pontianak,UNTAN,Ilmu dan Sains Pertanian,"Biologi, Matematika",60.0,235.0,150.0,396.0,547.24,86.11,S1
511020.0,UNIVERSITAS TANJUNGPURA,KEHUTANAN,Prov. Kalimantan Barat,Kota Pontianak,UNTAN,Kehutanan,"Biologi, Matematika",90.0,511.0,225.0,472.0,569.34,87.22,S1
511021.0,UNIVERSITAS TANJUNGPURA,KEPERAWATAN,Prov. Kalimantan Barat,Kota Pontianak,UNTAN,Keperawatan,"Biologi, Matematika",21.0,521.0,64.0,778.0,608.98,89.2,S1
511022.0,UNIVERSITAS TANJUNGPURA,GEOFISIKA,Prov. Kalimantan Barat,Kota Pontianak,UNTAN,Ilmu atau Sains Kebumian,"Fisika, Matematika Tingkat Lanjut, Matematika",28.0,41.0,28.0,44.0,522.8,84.89,S1
511023.0,UNIVERSITAS TANJUNGPURA,ILMU KELAUTAN,Prov. Kalimantan Barat,Kota Pontianak,UNTAN,Ilmu atau Sains Kelautan,"Biologi, Matematika, Geografi",28.0,43.0,28.0,47.0,525.4,85.02,S1
511024.0,UNIVERSITAS TANJUNGPURA,PERENCANAAN WILAYAH DAN KOTA,Prov. Kalimantan Barat,Kota Pontianak,UNTAN,Perencanaan Wilayah,"Ekonomi, Matematika",8.0,94.0,20.0,187.0,565.64,87.03,S1
511025.0,UNIVERSITAS TANJUNGPURA,ILMU DAN TEKNOLOGI PANGAN,Prov. Kalimantan Barat,Kota Pontianak,UNTAN,"Teknologi Pangan, Teknologi Hasil Pertanian/ Peternakan/ Perikanan","Kimia, Biologi, Matematika",20.0,122.0,50.0,178.0,529.16,85.21,S1
511026.0,UNIVERSITAS TANJUNGPURA,TEKNIK PERTAMBANGAN,Prov. Kalimantan Barat,Kota Pontianak,UNTAN,Teknik atau rekayasa,"Fisika, Matematika Tingkat Lanjut, Matematika",15.0,102.0,20.0,218.0,617.36,89.62,S1
511027.0,UNIVERSITAS TANJUNGPURA,PETERNAKAN,Prov. Kalimantan Barat,Kota Pontianak,UNTAN,Peternakan,"Biologi, Matematika",12.0,31.0,30.0,73.0,528.08,85.15,S1
511028.0,UNIVERSITAS TANJUNGPURA,STATISTIK,Prov. Kalimantan Barat,Kota Pontianak,UNTAN,Sains Data,"Matematika Tingkat Lanjut, Matematika",21.0,167.0,28.0,140.0,559.74,86.74,S1
511029.0,UNIVERSITAS TANJUNGPURA,TEKNIK KELAUTAN,Prov. Kalimantan Barat,Kota Pontianak,UNTAN,Teknik atau rekayasa,"Fisika, Matematika Tingkat Lanjut, Matematika",15.0,20.0,20.0,31.0,583.16,87.91,S1
511030.0,UNIVERSITAS TANJUNGPURA,TEKNIK KIMIA,Prov. Kalimantan Barat,Kota Pontianak,UNTAN,Teknik atau rekayasa,"Fisika, Matematika Tingkat Lanjut, Matematika",10.0,35.0,25.0,45.0,610.79,89.29,S1
511031.0,UNIVERSITAS TANJUNGPURA,TEKNIK MESIN,Prov. Kalimantan Barat,Kota Pontianak,UNTAN,Teknik atau rekayasa,"Fisika, Matematika Tingkat Lanjut, Matematika",10.0,37.0,25.0,125.0,607.3,89.12,S1
511032.0,UNIVERSITAS TANJUNGPURA,ILMU TANAH,Prov. Kalimantan Barat,Kota Pontianak,UNTAN,Ilmu atau Sains Lingkungan,"Biologi, Matematika",24.0,52.0,60.0,139.0,533.45,85.42,S1
511033.0,UNIVERSITAS TANJUNGPURA,SISTEM INFORMASI,Prov. Kalimantan Barat,Kota Pontianak,UNTAN,Ilmu atau Sains Informasi,"Matematika Tingkat Lanjut, Matematika",21.0,265.0,28.0,381.0,568.29,87.16,S1
511034.0,UNIVERSITAS TANJUNGPURA,MANAJEMEN SUMBERDAYA PERAIRAN,Prov. Kalimantan Barat,Kota Pontianak,UNTAN,"Bioteknologi, Biokewirausaha an, Bioinformatika","Biologi, Matematika",12.0,38.0,30.0,46.0,524.24,84.96,S1
511035.0,UNIVERSITAS TANJUNGPURA,HUKUM,Prov. Kalimantan Barat,Kota Pontianak,UNTAN,Hukum,"Sosiologi, Pendidikan Pancasila",96.0,842.0,239.0,1202.0,581.82,87.84,S1
511036.0,UNIVERSITAS TANJUNGPURA,EKONOMI PEMBANGUNAN,Prov. Kalimantan Barat,Kota Pontianak,UNTAN,Ekonomi,"Ekonomi, Matematika",58.0,359.0,145.0,473.0,595.77,88.54,S1
511037.0,UNIVERSITAS TANJUNGPURA,MANAJEMEN,Prov. Kalimantan Barat,Kota Pontianak,UNTAN,Ilmu atau Sains Manajemen,"Ekonomi, Matematika",58.0,1724.0,145.0,1755.0,614.44,89.47,S1
511038.0,UNIVERSITAS TANJUNGPURA,AKUNTANSI,Prov. Kalimantan Barat,Kota Pontianak,UNTAN,Ilmu atau Sains Akuntansi,"Ekonomi, Matematika",58.0,926.0,145.0,933.0,619.28,89.71,S1
511039.0,UNIVERSITAS TANJUNGPURA,ADMINISTRASI NEGARA,Prov. Kalimantan Barat,Kota Pontianak,UNTAN,Administrasi Bisnis,"Ekonomi, Matematika",24.0,670.0,60.0,803.0,585.1,88.01,S1
511040.0,UNIVERSITAS TANJUNGPURA,ILMU SOSIATRI,Prov. Kalimantan Barat,Kota Pontianak,UNTAN,Studi Humanitas,"Sosiologi, Pendidikan Pancasila, Antropologi",24.0,114.0,60.0,163.0,561.63,86.83,S1
511041.0,UNIVERSITAS TANJUNGPURA,PENDIDIKAN BAHASA INGGRIS,Prov. Kalimantan Barat,Kota Pontianak,UNTAN,Pendidikan Bahasa Inggris,Bahasa Inggris,25.0,379.0,50.0,489.0,526.97,85.1,S1
511042.0,UNIVERSITAS TANJUNGPURA,"PENDIDIKAN BAHASA, SASTRA INDONESIA DAN DAERAH",Prov. Kalimantan Barat,Kota Pontianak,UNTAN,Pendidikan Bahasa Indonesia,Bahasa Indonesia,28.0,279.0,32.0,311.0,525.52,85.03,S1
511043.0,UNIVERSITAS TANJUNGPURA,PENDIDIKAN EKONOMI,Prov. Kalimantan Barat,Kota Pontianak,UNTAN,Pendidikan Ekonomi,Ekonomi,28.0,141.0,32.0,141.0,515.13,84.51,S1
511044.0,UNIVERSITAS TANJUNGPURA,PENDIDIKAN SOSIOLOGI,Prov. Kalimantan Barat,Kota Pontianak,UNTAN,Pendidikan Sosiologi,Sosiologi,15.0,154.0,25.0,134.0,515.77,84.54,S1
511045.0,UNIVERSITAS TANJUNGPURA,PENDIDIKAN GURU PAUD,Prov. Kalimantan Barat,Kota Pontianak,UNTAN,Pendidikan PAUD,"Matematika, Bahasa Indonesia",12.0,156.0,28.0,152.0,512.38,84.37,S1
511046.0,UNIVERSITAS TANJUNGPURA,PENDIDIKAN JASMANI KESEHATAN DAN REKREASI,Prov. Kalimantan Barat,Kota Pontianak,UNTAN,Pendidikan Jasmani Kesehatan,"Pendidikan Jasmani, Biologi",30.0,21.0,40.0,64.0,511.34,84.32,S1
511047.0,UNIVERSITAS TANJUNGPURA,PENDIDIKAN SENI TARI DAN MUSIK,Prov. Kalimantan Barat,Kota Pontianak,UNTAN,Pendidikan Seni,Seni Budaya,30.0,23.0,40.0,33.0,495.3,83.52,S1
511048.0,UNIVERSITAS TANJUNGPURA,ILMU POLITIK,Prov. Kalimantan Barat,Kota Pontianak,UNTAN,Sosial,"Sosiologi, Sejarah, Antropologi",24.0,146.0,60.0,205.0,599.62,88.73,S1
511049.0,UNIVERSITAS TANJUNGPURA,SOSIOLOGI,Prov. Kalimantan Barat,Kota Pontianak,UNTAN,Studi Humanitas,"Sosiologi, Pendidikan Pancasila, Antropologi",24.0,152.0,60.0,187.0,601.3,88.82,S1
511050.0,UNIVERSITAS TANJUNGPURA,PENDIDIKAN BAHASA MANDARIN,Prov. Kalimantan Barat,Kota Pontianak,UNTAN,Pendidikan Bahasa Mandarin,"Bahasa Mandarin, Bahasa Indonesia",15.0,56.0,30.0,58.0,520.83,84.79,S1
511051.0,UNIVERSITAS TANJUNGPURA,MANAJEMEN (KLS INTERNASIONAL),Prov. Kalimantan Barat,Kota Pontianak,UNTAN,Ilmu atau Sains Manajemen,"Ekonomi, Matematika",10.0,67.0,25.0,94.0,612.05,89.35,S1
511052.0,UNIVERSITAS TANJUNGPURA,PENDIDIKAN GURU SD,Prov. Kalimantan Barat,Kota Pontianak,UNTAN,Pendidikan SD,"Matematika, Bahasa Indonesia",25.0,1161.0,50.0,1139.0,511.26,84.31,S1
511053.0,UNIVERSITAS TANJUNGPURA,PENDIDIKAN BIMBINGAN DAN KONSELING,Prov. Kalimantan Barat,Kota Pontianak,UNTAN,Psikologi,"Sosiologi, Matematika",12.0,143.0,28.0,182.0,493.9,83.45,S1
511054.0,UNIVERSITAS TANJUNGPURA,AKUNTANSI (KLS INTERNASIONAL),Prov. Kalimantan Barat,Kota Pontianak,UNTAN,Ilmu atau Sains Akuntansi,"Ekonomi, Matematika",10.0,44.0,25.0,67.0,608.88,89.19,S1
511055.0,UNIVERSITAS TANJUNGPURA,ILMU KOMUNIKASI,Prov. Kalimantan Barat,Kota Pontianak,UNTAN,Ilmu atau Sains Komunikasi,"Sosiologi, Bahasa Indonesia, Antropologi",18.0,433.0,45.0,666.0,609.13,89.21,S1
511056.0,UNIVERSITAS TANJUNGPURA,ILMU PEMERINTAHAN,Prov. Kalimantan Barat,Kota Pontianak,UNTAN,Urusan Publik,"Sosiologi, Pendidikan Pancasila",24.0,467.0,60.0,568.0,583.09,87.9,S1
511057.0,UNIVERSITAS TANJUNGPURA,EKONOMI ISLAM,Prov. Kalimantan Barat,Kota Pontianak,UNTAN,Ekonomi,"Ekonomi, Matematika",16.0,129.0,40.0,164.0,550.26,86.26,S1
511058.0,UNIVERSITAS TANJUNGPURA,PENDIDIKAN PANCASILA DAN KEWARGANEGARAAN,Prov. Kalimantan Barat,Kota Pontianak,UNTAN,Pendidikan Pancasila,Pendidikan Pancasila,15.0,67.0,20.0,75.0,507.64,84.13,S1
511059.0,UNIVERSITAS TANJUNGPURA,PENDIDIKAN SEJARAH,Prov. Kalimantan Barat,Kota Pontianak,UNTAN,Pendidikan Sejarah,Sejarah,15.0,84.0,20.0,75.0,506.31,84.07,S1
511060.0,UNIVERSITAS TANJUNGPURA,PENDIDIKAN GEOGRAFI,Prov. Kalimantan Barat,Kota Pontianak,UNTAN,Pendidikan Geografi,Geografi,15.0,52.0,20.0,63.0,511.28,84.31,S1
511061.0,UNIVERSITAS TANJUNGPURA,PENDIDIKAN KEPELATIHAN OLAHRAGA,Prov. Kalimantan Barat,Kota Pontianak,UNTAN,Pendidikan Jasmani Kesehatan,"Pendidikan Jasmani, Biologi",17.0,11.0,25.0,26.0,510.12,84.26,S1
511062.0,UNIVERSITAS TANJUNGPURA,PENDIDIKAN IPS,Prov. Kalimantan Barat,Kota Pontianak,UNTAN,Pendidikan IPS,"Ekonomi, Sosiologi, Geografi",15.0,87.0,20.0,87.0,512.29,84.36,S1
511063.0,UNIVERSITAS TANJUNGPURA,HUBUNGAN INTERNASIONAL,Prov. Kalimantan Barat,Kota Pontianak,UNTAN,Ilmu atau Sains Komunikasi,"Sosiologi, Bahasa Indonesia, Antropologi",24.0,326.0,60.0,426.0,612.1,89.36,S1
511064.0,UNIVERSITAS TANJUNGPURA,ANTROPOLOGI SOSIAL,Prov. Kalimantan Barat,Kota Pontianak,UNTAN,Studi Humanitas,"Sosiologi, Pendidikan Pancasila, Antropologi",18.0,59.0,45.0,82.0,602.33,88.87,S1
511065.0,UNIVERSITAS TANJUNGPURA,BUDIDAYA TANAMAN PERKEBUNAN,Prov. Kalimantan Barat,Kota Pontianak,UNTAN,Ilmu dan Sains Pertanian,"Biologi, Matematika",15.0,0.0,20.0,0.0,0.0,0.0,D3
511066.0,UNIVERSITAS TANJUNGPURA,KEARSIPAN,Prov. Kalimantan Barat,Kota Pontianak,UNTAN,Urusan Publik,"Sosiologi, Pendidikan Pancasila",18.0,0.0,45.0,0.0,0.0,0.0,D3
511067.0,UNIVERSITAS TANJUNGPURA,PERPUSTAKAAN,Prov. Kalimantan Barat,Kota Pontianak,UNTAN,Urusan Publik,"Sosiologi, Pendidikan Pancasila",12.0,0.0,20.0,0.0,0.0,0.0,D3
511068.0,UNIVERSITAS TANJUNGPURA,KESEKRETARIATAN,Prov. Kalimantan Barat,Kota Pontianak,UNTAN,Administrasi Bisnis,"Ekonomi, Matematika",18.0,0.0,45.0,0.0,0.0,0.0,D3
511069.0,UNIVERSITAS TANJUNGPURA,ADMINISTRASI PERKANTORAN,Prov. Kalimantan Barat,Kota Pontianak,UNTAN,Administrasi Bisnis,"Ekonomi, Matematika",18.0,0.0,45.0,0.0,0.0,0.0,D3
515001.0,POLITEKNIK NEGERI PONTIANAK,PERENCANAAN PERUMAHAN DAN PEMUKIMAN,Prov. Kalimantan Barat,Kota Pontianak,POLNEP,Perencanaan Wilayah,"Ekonomi, Matematika",38.0,77.0,68.0,120.0,501.76,83.84,D4
515002.0,POLITEKNIK NEGERI PONTIANAK,TEKNIK MESIN - D4,Prov. Kalimantan Barat,Kota Pontianak,POLNEP,Teknik atau rekayasa,"Fisika, Matematika Tingkat Lanjut, Matematika",23.0,81.0,41.0,158.0,501.15,83.81,D4
515003.0,POLITEKNIK NEGERI PONTIANAK,MANAJEMEN PERKEBUNAN,Prov. Kalimantan Barat,Kota Pontianak,POLNEP,Ilmu dan Sains Pertanian,"Biologi, Matematika",15.0,84.0,27.0,125.0,487.74,83.14,D4
515004.0,POLITEKNIK NEGERI PONTIANAK,BUDIDAYA TANAMAN PERKEBUNAN,Prov. Kalimantan Barat,Kota Pontianak,POLNEP,Ilmu dan Sains Pertanian,"Biologi, Matematika",15.0,44.0,27.0,98.0,492.65,83.38,D4
515005.0,POLITEKNIK NEGERI PONTIANAK,DESAIN KAWASAN BINAAN,Prov. Kalimantan Barat,Kota Pontianak,POLNEP,Desain,"Seni Budaya, Matematika",15.0,16.0,27.0,21.0,496.6,83.58,D4
515006.0,POLITEKNIK NEGERI PONTIANAK,ARSITEKTUR BANGUNAN GEDUNG,Prov. Kalimantan Barat,Kota Pontianak,POLNEP,Arsitektur,"Matematika, Fisika",23.0,78.0,41.0,102.0,497.53,83.63,D4
515007.0,POLITEKNIK NEGERI PONTIANAK,ADMINISTRASI NEGARA,Prov. Kalimantan Barat,Kota Pontianak,POLNEP,Administrasi Bisnis,"Ekonomi, Matematika",45.0,327.0,81.0,566.0,499.07,83.7,D4
515008.0,POLITEKNIK NEGERI PONTIANAK,ADMINISTRASI BISNIS - D4,Prov. Kalimantan Barat,Kota Pontianak,POLNEP,Administrasi Bisnis,"Ekonomi, Matematika",23.0,54.0,41.0,125.0,508.21,84.16,D4
515009.0,POLITEKNIK NEGERI PONTIANAK,AKUNTANSI SEKTOR PUBLIK,Prov. Kalimantan Barat,Kota Pontianak,POLNEP,Ilmu atau Sains Akuntansi,"Ekonomi, Matematika",57.0,224.0,103.0,333.0,505.83,84.04,D4
515010.0,POLITEKNIK NEGERI PONTIANAK,BUDIDAYA PERIKANAN,Prov. Kalimantan Barat,Kota Pontianak,POLNEP,Ilmu atau Sains Perikanan,"Biologi, Matematika",23.0,0.0,41.0,0.0,0.0,0.0,D3
515011.0,POLITEKNIK NEGERI PONTIANAK,TEKNOLOGI BUDIDAYA PERIKANAN (KAMPUS KAB KAPUAS HULU),Prov. Kalimantan Barat,Kota Pontianak,POLNEP,Ilmu atau Sains Perikanan,"Biologi, Matematika",15.0,0.0,27.0,0.0,0.0,0.0,D3
515012.0,POLITEKNIK NEGERI PONTIANAK,PENGELOLAAN HASIL PERKEBUNAN (KAMPUS KAB. SANGGAU),Prov. Kalimantan Barat,Kota Pontianak,POLNEP,Ilmu dan Sains Pertanian,"Biologi, Matematika",15.0,0.0,27.0,0.0,0.0,0.0,D3
515013.0,POLITEKNIK NEGERI PONTIANAK,PENGOLAHAN HASIL PERKEBUNAN TERPADU,Prov. Kalimantan Barat,Kota Pontianak,POLNEP,Ilmu dan Sains Pertanian,"Biologi, Matematika",30.0,0.0,54.0,0.0,0.0,0.0,D4
515014.0,POLITEKNIK NEGERI PONTIANAK,TEKNIK INFORMATIKA,Prov. Kalimantan Barat,Kota Pontianak,POLNEP,Teknik atau rekayasa,"Fisika, Matematika Tingkat Lanjut, Matematika",38.0,0.0,68.0,0.0,0.0,0.0,D3
515015.0,POLITEKNIK NEGERI PONTIANAK,TEKNIK LISTRIK,Prov. Kalimantan Barat,Kota Pontianak,POLNEP,Teknik atau rekayasa,"Fisika, Matematika Tingkat Lanjut, Matematika",20.0,0.0,35.0,0.0,0.0,0.0,D3
515016.0,POLITEKNIK NEGERI PONTIANAK,ADMINISTRASI BISNIS - D3,Prov. Kalimantan Barat,Kota Pontianak,POLNEP,Administrasi Bisnis,"Ekonomi, Matematika",45.0,0.0,82.0,0.0,0.0,0.0,D3
515017.0,POLITEKNIK NEGERI PONTIANAK,TEKNIK MESIN - D3,Prov. Kalimantan Barat,Kota Pontianak,POLNEP,Teknik atau rekayasa,"Fisika, Matematika Tingkat Lanjut, Matematika",23.0,0.0,41.0,0.0,0.0,0.0,D3
515018.0,POLITEKNIK NEGERI PONTIANAK,ARSITEKTUR,Prov. Kalimantan Barat,Kota Pontianak,POLNEP,Arsitektur,"Matematika, Fisika",30.0,0.0,54.0,0.0,0.0,0.0,D3
515019.0,POLITEKNIK NEGERI PONTIANAK,AKUNTANSI (KAMPUS KAB. SANGGAU),Prov. Kalimantan Barat,Kota Pontianak,POLNEP,Ilmu atau Sains Akuntansi,"Ekonomi, Matematika",23.0,0.0,41.0,0.0,0.0,0.0,D3
515020.0,POLITEKNIK NEGERI PONTIANAK,AKUNTANSI,Prov. Kalimantan Barat,Kota Pontianak,POLNEP,Ilmu atau Sains Akuntansi,"Ekonomi, Matematika",53.0,0.0,95.0,0.0,0.0,0.0,D3
515021.0,POLITEKNIK NEGERI PONTIANAK,TEKNIK SIPIL,Prov. Kalimantan Barat,Kota Pontianak,POLNEP,Teknik atau rekayasa,"Fisika, Matematika Tingkat Lanjut, Matematika",38.0,0.0,68.0,0.0,0.0,0.0,D3
515022.0,POLITEKNIK NEGERI PONTIANAK,TEKNIK SIPIL  KAMPUS KAB. KAPUAS HULU,Prov. Kalimantan Barat,Kota Pontianak,POLNEP,Teknik atau rekayasa,"Fisika, Matematika Tingkat Lanjut, Matematika",23.0,0.0,41.0,0.0,0.0,0.0,D3
515023.0,POLITEKNIK NEGERI PONTIANAK,TEKNOLOGI PENGOLAHAN HASIL PERKEBUNAN (KAMPUS KAB KAPUAS HULU),Prov. Kalimantan Barat,Kota Pontianak,POLNEP,"Teknologi Pangan, Teknologi Hasil Pertanian/ Peternakan/ Perikanan","Kimia, Biologi, Matematika",15.0,0.0,27.0,0.0,0.0,0.0,D3
515024.0,POLITEKNIK NEGERI PONTIANAK,TEKNOLOGI PENGOLAHAN HASIL PERIKANAN,Prov. Kalimantan Barat,Kota Pontianak,POLNEP,"Teknologi Pangan, Teknologi Hasil Pertanian/ Peternakan/ Perikanan","Kimia, Biologi, Matematika",23.0,0.0,41.0,0.0,0.0,0.0,D3
515025.0,POLITEKNIK NEGERI PONTIANAK,TEKNOLOGI PENANGKAPAN IKAN,Prov. Kalimantan Barat,Kota Pontianak,POLNEP,"Teknologi Pangan, Teknologi Hasil Pertanian/ Peternakan/ Perikanan","Kimia, Biologi, Matematika",23.0,0.0,41.0,0.0,0.0,0.0,D3
515026.0,POLITEKNIK NEGERI PONTIANAK,TEKNOLOGI MESIN (KAMPUS KAB. SANGGAU),Prov. Kalimantan Barat,Kota Pontianak,POLNEP,Teknik atau rekayasa,"Fisika, Matematika Tingkat Lanjut, Matematika",8.0,0.0,14.0,0.0,0.0,0.0,D3
515027.0,POLITEKNIK NEGERI PONTIANAK,TEKNOLOGI REKAYASA SISTEM ELEKTRONIKA,Prov. Kalimantan Barat,Kota Pontianak,POLNEP,Teknik atau rekayasa,"Fisika, Matematika Tingkat Lanjut, Matematika",20.0,0.0,35.0,0.0,0.0,0.0,D4
516001.0,POLITEKNIK NEGERI KETAPANG,BUDIDAYA TANAMAN PERKEBUNAN,Prov. Kalimantan Barat,Kab Ketapang,POLITAP,Ilmu dan Sains Pertanian,"Biologi, Matematika",12.0,50.0,30.0,55.0,499.59,83.73,D4
516002.0,POLITEKNIK NEGERI KETAPANG,TEKNIK SIPIL,Prov. Kalimantan Barat,Kab Ketapang,POLITAP,Teknik atau rekayasa,"Fisika, Matematika Tingkat Lanjut, Matematika",12.0,45.0,30.0,57.0,511.84,84.34,D4
516003.0,POLITEKNIK NEGERI KETAPANG,TEKNOLOGI HASIL PERKEBUNAN,Prov. Kalimantan Barat,Kab Ketapang,POLITAP,"Teknologi Pangan, Teknologi Hasil Pertanian/ Peternakan/ Perikanan","Kimia, Biologi, Matematika",12.0,0.0,30.0,0.0,0.0,0.0,D3
516004.0,POLITEKNIK NEGERI KETAPANG,PEMELIHARAAN MESIN,Prov. Kalimantan Barat,Kab Ketapang,POLITAP,Teknik atau rekayasa,"Fisika, Matematika Tingkat Lanjut, Matematika",12.0,0.0,30.0,0.0,0.0,0.0,D3
516005.0,POLITEKNIK NEGERI KETAPANG,TEKNOLOGI LISTRIK,Prov. Kalimantan Barat,Kab Ketapang,POLITAP,Teknik atau rekayasa,"Fisika, Matematika Tingkat Lanjut, Matematika",13.0,0.0,32.0,0.0,0.0,0.0,D3
516006.0,POLITEKNIK NEGERI KETAPANG,TEKNOLOGI PERTAMBANGAN,Prov. Kalimantan Barat,Kab Ketapang,POLITAP,Ilmu atau Sains Kebumian,"Fisika, Matematika Tingkat Lanjut, Matematika",12.0,0.0,30.0,0.0,0.0,0.0,D3
516007.0,POLITEKNIK NEGERI KETAPANG,TEKNOLOGI INFORMASI,Prov. Kalimantan Barat,Kab Ketapang,POLITAP,Ilmu atau Sains Informasi,"Matematika Tingkat Lanjut, Matematika",12.0,0.0,30.0,0.0,0.0,0.0,D3
516008.0,POLITEKNIK NEGERI KETAPANG,AGROINDUSTRI,Prov. Kalimantan Barat,Kab Ketapang,POLITAP,"Bioteknologi, Biokewirausaha an, Bioinformatika","Biologi, Matematika",12.0,0.0,30.0,0.0,0.0,0.0,D3
517001.0,POLITEKNIK NEGERI SAMBAS,AGROINDUSTRI PANGAN,Prov. Kalimantan Barat,Kab Sambas,POLTESA,Ilmu dan Sains Pertanian,"Biologi, Matematika",17.0,84.0,32.0,90.0,490.0,83.25,D4
517002.0,POLITEKNIK NEGERI SAMBAS,TEKNIK MULTIMEDIA,Prov. Kalimantan Barat,Kab Sambas,POLTESA,Teknik atau rekayasa,"Fisika, Matematika Tingkat Lanjut, Matematika",23.0,125.0,41.0,167.0,497.47,83.62,D4
517003.0,POLITEKNIK NEGERI SAMBAS,TEKNIK MESIN PERTANIAN,Prov. Kalimantan Barat,Kab Sambas,POLTESA,Teknik atau rekayasa,"Fisika, Matematika Tingkat Lanjut, Matematika",13.0,19.0,23.0,34.0,473.97,82.45,D4
517004.0,POLITEKNIK NEGERI SAMBAS,AGROBISNIS PERIKANAN,Prov. Kalimantan Barat,Kab Sambas,POLTESA,Ilmu atau Sains Kelautan,"Biologi, Matematika, Geografi",16.0,16.0,29.0,27.0,495.06,83.5,D4
517005.0,POLITEKNIK NEGERI SAMBAS,MANAJEMEN BISNIS PARIWISATA,Prov. Kalimantan Barat,Kab Sambas,POLTESA,Pariwisata,"Ekonomi, Matematika",24.0,83.0,44.0,133.0,497.7,83.64,D4
517006.0,POLITEKNIK NEGERI SAMBAS,AKUNTANSI KEUANGAN PERUSAHAAN,Prov. Kalimantan Barat,Kab Sambas,POLTESA,Ilmu atau Sains Akuntansi,"Ekonomi, Matematika",24.0,167.0,44.0,188.0,489.92,83.25,D4
517007.0,POLITEKNIK NEGERI SAMBAS,AGROBISNIS,Prov. Kalimantan Barat,Kab Sambas,POLTESA,"Bioteknologi, Biokewirausaha an, Bioinformatika","Biologi, Matematika",17.0,0.0,30.0,0.0,0.0,0.0,D3
517008.0,POLITEKNIK NEGERI SAMBAS,MANAJEMEN INFORMATIKA,Prov. Kalimantan Barat,Kab Sambas,POLTESA,Ilmu atau Sains Informasi,"Matematika Tingkat Lanjut, Matematika",23.0,0.0,41.0,0.0,0.0,0.0,D3
517009.0,POLITEKNIK NEGERI SAMBAS,TEKNIK MESIN,Prov. Kalimantan Barat,Kab Sambas,POLTESA,Teknik atau rekayasa,"Fisika, Matematika Tingkat Lanjut, Matematika",13.0,0.0,23.0,0.0,0.0,0.0,D3
521001.0,UNIVERSITAS PALANGKARAYA,AGROBISNIS,Prov. Kalimantan Tengah,Kota Palangkaraya,UPR,Ilmu dan Sains Pertanian,"Biologi, Matematika",36.0,182.0,48.0,173.0,530.58,85.28,S1
521002.0,UNIVERSITAS PALANGKARAYA,MANAJEMEN SUMBERDAYA PERAIRAN,Prov. Kalimantan Tengah,Kota Palangkaraya,UPR,"Bioteknologi, Biokewirausaha an, Bioinformatika","Biologi, Matematika",23.0,49.0,30.0,78.0,523.73,84.94,S1
521003.0,UNIVERSITAS PALANGKARAYA,BUDIDAYA PERAIRAN,Prov. Kalimantan Tengah,Kota Palangkaraya,UPR,"Bioteknologi, Biokewirausaha an, Bioinformatika","Biologi, Matematika",12.0,19.0,16.0,25.0,518.05,84.65,S1
521004.0,UNIVERSITAS PALANGKARAYA,TEKNIK SIPIL,Prov. Kalimantan Tengah,Kota Palangkaraya,UPR,Teknik atau rekayasa,"Fisika, Matematika Tingkat Lanjut, Matematika",48.0,159.0,64.0,273.0,611.24,89.31,S1
521005.0,UNIVERSITAS PALANGKARAYA,ARSITEKTUR,Prov. Kalimantan Tengah,Kota Palangkaraya,UPR,Arsitektur,"Matematika, Fisika",24.0,59.0,32.0,75.0,579.11,87.71,S1
521006.0,UNIVERSITAS PALANGKARAYA,TEKNIK INFORMATIKA,Prov. Kalimantan Tengah,Kota Palangkaraya,UPR,Ilmu atau Sains Informasi,"Matematika Tingkat Lanjut, Matematika",30.0,406.0,40.0,511.0,609.99,89.25,S1
521007.0,UNIVERSITAS PALANGKARAYA,PENDIDIKAN MATEMATIKA,Prov. Kalimantan Tengah,Kota Palangkaraya,UPR,Pendidikan Matematika,"Matematika, Matematika Tingkat Lanjut",12.0,75.0,16.0,55.0,515.84,84.54,S1
521008.0,UNIVERSITAS PALANGKARAYA,PENDIDIKAN FISIKA,Prov. Kalimantan Tengah,Kota Palangkaraya,UPR,Pendidikan Fisika,Fisika,12.0,9.0,16.0,18.0,514.63,84.48,S1
521009.0,UNIVERSITAS PALANGKARAYA,PENDIDIKAN KIMIA,Prov. Kalimantan Tengah,Kota Palangkaraya,UPR,Pendidikan Kimia,Kimia,12.0,22.0,16.0,26.0,514.56,84.48,S1
521010.0,UNIVERSITAS PALANGKARAYA,PENDIDIKAN BIOLOGI,Prov. Kalimantan Tengah,Kota Palangkaraya,UPR,Pendidikan Biologi,Biologi,24.0,89.0,32.0,67.0,513.66,84.43,S1
521011.0,UNIVERSITAS PALANGKARAYA,PENDIDIKAN TEKNIK MESIN,Prov. Kalimantan Tengah,Kota Palangkaraya,UPR,Pendidikan Teknik,"Fisika, Matematika Tingkat Lanjut, Matematika",18.0,24.0,24.0,48.0,515.78,84.54,S1
521012.0,UNIVERSITAS PALANGKARAYA,TEKNIK PERTAMBANGAN,Prov. Kalimantan Tengah,Kota Palangkaraya,UPR,Teknik atau rekayasa,"Fisika, Matematika Tingkat Lanjut, Matematika",30.0,140.0,40.0,402.0,612.71,89.39,S1
521013.0,UNIVERSITAS PALANGKARAYA,AGROTEKNOLOGI,Prov. Kalimantan Tengah,Kota Palangkaraya,UPR,Ilmu dan Sains Pertanian,"Biologi, Matematika",53.0,138.0,70.0,162.0,527.97,85.15,S1
521014.0,UNIVERSITAS PALANGKARAYA,KEHUTANAN,Prov. Kalimantan Tengah,Kota Palangkaraya,UPR,Kehutanan,"Biologi, Matematika",60.0,138.0,80.0,213.0,531.12,85.31,S1
521015.0,UNIVERSITAS PALANGKARAYA,TEKNOLOGI HASIL PERIKANAN,Prov. Kalimantan Tengah,Kota Palangkaraya,UPR,"Teknologi Pangan, Teknologi Hasil Pertanian/ Peternakan/ Perikanan","Kimia, Biologi, Matematika",12.0,9.0,16.0,18.0,520.05,84.75,S1
521016.0,UNIVERSITAS PALANGKARAYA,PETERNAKAN,Prov. Kalimantan Tengah,Kota Palangkaraya,UPR,Peternakan,"Biologi, Matematika",14.0,25.0,18.0,43.0,523.47,84.92,S1
521017.0,UNIVERSITAS PALANGKARAYA,PENDIDIKAN TEKNIK BANGUNAN,Prov. Kalimantan Tengah,Kota Palangkaraya,UPR,Pendidikan Teknik,"Fisika, Matematika Tingkat Lanjut, Matematika",15.0,4.0,20.0,14.0,511.85,84.34,S1
521018.0,UNIVERSITAS PALANGKARAYA,KEDOKTERAN,Prov. Kalimantan Tengah,Kota Palangkaraya,UPR,Ilmu atau Sains Kedokteran,"Biologi, Kimia, Matematika",30.0,409.0,40.0,673.0,632.83,90.39,S1
521019.0,UNIVERSITAS PALANGKARAYA,TEKNOLOGI INDUSTRI PERTANIAN,Prov. Kalimantan Tengah,Kota Palangkaraya,UPR,Ilmu dan Sains Pertanian,"Biologi, Matematika",18.0,34.0,24.0,99.0,519.21,84.71,S1
521020.0,UNIVERSITAS PALANGKARAYA,FISIKA,Prov. Kalimantan Tengah,Kota Palangkaraya,UPR,Fisika,"Fisika, Matematika",12.0,15.0,16.0,13.0,533.16,85.41,S1
521021.0,UNIVERSITAS PALANGKARAYA,KIMIA,Prov. Kalimantan Tengah,Kota Palangkaraya,UPR,Kimia,"Kimia, Matematika",14.0,27.0,18.0,38.0,531.82,85.34,S1
521022.0,UNIVERSITAS PALANGKARAYA,BIOLOGI,Prov. Kalimantan Tengah,Kota Palangkaraya,UPR,Biologi,"Biologi, Matematika",20.0,80.0,27.0,58.0,537.0,85.6,S1
521023.0,UNIVERSITAS PALANGKARAYA,PENDIDIKAN PANCASILA DAN KEWARGANEGARAAN,Prov. Kalimantan Tengah,Kota Palangkaraya,UPR,Pendidikan Pancasila,Pendidikan Pancasila,21.0,44.0,28.0,78.0,495.9,83.55,S1
521024.0,UNIVERSITAS PALANGKARAYA,PENDIDIKAN EKONOMI,Prov. Kalimantan Tengah,Kota Palangkaraya,UPR,Pendidikan Ekonomi,Ekonomi,15.0,44.0,20.0,73.0,512.85,84.39,S1
521025.0,UNIVERSITAS PALANGKARAYA,PENDIDIKAN BAHASA INGGRIS,Prov. Kalimantan Tengah,Kota Palangkaraya,UPR,Pendidikan Bahasa Inggris,Bahasa Inggris,30.0,183.0,40.0,161.0,490.05,83.25,S1
521026.0,UNIVERSITAS PALANGKARAYA,"PENDIDIKAN BAHASA, SASTRA INDONESIA DAN DAERAH",Prov. Kalimantan Tengah,Kota Palangkaraya,UPR,Pendidikan Bahasa Indonesia,Bahasa Indonesia,30.0,60.0,40.0,92.0,503.84,83.94,S1
521027.0,UNIVERSITAS PALANGKARAYA,PENDIDIKAN GURU SD,Prov. Kalimantan Tengah,Kota Palangkaraya,UPR,Pendidikan SD,"Matematika, Bahasa Indonesia",48.0,434.0,64.0,390.0,467.97,82.15,S1
521028.0,UNIVERSITAS PALANGKARAYA,PENDIDIKAN JASMANI KESEHATAN DAN REKREASI,Prov. Kalimantan Tengah,Kota Palangkaraya,UPR,Pendidikan Jasmani Kesehatan,"Pendidikan Jasmani, Biologi",15.0,13.0,20.0,46.0,499.4,83.72,S1
521029.0,UNIVERSITAS PALANGKARAYA,PENDIDIKAN GURU PAUD,Prov. Kalimantan Tengah,Kota Palangkaraya,UPR,Pendidikan PAUD,"Matematika, Bahasa Indonesia",18.0,42.0,24.0,54.0,502.9,83.9,S1
521030.0,UNIVERSITAS PALANGKARAYA,PENDIDIKAN LUAR SEKOLAH,Prov. Kalimantan Tengah,Kota Palangkaraya,UPR,Pendidikan Luar Sekolah,"Bahasa Indonesia, Matematika",8.0,3.0,10.0,5.0,491.98,83.35,S1
521031.0,UNIVERSITAS PALANGKARAYA,PENDIDIKAN BIMBINGAN DAN KONSELING,Prov. Kalimantan Tengah,Kota Palangkaraya,UPR,Psikologi,"Sosiologi, Matematika",18.0,114.0,24.0,90.0,495.55,83.53,S1
521032.0,UNIVERSITAS PALANGKARAYA,EKONOMI PEMBANGUNAN,Prov. Kalimantan Tengah,Kota Palangkaraya,UPR,Ekonomi,"Ekonomi, Matematika",60.0,139.0,80.0,196.0,507.17,84.11,S1
521033.0,UNIVERSITAS PALANGKARAYA,MANAJEMEN,Prov. Kalimantan Tengah,Kota Palangkaraya,UPR,Ilmu atau Sains Manajemen,"Ekonomi, Matematika",105.0,668.0,140.0,720.0,523.6,84.93,S1
521034.0,UNIVERSITAS PALANGKARAYA,AKUNTANSI,Prov. Kalimantan Tengah,Kota Palangkaraya,UPR,Ilmu atau Sains Akuntansi,"Ekonomi, Matematika",105.0,410.0,140.0,444.0,520.21,84.76,S1
521035.0,UNIVERSITAS PALANGKARAYA,SOSIOLOGI,Prov. Kalimantan Tengah,Kota Palangkaraya,UPR,Studi Humanitas,"Sosiologi, Pendidikan Pancasila, Antropologi",36.0,119.0,48.0,166.0,502.47,83.87,S1
521036.0,UNIVERSITAS PALANGKARAYA,ADMINISTRASI NEGARA,Prov. Kalimantan Tengah,Kota Palangkaraya,UPR,Administrasi Bisnis,"Ekonomi, Matematika",51.0,379.0,68.0,405.0,509.98,84.25,S1
521037.0,UNIVERSITAS PALANGKARAYA,HUKUM,Prov. Kalimantan Tengah,Kota Palangkaraya,UPR,Hukum,"Sosiologi, Pendidikan Pancasila",90.0,372.0,120.0,479.0,503.74,83.94,S1
521038.0,UNIVERSITAS PALANGKARAYA,TEKNOLOGI PENDIDIKAN,Prov. Kalimantan Tengah,Kota Palangkaraya,UPR,Pendidikan Informatika,"Matematika Tingkat Lanjut, Matematika",18.0,43.0,24.0,51.0,493.11,83.41,S1
521039.0,UNIVERSITAS PALANGKARAYA,MANAJEMEN PENDIDIKAN,Prov. Kalimantan Tengah,Kota Palangkaraya,UPR,Manajemen Pendidikan,"Ekonomi, Sosiologi",12.0,46.0,16.0,73.0,493.9,83.45,S1
521040.0,UNIVERSITAS PALANGKARAYA,ILMU PEMERINTAHAN,Prov. Kalimantan Tengah,Kota Palangkaraya,UPR,Urusan Publik,"Sosiologi, Pendidikan Pancasila",51.0,211.0,68.0,323.0,515.56,84.53,S1
521041.0,UNIVERSITAS PALANGKARAYA,PENDIDIKAN SENDRATASIK,Prov. Kalimantan Tengah,Kota Palangkaraya,UPR,Pendidikan Seni,Seni Budaya,12.0,5.0,16.0,16.0,489.6,83.23,S1
521042.0,UNIVERSITAS PALANGKARAYA,MATEMATIKA,Prov. Kalimantan Tengah,Kota Palangkaraya,UPR,Matematika,"Matematika Tingkat Lanjut, Matematika",9.0,0.0,12.0,0.0,0.0,0.0,S1
531001.0,UNIVERSITAS LAMBUNG MANGKURAT,PENDIDIKAN MATEMATIKA,Prov. Kalimantan Selatan,Kota Banjarmasin,ULM,Pendidikan Matematika,"Matematika, Matematika Tingkat Lanjut",30.0,166.0,60.0,155.0,566.0,87.05,S1
531002.0,UNIVERSITAS LAMBUNG MANGKURAT,PENDIDIKAN BIOLOGI,Prov. Kalimantan Selatan,Kota Banjarmasin,ULM,Pendidikan Biologi,Biologi,20.0,132.0,40.0,124.0,562.47,86.87,S1
531003.0,UNIVERSITAS LAMBUNG MANGKURAT,PENDIDIKAN KIMIA,Prov. Kalimantan Selatan,Kota Banjarmasin,ULM,Pendidikan Kimia,Kimia,15.0,36.0,30.0,29.0,566.49,87.07,S1
531004.0,UNIVERSITAS LAMBUNG MANGKURAT,AGROEKOTEKNOLOGI,Prov. Kalimantan Selatan,Kota Banjarmasin,ULM,Ilmu dan Sains Pertanian,"Biologi, Matematika",19.0,60.0,38.0,89.0,531.71,85.34,S1
531005.0,UNIVERSITAS LAMBUNG MANGKURAT,AGROBISNIS,Prov. Kalimantan Selatan,Kota Banjarmasin,ULM,Ilmu dan Sains Pertanian,"Biologi, Matematika",25.0,182.0,50.0,193.0,534.6,85.48,S1
531006.0,UNIVERSITAS LAMBUNG MANGKURAT,PETERNAKAN,Prov. Kalimantan Selatan,Kota Banjarmasin,ULM,Ilmu atau Sains Veteriner,"Biologi, Kimia, Matematika",19.0,66.0,38.0,64.0,516.76,84.59,S1
531007.0,UNIVERSITAS LAMBUNG MANGKURAT,TEKNOLOGI INDUSTRI PERTANIAN,Prov. Kalimantan Selatan,Kota Banjarmasin,ULM,Ilmu dan Sains Pertanian,"Biologi, Matematika",17.0,91.0,34.0,124.0,523.46,84.92,S1
531008.0,UNIVERSITAS LAMBUNG MANGKURAT,TEKNOLOGI HASIL PERIKANAN,Prov. Kalimantan Selatan,Kota Banjarmasin,ULM,"Teknologi Pangan, Teknologi Hasil Pertanian/ Peternakan/ Perikanan","Kimia, Biologi, Matematika",12.0,49.0,25.0,56.0,521.75,84.84,S1
531009.0,UNIVERSITAS LAMBUNG MANGKURAT,AKUAKULTUR,Prov. Kalimantan Selatan,Kota Banjarmasin,ULM,"Bioteknologi, Biokewirausaha an, Bioinformatika","Biologi, Matematika",12.0,22.0,25.0,31.0,525.07,85.0,S1
531010.0,UNIVERSITAS LAMBUNG MANGKURAT,PERIKANAN TANGKAP,Prov. Kalimantan Selatan,Kota Banjarmasin,ULM,Ilmu atau Sains Perikanan,"Biologi, Matematika",12.0,37.0,25.0,7.0,516.81,84.59,S1
531011.0,UNIVERSITAS LAMBUNG MANGKURAT,MANAJEMEN SUMBERDAYA PERAIRAN,Prov. Kalimantan Selatan,Kota Banjarmasin,ULM,"Bioteknologi, Biokewirausaha an, Bioinformatika","Biologi, Matematika",12.0,26.0,25.0,36.0,522.71,84.89,S1
531012.0,UNIVERSITAS LAMBUNG MANGKURAT,SOSIAL EKONOMI PERIKANAN,Prov. Kalimantan Selatan,Kota Banjarmasin,ULM,Ilmu dan Sains Pertanian,"Biologi, Matematika",15.0,47.0,30.0,45.0,521.03,84.8,S1
531013.0,UNIVERSITAS LAMBUNG MANGKURAT,ILMU KELAUTAN,Prov. Kalimantan Selatan,Kota Banjarmasin,ULM,Ilmu atau Sains Kelautan,"Biologi, Matematika, Geografi",15.0,44.0,30.0,56.0,522.09,84.85,S1
531014.0,UNIVERSITAS LAMBUNG MANGKURAT,TEKNIK SIPIL,Prov. Kalimantan Selatan,Kota Banjarmasin,ULM,Teknik atau rekayasa,"Fisika, Matematika Tingkat Lanjut, Matematika",50.0,341.0,100.0,565.0,612.58,89.38,S1
531015.0,UNIVERSITAS LAMBUNG MANGKURAT,ARSITEKTUR,Prov. Kalimantan Selatan,Kota Banjarmasin,ULM,Teknik atau rekayasa,"Fisika, Matematika Tingkat Lanjut, Matematika",20.0,118.0,40.0,233.0,615.42,89.52,S1
531016.0,UNIVERSITAS LAMBUNG MANGKURAT,TEKNIK PERTAMBANGAN,Prov. Kalimantan Selatan,Kota Banjarmasin,ULM,Teknik atau rekayasa,"Fisika, Matematika Tingkat Lanjut, Matematika",15.0,155.0,30.0,410.0,624.29,89.96,S1
531017.0,UNIVERSITAS LAMBUNG MANGKURAT,TEKNIK KIMIA,Prov. Kalimantan Selatan,Kota Banjarmasin,ULM,Teknik atau rekayasa,"Fisika, Matematika Tingkat Lanjut, Matematika",20.0,80.0,40.0,90.0,626.04,90.05,S1
531018.0,UNIVERSITAS LAMBUNG MANGKURAT,TEKNIK LINGKUNGAN,Prov. Kalimantan Selatan,Kota Banjarmasin,ULM,Ilmu atau Sains Lingkungan,"Biologi, Matematika",20.0,167.0,40.0,331.0,613.66,89.43,S1
531019.0,UNIVERSITAS LAMBUNG MANGKURAT,TEKNIK MESIN,Prov. Kalimantan Selatan,Kota Banjarmasin,ULM,Teknik atau rekayasa,"Fisika, Matematika Tingkat Lanjut, Matematika",20.0,109.0,40.0,183.0,623.48,89.92,S1
531020.0,UNIVERSITAS LAMBUNG MANGKURAT,KEDOKTERAN,Prov. Kalimantan Selatan,Kota Banjarmasin,ULM,Ilmu atau Sains Kedokteran,"Biologi, Kimia, Matematika",30.0,779.0,75.0,1364.0,642.9,90.9,S1
531021.0,UNIVERSITAS LAMBUNG MANGKURAT,KESEHATAN MASYARAKAT,Prov. Kalimantan Selatan,Kota Banjarmasin,ULM,Kesehatan Masyarakat,"Biologi, Matematika, Sosiologi",20.0,579.0,50.0,855.0,603.24,88.91,S1
531022.0,UNIVERSITAS LAMBUNG MANGKURAT,MATEMATIKA,Prov. Kalimantan Selatan,Kota Banjarmasin,ULM,Matematika,"Matematika Tingkat Lanjut, Matematika",15.0,92.0,30.0,78.0,569.81,87.24,S1
531023.0,UNIVERSITAS LAMBUNG MANGKURAT,KIMIA,Prov. Kalimantan Selatan,Kota Banjarmasin,ULM,Kimia,"Kimia, Matematika",15.0,62.0,30.0,48.0,572.41,87.37,S1
531024.0,UNIVERSITAS LAMBUNG MANGKURAT,BIOLOGI,Prov. Kalimantan Selatan,Kota Banjarmasin,ULM,Biologi,"Biologi, Matematika",15.0,91.0,30.0,86.0,562.22,86.86,S1
531025.0,UNIVERSITAS LAMBUNG MANGKURAT,FISIKA,Prov. Kalimantan Selatan,Kota Banjarmasin,ULM,Fisika,"Fisika, Matematika",15.0,24.0,30.0,14.0,561.78,86.84,S1
531026.0,UNIVERSITAS LAMBUNG MANGKURAT,FARMASI,Prov. Kalimantan Selatan,Kota Banjarmasin,ULM,Ilmu Farmasi,"Biologi, Kimia, Matematika",16.0,787.0,40.0,1086.0,639.61,90.73,S1
531027.0,UNIVERSITAS LAMBUNG MANGKURAT,ILMU KOMPUTER,Prov. Kalimantan Selatan,Kota Banjarmasin,ULM,Komputer,"Matematika Tingkat Lanjut, Matematika",14.0,492.0,35.0,706.0,602.87,88.89,S1
531028.0,UNIVERSITAS LAMBUNG MANGKURAT,KEHUTANAN,Prov. Kalimantan Selatan,Kota Banjarmasin,ULM,Kehutanan,"Biologi, Matematika",75.0,203.0,150.0,217.0,572.04,87.35,S1
531029.0,UNIVERSITAS LAMBUNG MANGKURAT,PENDIDIKAN FISIKA,Prov. Kalimantan Selatan,Kota Banjarmasin,ULM,Pendidikan Fisika,Fisika,17.0,37.0,35.0,30.0,565.33,87.02,S1
531030.0,UNIVERSITAS LAMBUNG MANGKURAT,KEPERAWATAN,Prov. Kalimantan Selatan,Kota Banjarmasin,ULM,Keperawatan,"Biologi, Matematika",16.0,445.0,40.0,677.0,615.47,89.52,S1
531032.0,UNIVERSITAS LAMBUNG MANGKURAT,ILMU TANAH,Prov. Kalimantan Selatan,Kota Banjarmasin,ULM,Ilmu atau Sains Lingkungan,"Biologi, Matematika",17.0,45.0,34.0,52.0,555.13,86.51,S1
531033.0,UNIVERSITAS LAMBUNG MANGKURAT,PROTEKSI TANAMAN,Prov. Kalimantan Selatan,Kota Banjarmasin,ULM,Ilmu dan Sains Pertanian,"Biologi, Matematika",19.0,24.0,38.0,42.0,532.22,85.36,S1
531034.0,UNIVERSITAS LAMBUNG MANGKURAT,AGRONOMI,Prov. Kalimantan Selatan,Kota Banjarmasin,ULM,Ilmu dan Sains Pertanian,"Biologi, Matematika",13.0,27.0,26.0,43.0,534.76,85.49,S1
531035.0,UNIVERSITAS LAMBUNG MANGKURAT,KEDOKTERAN GIGI,Prov. Kalimantan Selatan,Kota Banjarmasin,ULM,Ilmu atau Sains Kedokteran Gigi,"Biologi, Kimia, Matematika",18.0,366.0,45.0,670.0,637.29,90.61,S1
531036.0,UNIVERSITAS LAMBUNG MANGKURAT,PENDIDIKAN KOMPUTER,Prov. Kalimantan Selatan,Kota Banjarmasin,ULM,Pendidikan Informatika,"Matematika Tingkat Lanjut, Matematika",12.0,106.0,25.0,125.0,579.32,87.72,S1
531037.0,UNIVERSITAS LAMBUNG MANGKURAT,PENDIDIKAN IPA,Prov. Kalimantan Selatan,Kota Banjarmasin,ULM,Pendidikan IPA,"Matematika, Biologi",12.0,74.0,25.0,91.0,531.46,85.32,S1
531038.0,UNIVERSITAS LAMBUNG MANGKURAT,TEKNOLOGI INFORMASI,Prov. Kalimantan Selatan,Kota Banjarmasin,ULM,Ilmu atau Sains Informasi,"Matematika Tingkat Lanjut, Matematika",15.0,428.0,30.0,636.0,634.01,90.45,S1
531039.0,UNIVERSITAS LAMBUNG MANGKURAT,STATISTIK,Prov. Kalimantan Selatan,Kota Banjarmasin,ULM,Sains Data,"Matematika Tingkat Lanjut, Matematika",10.0,138.0,25.0,133.0,609.37,89.22,S1
531040.0,UNIVERSITAS LAMBUNG MANGKURAT,GEOGRAFI,Prov. Kalimantan Selatan,Kota Banjarmasin,ULM,"Geografi, Geografi Lingkungan, Sains Informasi Geografi","Geografi, Matematika, Fisika",30.0,90.0,75.0,60.0,580.0,87.75,S1
531041.0,UNIVERSITAS LAMBUNG MANGKURAT,PENDIDIKAN SEJARAH,Prov. Kalimantan Selatan,Kota Banjarmasin,ULM,Pendidikan Sejarah,Sejarah,18.0,60.0,36.0,95.0,511.92,84.35,S1
531042.0,UNIVERSITAS LAMBUNG MANGKURAT,PENDIDIKAN PANCASILA DAN KEWARGANEGARAAN,Prov. Kalimantan Selatan,Kota Banjarmasin,ULM,Pendidikan Pancasila,Pendidikan Pancasila,25.0,92.0,50.0,88.0,510.89,84.29,S1
531043.0,UNIVERSITAS LAMBUNG MANGKURAT,PENDIDIKAN EKONOMI,Prov. Kalimantan Selatan,Kota Banjarmasin,ULM,Pendidikan Ekonomi,Ekonomi,15.0,103.0,30.0,97.0,507.65,84.13,S1
531044.0,UNIVERSITAS LAMBUNG MANGKURAT,PENDIDIKAN BAHASA DAN SASTRA INDONESIA,Prov. Kalimantan Selatan,Kota Banjarmasin,ULM,Pendidikan Bahasa Indonesia,Bahasa Indonesia,25.0,89.0,50.0,134.0,514.97,84.5,S1
531045.0,UNIVERSITAS LAMBUNG MANGKURAT,PENDIDIKAN BAHASA INGGRIS,Prov. Kalimantan Selatan,Kota Banjarmasin,ULM,Pendidikan Bahasa Inggris,Bahasa Inggris,20.0,232.0,40.0,323.0,535.45,85.52,S1
531046.0,UNIVERSITAS LAMBUNG MANGKURAT,HUKUM,Prov. Kalimantan Selatan,Kota Banjarmasin,ULM,Hukum,"Sosiologi, Pendidikan Pancasila",84.0,932.0,210.0,109.0,576.67,87.58,S1
531047.0,UNIVERSITAS LAMBUNG MANGKURAT,EKONOMI PEMBANGUNAN,Prov. Kalimantan Selatan,Kota Banjarmasin,ULM,Ekonomi,"Ekonomi, Matematika",37.0,293.0,75.0,323.0,579.86,87.74,S1
531048.0,UNIVERSITAS LAMBUNG MANGKURAT,MANAJEMEN,Prov. Kalimantan Selatan,Kota Banjarmasin,ULM,Ilmu atau Sains Manajemen,"Ekonomi, Matematika",55.0,1452.0,110.0,1427.0,626.06,90.05,S1
531049.0,UNIVERSITAS LAMBUNG MANGKURAT,AKUNTANSI - S1,Prov. Kalimantan Selatan,Kota Banjarmasin,ULM,Ilmu atau Sains Akuntansi,"Ekonomi, Matematika",45.0,692.0,90.0,672.0,624.84,89.99,S1
531050.0,UNIVERSITAS LAMBUNG MANGKURAT,ADMINISTRASI PUBLIK,Prov. Kalimantan Selatan,Kota Banjarmasin,ULM,Administrasi Bisnis,"Ekonomi, Matematika",30.0,637.0,75.0,704.0,592.48,88.37,S1
531051.0,UNIVERSITAS LAMBUNG MANGKURAT,ADMINISTRASI BISNIS,Prov. Kalimantan Selatan,Kota Banjarmasin,ULM,Administrasi Bisnis,"Ekonomi, Matematika",30.0,660.0,75.0,713.0,584.61,87.98,S1
531052.0,UNIVERSITAS LAMBUNG MANGKURAT,ILMU PEMERINTAHAN,Prov. Kalimantan Selatan,Kota Banjarmasin,ULM,Urusan Publik,"Sosiologi, Pendidikan Pancasila",30.0,387.0,75.0,456.0,592.05,88.35,S1
531053.0,UNIVERSITAS LAMBUNG MANGKURAT,ILMU KOMUNIKASI,Prov. Kalimantan Selatan,Kota Banjarmasin,ULM,Ilmu atau Sains Komunikasi,"Sosiologi, Bahasa Indonesia, Antropologi",30.0,683.0,75.0,854.0,617.47,89.62,S1
531054.0,UNIVERSITAS LAMBUNG MANGKURAT,PENDIDIKAN GEOGRAFI,Prov. Kalimantan Selatan,Kota Banjarmasin,ULM,Pendidikan Geografi,Geografi,15.0,51.0,30.0,46.0,515.42,84.52,S1
531055.0,UNIVERSITAS LAMBUNG MANGKURAT,PENDIDIKAN SOSIOLOGI,Prov. Kalimantan Selatan,Kota Banjarmasin,ULM,Pendidikan Sosiologi,Sosiologi,25.0,76.0,50.0,106.0,512.98,84.4,S1
531056.0,UNIVERSITAS LAMBUNG MANGKURAT,PENDIDIKAN BIMBINGAN DAN KONSELING,Prov. Kalimantan Selatan,Kota Banjarmasin,ULM,Psikologi,"Sosiologi, Matematika",25.0,152.0,50.0,219.0,514.63,84.48,S1
531057.0,UNIVERSITAS LAMBUNG MANGKURAT,PENDIDIKAN KHUSUS,Prov. Kalimantan Selatan,Kota Banjarmasin,ULM,Pendidikan Khusus,"Matematika, Bahasa Indonesia",22.0,51.0,45.0,67.0,513.74,84.44,S1
531058.0,UNIVERSITAS LAMBUNG MANGKURAT,PENDIDIKAN JASMANI KESEHATAN DAN REKREASI,Prov. Kalimantan Selatan,Kota Banjarmasin,ULM,Pendidikan Jasmani Kesehatan,"Pendidikan Jasmani, Biologi",40.0,48.0,80.0,109.0,505.45,84.02,S1
531059.0,UNIVERSITAS LAMBUNG MANGKURAT,PENDIDIKAN GURU SD,Prov. Kalimantan Selatan,Kota Banjarmasin,ULM,Pendidikan SD,"Matematika, Bahasa Indonesia",75.0,571.0,150.0,609.0,514.39,84.47,S1
531060.0,UNIVERSITAS LAMBUNG MANGKURAT,PENDIDIKAN GURU PAUD,Prov. Kalimantan Selatan,Kota Banjarmasin,ULM,Pendidikan PAUD,"Matematika, Bahasa Indonesia",37.0,98.0,75.0,94.0,507.45,84.12,S1
531061.0,UNIVERSITAS LAMBUNG MANGKURAT,PENDIDIKAN SENI PERTUNJUKAN,Prov. Kalimantan Selatan,Kota Banjarmasin,ULM,Pendidikan Seni,Seni Budaya,12.0,24.0,25.0,42.0,511.68,84.33,S1
531062.0,UNIVERSITAS LAMBUNG MANGKURAT,TEKNOLOGI PENDIDIKAN,Prov. Kalimantan Selatan,Kota Banjarmasin,ULM,Pendidikan Informatika,"Matematika Tingkat Lanjut, Matematika",15.0,75.0,30.0,75.0,506.58,84.08,S1
531063.0,UNIVERSITAS LAMBUNG MANGKURAT,PENDIDIKAN IPS,Prov. Kalimantan Selatan,Kota Banjarmasin,ULM,Pendidikan IPS,"Ekonomi, Sosiologi, Geografi",15.0,63.0,30.0,81.0,506.16,84.06,S1
531064.0,UNIVERSITAS LAMBUNG MANGKURAT,PSIKOLOGI,Prov. Kalimantan Selatan,Kota Banjarmasin,ULM,Psikologi,"Sosiologi, Matematika",20.0,510.0,50.0,742.0,616.52,89.58,S1
531065.0,UNIVERSITAS LAMBUNG MANGKURAT,SOSIOLOGI,Prov. Kalimantan Selatan,Kota Banjarmasin,ULM,Studi Humanitas,"Sosiologi, Pendidikan Pancasila, Antropologi",30.0,173.0,75.0,195.0,610.78,89.29,S1
531066.0,UNIVERSITAS LAMBUNG MANGKURAT,PERPAJAKAN,Prov. Kalimantan Selatan,Kota Banjarmasin,ULM,Ilmu atau Sains Akuntansi,"Ekonomi, Matematika",25.0,0.0,63.0,0.0,0.0,0.0,D3
531067.0,UNIVERSITAS LAMBUNG MANGKURAT,AKUNTANSI - D3,Prov. Kalimantan Selatan,Kota Banjarmasin,ULM,Ilmu atau Sains Akuntansi,"Ekonomi, Matematika",25.0,0.0,63.0,0.0,0.0,0.0,D3
531068.0,UNIVERSITAS LAMBUNG MANGKURAT,REKAYASA GEOLOGI,Prov. Kalimantan Selatan,Kota Banjarmasin,ULM,Ilmu atau Sains Kebumian,"Fisika, Matematika Tingkat Lanjut, Matematika",8.0,0.0,15.0,0.0,0.0,0.0,S1
531069.0,UNIVERSITAS LAMBUNG MANGKURAT,REKAYASA ELEKTRO,Prov. Kalimantan Selatan,Kota Banjarmasin,ULM,Teknik atau rekayasa,"Fisika, Matematika Tingkat Lanjut, Matematika",8.0,0.0,15.0,0.0,0.0,0.0,S1
532001.0,UNIVERSITAS ISLAM NEGERI ANTASARI BANJARMASIN,TEKNOLOGI INFORMASI,Prov. Kalimantan Selatan,Kota Banjarmasin,UIN BANJARMASIN,Ilmu atau Sains Informasi,"Matematika Tingkat Lanjut, Matematika",12.0,0.0,42.0,0.0,0.0,0.0,S1
536001.0,POLITEKNIK NEGERI BANJARMASIN,TEKNIK BANGUNAN RAWA,Prov. Kalimantan Selatan,Kota Banjarmasin,POLIBAN,Teknik atau rekayasa,"Fisika, Matematika Tingkat Lanjut, Matematika",24.0,8.0,30.0,18.0,510.05,84.25,D4
536002.0,POLITEKNIK NEGERI BANJARMASIN,TEKNOLOGI REKAYASA KONSTRUKSI JALAN DAN JEMBATAN,Prov. Kalimantan Selatan,Kota Banjarmasin,POLIBAN,Teknik atau rekayasa,"Fisika, Matematika Tingkat Lanjut, Matematika",24.0,11.0,30.0,36.0,509.55,84.23,D4
536003.0,POLITEKNIK NEGERI BANJARMASIN,TEKNOLOGI REKAYASA PEMBANGKIT ENERGI,Prov. Kalimantan Selatan,Kota Banjarmasin,POLIBAN,Teknik atau rekayasa,"Fisika, Matematika Tingkat Lanjut, Matematika",24.0,19.0,30.0,25.0,514.1,84.46,D4
536004.0,POLITEKNIK NEGERI BANJARMASIN,SISTEM INFORMASI KOTA CERDAS,Prov. Kalimantan Selatan,Kota Banjarmasin,POLIBAN,Ilmu atau Sains Informasi,"Matematika Tingkat Lanjut, Matematika",24.0,17.0,30.0,40.0,506.82,84.09,D4
536005.0,POLITEKNIK NEGERI BANJARMASIN,AKUNTANSI LEMBAGA KEUANGAN SYARIAH,Prov. Kalimantan Selatan,Kota Banjarmasin,POLIBAN,Ilmu atau Sains Akuntansi,"Ekonomi, Matematika",24.0,37.0,30.0,66.0,498.47,83.67,D4
536006.0,POLITEKNIK NEGERI BANJARMASIN,BISNIS DIGITAL,Prov. Kalimantan Selatan,Kota Banjarmasin,POLIBAN,Bisnis,"Ekonomi, Matematika",24.0,30.0,30.0,60.0,516.15,84.56,D4
536007.0,POLITEKNIK NEGERI BANJARMASIN,TEKNOLOGI REKAYASA GEOMATIKA DAN SURVEI,Prov. Kalimantan Selatan,Kota Banjarmasin,POLIBAN,Ilmu atau Sains Kebumian,"Fisika, Matematika Tingkat Lanjut, Matematika",24.0,0.0,30.0,0.0,0.0,0.0,D4
536008.0,POLITEKNIK NEGERI BANJARMASIN,KOMPUTERISASI AKUNTANSI,Prov. Kalimantan Selatan,Kota Banjarmasin,POLIBAN,Ilmu atau Sains Akuntansi,"Ekonomi, Matematika",24.0,0.0,30.0,0.0,0.0,0.0,D3
536009.0,POLITEKNIK NEGERI BANJARMASIN,TEKNIK LISTRIK,Prov. Kalimantan Selatan,Kota Banjarmasin,POLIBAN,Teknik atau rekayasa,"Fisika, Matematika Tingkat Lanjut, Matematika",48.0,0.0,60.0,0.0,0.0,0.0,D3
536010.0,POLITEKNIK NEGERI BANJARMASIN,MANAJEMEN INFORMATIKA,Prov. Kalimantan Selatan,Kota Banjarmasin,POLIBAN,Ilmu atau Sains Informasi,"Matematika Tingkat Lanjut, Matematika",60.0,0.0,75.0,0.0,0.0,0.0,D3
536011.0,POLITEKNIK NEGERI BANJARMASIN,ADMINISTRASI BISNIS,Prov. Kalimantan Selatan,Kota Banjarmasin,POLIBAN,Administrasi Bisnis,"Ekonomi, Matematika",72.0,0.0,90.0,0.0,0.0,0.0,D3
536012.0,POLITEKNIK NEGERI BANJARMASIN,TEKNIK MESIN,Prov. Kalimantan Selatan,Kota Banjarmasin,POLIBAN,Teknik atau rekayasa,"Fisika, Matematika Tingkat Lanjut, Matematika",36.0,0.0,45.0,0.0,0.0,0.0,D3
536013.0,POLITEKNIK NEGERI BANJARMASIN,TEKNOLOGI REKAYASA OTOMOTIF,Prov. Kalimantan Selatan,Kota Banjarmasin,POLIBAN,Teknik atau rekayasa,"Fisika, Matematika Tingkat Lanjut, Matematika",36.0,0.0,45.0,0.0,0.0,0.0,D4
536014.0,POLITEKNIK NEGERI BANJARMASIN,AKUNTANSI,Prov. Kalimantan Selatan,Kota Banjarmasin,POLIBAN,Ilmu atau Sains Akuntansi,"Ekonomi, Matematika",36.0,0.0,45.0,0.0,0.0,0.0,D3
536015.0,POLITEKNIK NEGERI BANJARMASIN,TEKNIK SIPIL,Prov. Kalimantan Selatan,Kota Banjarmasin,POLIBAN,Teknik atau rekayasa,"Fisika, Matematika Tingkat Lanjut, Matematika",60.0,0.0,75.0,0.0,0.0,0.0,D3
536016.0,POLITEKNIK NEGERI BANJARMASIN,TEKNIK PERTAMBANGAN,Prov. Kalimantan Selatan,Kota Banjarmasin,POLIBAN,Ilmu atau Sains Kebumian,"Fisika, Matematika Tingkat Lanjut, Matematika",36.0,0.0,45.0,0.0,0.0,0.0,D3
536017.0,POLITEKNIK NEGERI BANJARMASIN,ALAT BERAT,Prov. Kalimantan Selatan,Kota Banjarmasin,POLIBAN,Fisika,"Fisika, Matematika",19.0,0.0,24.0,0.0,0.0,0.0,D3
536018.0,POLITEKNIK NEGERI BANJARMASIN,TEKNIK INFORMATIKA,Prov. Kalimantan Selatan,Kota Banjarmasin,POLIBAN,Ilmu atau Sains Informasi,"Matematika Tingkat Lanjut, Matematika",60.0,0.0,75.0,0.0,0.0,0.0,D3
536019.0,POLITEKNIK NEGERI BANJARMASIN,ELEKTRONIKA,Prov. Kalimantan Selatan,Kota Banjarmasin,POLIBAN,Fisika,"Fisika, Matematika",24.0,0.0,30.0,0.0,0.0,0.0,D3
536020.0,POLITEKNIK NEGERI BANJARMASIN,TEKNOLOGI REKAYASA OTOMASI,Prov. Kalimantan Selatan,Kota Banjarmasin,POLIBAN,Teknik atau rekayasa,"Fisika, Matematika Tingkat Lanjut, Matematika",24.0,0.0,30.0,0.0,0.0,0.0,D4
537001.0,POLITEKNIK NEGERI TANAH LAUT,TEKNOLOGI REKAYASA KOMPUTER DAN JARINGAN,Prov. Kalimantan Selatan,Kab Tanah Laut,POLITALA,Komputer,"Matematika Tingkat Lanjut, Matematika",21.0,28.0,28.0,30.0,507.24,84.11,D4
537002.0,POLITEKNIK NEGERI TANAH LAUT,TEKNOLOGI REKAYASA KONSTRUKSI JALAN DAN JEMBATAN,Prov. Kalimantan Selatan,Kab Tanah Laut,POLITALA,Teknik atau rekayasa,"Fisika, Matematika Tingkat Lanjut, Matematika",21.0,31.0,28.0,19.0,513.87,84.44,D4
537003.0,POLITEKNIK NEGERI TANAH LAUT,TEKNOLOGI PAKAN TERNAK,Prov. Kalimantan Selatan,Kab Tanah Laut,POLITALA,Ilmu atau Sains Veteriner,"Biologi, Kimia, Matematika",21.0,19.0,28.0,23.0,506.39,84.07,D4
537004.0,POLITEKNIK NEGERI TANAH LAUT,TEKNOLOGI INFORMASI,Prov. Kalimantan Selatan,Kab Tanah Laut,POLITALA,Ilmu atau Sains Informasi,"Matematika Tingkat Lanjut, Matematika",53.0,0.0,70.0,0.0,0.0,0.0,D3
537005.0,POLITEKNIK NEGERI TANAH LAUT,TEKNOLOGI OTOMOTIF,Prov. Kalimantan Selatan,Kab Tanah Laut,POLITALA,Fisika,"Fisika, Matematika",21.0,0.0,28.0,0.0,0.0,0.0,D3
537006.0,POLITEKNIK NEGERI TANAH LAUT,AKUNTANSI,Prov. Kalimantan Selatan,Kab Tanah Laut,POLITALA,Ilmu atau Sains Akuntansi,"Ekonomi, Matematika",53.0,0.0,70.0,0.0,0.0,0.0,D3
537007.0,POLITEKNIK NEGERI TANAH LAUT,AGROINDUSTRI,Prov. Kalimantan Selatan,Kab Tanah Laut,POLITALA,"Bioteknologi, Biokewirausaha an, Bioinformatika","Biologi, Matematika",42.0,0.0,56.0,0.0,0.0,0.0,D3
537008.0,POLITEKNIK NEGERI TANAH LAUT,TEKNOLOGI REKAYASA PEMELIHARAAN ALAT BERAT,Prov. Kalimantan Selatan,Kab Tanah Laut,POLITALA,Teknik atau rekayasa,"Fisika, Matematika Tingkat Lanjut, Matematika",21.0,0.0,28.0,0.0,0.0,0.0,D4
541001.0,UNIVERSITAS MULAWARMAN,AGROEKOTEKNOLOGI,Prov. Kalimantan Timur,Kota Samarinda,UNMUL,Ilmu dan Sains Pertanian,"Biologi, Matematika",34.0,127.0,50.0,159.0,550.27,86.26,S1
541002.0,UNIVERSITAS MULAWARMAN,AGROBISNIS,Prov. Kalimantan Timur,Kota Samarinda,UNMUL,Ilmu dan Sains Pertanian,"Biologi, Matematika",21.0,201.0,35.0,189.0,539.45,85.72,S1
541003.0,UNIVERSITAS MULAWARMAN,TEKNOLOGI HASIL PERTANIAN,Prov. Kalimantan Timur,Kota Samarinda,UNMUL,"Teknologi Pangan, Teknologi Hasil Pertanian/ Peternakan/ Perikanan","Kimia, Biologi, Matematika",21.0,78.0,35.0,108.0,529.61,85.23,S1
541004.0,UNIVERSITAS MULAWARMAN,KEHUTANAN,Prov. Kalimantan Timur,Kota Samarinda,UNMUL,Kehutanan,"Biologi, Matematika",100.0,321.0,156.0,326.0,557.81,86.64,S1
541005.0,UNIVERSITAS MULAWARMAN,PENDIDIKAN BIOLOGI,Prov. Kalimantan Timur,Kota Samarinda,UNMUL,Pendidikan Biologi,Biologi,24.0,135.0,32.0,140.0,544.76,85.99,S1
541006.0,UNIVERSITAS MULAWARMAN,PENDIDIKAN KIMIA,Prov. Kalimantan Timur,Kota Samarinda,UNMUL,Pendidikan Kimia,Kimia,24.0,55.0,32.0,33.0,540.17,85.76,S1
541007.0,UNIVERSITAS MULAWARMAN,PENDIDIKAN FISIKA,Prov. Kalimantan Timur,Kota Samarinda,UNMUL,Pendidikan Fisika,Fisika,24.0,42.0,32.0,21.0,543.46,85.92,S1
541008.0,UNIVERSITAS MULAWARMAN,PENDIDIKAN MATEMATIKA,Prov. Kalimantan Timur,Kota Samarinda,UNMUL,Pendidikan Matematika,"Matematika, Matematika Tingkat Lanjut",24.0,121.0,32.0,106.0,541.18,85.81,S1
541009.0,UNIVERSITAS MULAWARMAN,AKUAKULTUR,Prov. Kalimantan Timur,Kota Samarinda,UNMUL,Ilmu atau Sains Perikanan,"Biologi, Matematika",24.0,30.0,32.0,29.0,533.09,85.4,S1
541010.0,UNIVERSITAS MULAWARMAN,SOSIAL EKONOMI PERIKANAN,Prov. Kalimantan Timur,Kota Samarinda,UNMUL,"Bioteknologi, Biokewirausaha an, Bioinformatika","Biologi, Matematika",18.0,26.0,24.0,24.0,531.65,85.33,S1
541011.0,UNIVERSITAS MULAWARMAN,PENGELOLAAN SUMBERDAYA PERIKANAN,Prov. Kalimantan Timur,Kota Samarinda,UNMUL,Ilmu atau Sains Perikanan,"Biologi, Matematika",24.0,30.0,32.0,39.0,537.02,85.6,S1
541012.0,UNIVERSITAS MULAWARMAN,STATISTIK,Prov. Kalimantan Timur,Kota Samarinda,UNMUL,Sains Data,"Matematika Tingkat Lanjut, Matematika",31.0,125.0,32.0,129.0,539.38,85.72,S1
541013.0,UNIVERSITAS MULAWARMAN,BIOLOGI,Prov. Kalimantan Timur,Kota Samarinda,UNMUL,Biologi,"Biologi, Matematika",32.0,130.0,32.0,115.0,540.63,85.78,S1
541014.0,UNIVERSITAS MULAWARMAN,KIMIA,Prov. Kalimantan Timur,Kota Samarinda,UNMUL,Kimia,"Kimia, Matematika",26.0,96.0,28.0,66.0,545.29,86.01,S1
541015.0,UNIVERSITAS MULAWARMAN,FISIKA,Prov. Kalimantan Timur,Kota Samarinda,UNMUL,Fisika,"Fisika, Matematika",18.0,22.0,18.0,20.0,545.49,86.02,S1
541017.0,UNIVERSITAS MULAWARMAN,TEKNIK SIPIL,Prov. Kalimantan Timur,Kota Samarinda,UNMUL,Teknik atau rekayasa,"Fisika, Matematika Tingkat Lanjut, Matematika",12.0,269.0,23.0,458.0,623.1,89.91,S1
541018.0,UNIVERSITAS MULAWARMAN,TEKNIK INDUSTRI,Prov. Kalimantan Timur,Kota Samarinda,UNMUL,Teknik atau rekayasa,"Fisika, Matematika Tingkat Lanjut, Matematika",12.0,216.0,23.0,318.0,623.69,89.93,S1
541019.0,UNIVERSITAS MULAWARMAN,TEKNIK LINGKUNGAN,Prov. Kalimantan Timur,Kota Samarinda,UNMUL,Ilmu atau Sains Lingkungan,"Biologi, Matematika",12.0,190.0,23.0,291.0,610.44,89.27,S1
541020.0,UNIVERSITAS MULAWARMAN,TEKNIK PERTAMBANGAN,Prov. Kalimantan Timur,Kota Samarinda,UNMUL,Teknik atau rekayasa,"Fisika, Matematika Tingkat Lanjut, Matematika",12.0,191.0,23.0,459.0,629.26,90.21,S1
541021.0,UNIVERSITAS MULAWARMAN,KEDOKTERAN,Prov. Kalimantan Timur,Kota Samarinda,UNMUL,Ilmu atau Sains Kedokteran,"Biologi, Kimia, Matematika",30.0,739.0,50.0,1132.0,652.19,91.36,S1
541022.0,UNIVERSITAS MULAWARMAN,KESEHATAN MASYARAKAT,Prov. Kalimantan Timur,Kota Samarinda,UNMUL,Kesehatan Masyarakat,"Biologi, Matematika, Sosiologi",20.0,793.0,50.0,950.0,572.67,87.38,S1
541023.0,UNIVERSITAS MULAWARMAN,FARMASI - S1,Prov. Kalimantan Timur,Kota Samarinda,UNMUL,Ilmu Farmasi,"Biologi, Kimia, Matematika",40.0,771.0,65.0,981.0,644.73,90.99,S1
541024.0,UNIVERSITAS MULAWARMAN,PETERNAKAN,Prov. Kalimantan Timur,Kota Samarinda,UNMUL,Peternakan,"Biologi, Matematika",21.0,62.0,35.0,93.0,517.73,84.64,S1
541025.0,UNIVERSITAS MULAWARMAN,TEKNIK KIMIA,Prov. Kalimantan Timur,Kota Samarinda,UNMUL,Teknik atau rekayasa,"Fisika, Matematika Tingkat Lanjut, Matematika",12.0,53.0,23.0,70.0,639.63,90.73,S1
541026.0,UNIVERSITAS MULAWARMAN,INFORMATIKA,Prov. Kalimantan Timur,Kota Samarinda,UNMUL,Ilmu atau Sains Informasi,"Matematika Tingkat Lanjut, Matematika",24.0,512.0,46.0,867.0,640.21,90.76,S1
541027.0,UNIVERSITAS MULAWARMAN,ARSITEKTUR,Prov. Kalimantan Timur,Kota Samarinda,UNMUL,Arsitektur,"Matematika, Fisika",12.0,102.0,23.0,146.0,557.39,86.62,S1
541028.0,UNIVERSITAS MULAWARMAN,TEKNIK GEOLOGI,Prov. Kalimantan Timur,Kota Samarinda,UNMUL,Ilmu atau Sains Kebumian,"Fisika, Matematika Tingkat Lanjut, Matematika",12.0,87.0,23.0,145.0,632.83,90.39,S1
541030.0,UNIVERSITAS MULAWARMAN,TEKNIK ELEKTRO,Prov. Kalimantan Timur,Kota Samarinda,UNMUL,Teknik atau rekayasa,"Fisika, Matematika Tingkat Lanjut, Matematika",12.0,65.0,23.0,125.0,641.41,90.82,S1
541031.0,UNIVERSITAS MULAWARMAN,TEKNOLOGI HASIL PERIKANAN,Prov. Kalimantan Timur,Kota Samarinda,UNMUL,"Teknologi Pangan, Teknologi Hasil Pertanian/ Peternakan/ Perikanan","Kimia, Biologi, Matematika",18.0,60.0,24.0,41.0,611.78,89.34,S1
541032.0,UNIVERSITAS MULAWARMAN,KEDOKTERAN GIGI,Prov. Kalimantan Timur,Kota Samarinda,UNMUL,Ilmu atau Sains Kedokteran Gigi,"Biologi, Kimia, Matematika",12.0,181.0,30.0,289.0,644.97,91.0,S1
541033.0,UNIVERSITAS MULAWARMAN,MATEMATIKA,Prov. Kalimantan Timur,Kota Samarinda,UNMUL,Matematika,"Matematika Tingkat Lanjut, Matematika",20.0,36.0,20.0,38.0,607.88,89.14,S1
541034.0,UNIVERSITAS MULAWARMAN,ILMU KELAUTAN,Prov. Kalimantan Timur,Kota Samarinda,UNMUL,Ilmu atau Sains Kelautan,"Biologi, Matematika, Geografi",24.0,44.0,32.0,63.0,540.97,85.8,S1
541035.0,UNIVERSITAS MULAWARMAN,GEOFISIKA,Prov. Kalimantan Timur,Kota Samarinda,UNMUL,Ilmu atau Sains Kebumian,"Fisika, Matematika Tingkat Lanjut, Matematika",18.0,40.0,18.0,31.0,540.73,85.79,S1
541036.0,UNIVERSITAS MULAWARMAN,PENDIDIKAN KOMPUTER,Prov. Kalimantan Timur,Kota Samarinda,UNMUL,Pendidikan,,24.0,236.0,32.0,194.0,586.39,88.07,S1
541037.0,UNIVERSITAS MULAWARMAN,FARMASI KLINIS,Prov. Kalimantan Timur,Kota Samarinda,UNMUL,Ilmu Farmasi,"Biologi, Kimia, Matematika",30.0,304.0,40.0,368.0,590.86,88.29,S1
541038.0,UNIVERSITAS MULAWARMAN,SISTEM INFORMASI,Prov. Kalimantan Timur,Kota Samarinda,UNMUL,Ilmu atau Sains Informasi,"Matematika Tingkat Lanjut, Matematika",24.0,250.0,46.0,419.0,581.03,87.8,S1
541039.0,UNIVERSITAS MULAWARMAN,MANAJEMEN,Prov. Kalimantan Timur,Kota Samarinda,UNMUL,Ilmu atau Sains Manajemen,"Ekonomi, Matematika",56.0,1178.0,138.0,1465.0,619.05,89.7,S1
541040.0,UNIVERSITAS MULAWARMAN,EKONOMI PEMBANGUNAN,Prov. Kalimantan Timur,Kota Samarinda,UNMUL,Ekonomi,"Ekonomi, Matematika",36.0,247.0,90.0,347.0,594.59,88.48,S1
541041.0,UNIVERSITAS MULAWARMAN,AKUNTANSI,Prov. Kalimantan Timur,Kota Samarinda,UNMUL,Ilmu atau Sains Akuntansi,"Ekonomi, Matematika",56.0,681.0,138.0,682.0,615.63,89.53,S1
541042.0,UNIVERSITAS MULAWARMAN,ADMINISTRASI PUBLIK,Prov. Kalimantan Timur,Kota Samarinda,UNMUL,Administrasi Bisnis,"Ekonomi, Matematika",24.0,385.0,32.0,480.0,577.67,87.63,S1
541043.0,UNIVERSITAS MULAWARMAN,ILMU PEMERINTAHAN,Prov. Kalimantan Timur,Kota Samarinda,UNMUL,Urusan Publik,"Sosiologi, Pendidikan Pancasila",24.0,399.0,32.0,533.0,555.25,86.51,S1
541044.0,UNIVERSITAS MULAWARMAN,PEMBANGUNAN SOSIAL,Prov. Kalimantan Timur,Kota Samarinda,UNMUL,Studi Humanitas,"Sosiologi, Pendidikan Pancasila, Antropologi",24.0,124.0,32.0,179.0,530.9,85.3,S1
541045.0,UNIVERSITAS MULAWARMAN,HUBUNGAN INTERNASIONAL,Prov. Kalimantan Timur,Kota Samarinda,UNMUL,Ilmu atau Sains Komunikasi,"Sosiologi, Bahasa Indonesia, Antropologi",24.0,182.0,32.0,364.0,596.56,88.58,S1
541046.0,UNIVERSITAS MULAWARMAN,ILMU KOMUNIKASI,Prov. Kalimantan Timur,Kota Samarinda,UNMUL,Ilmu atau Sains Komunikasi,"Sosiologi, Bahasa Indonesia, Antropologi",24.0,572.0,32.0,866.0,613.49,89.42,S1
541047.0,UNIVERSITAS MULAWARMAN,ADMINISTRASI BISNIS,Prov. Kalimantan Timur,Kota Samarinda,UNMUL,Administrasi Bisnis,"Ekonomi, Matematika",24.0,842.0,32.0,889.0,564.44,86.97,S1
541048.0,UNIVERSITAS MULAWARMAN,PENDIDIKAN PANCASILA DAN KEWARGANEGARAAN,Prov. Kalimantan Timur,Kota Samarinda,UNMUL,Pendidikan Pancasila,Pendidikan Pancasila,24.0,63.0,32.0,96.0,507.96,84.15,S1
541049.0,UNIVERSITAS MULAWARMAN,PENDIDIKAN EKONOMI,Prov. Kalimantan Timur,Kota Samarinda,UNMUL,Pendidikan Ekonomi,Ekonomi,24.0,110.0,32.0,122.0,515.42,84.52,S1
541050.0,UNIVERSITAS MULAWARMAN,"PENDIDIKAN BAHASA, SASTRA INDONESIA DAN DAERAH",Prov. Kalimantan Timur,Kota Samarinda,UNMUL,Pendidikan Bahasa Indonesia,Bahasa Indonesia,24.0,80.0,32.0,154.0,511.74,84.34,S1
541051.0,UNIVERSITAS MULAWARMAN,PENDIDIKAN BAHASA INGGRIS,Prov. Kalimantan Timur,Kota Samarinda,UNMUL,Pendidikan Bahasa Inggris,Bahasa Inggris,32.0,233.0,42.0,225.0,516.56,84.58,S1
541052.0,UNIVERSITAS MULAWARMAN,PENDIDIKAN BIMBINGAN DAN KONSELING,Prov. Kalimantan Timur,Kota Samarinda,UNMUL,Psikologi,"Sosiologi, Matematika",24.0,357.0,32.0,303.0,496.79,83.59,S1
541053.0,UNIVERSITAS MULAWARMAN,PENDIDIKAN JASMANI KESEHATAN DAN REKREASI,Prov. Kalimantan Timur,Kota Samarinda,UNMUL,Pendidikan Jasmani Kesehatan,"Pendidikan Jasmani, Biologi",24.0,48.0,32.0,114.0,508.3,84.17,S1
541054.0,UNIVERSITAS MULAWARMAN,PENDIDIKAN GURU SD,Prov. Kalimantan Timur,Kota Samarinda,UNMUL,Pendidikan SD,"Matematika, Bahasa Indonesia",48.0,487.0,64.0,563.0,509.22,84.21,S1
541055.0,UNIVERSITAS MULAWARMAN,PENDIDIKAN GURU PAUD,Prov. Kalimantan Timur,Kota Samarinda,UNMUL,Pendidikan PAUD,"Matematika, Bahasa Indonesia",24.0,97.0,32.0,95.0,506.94,84.1,S1
541056.0,UNIVERSITAS MULAWARMAN,HUKUM,Prov. Kalimantan Timur,Kota Samarinda,UNMUL,Hukum,"Sosiologi, Pendidikan Pancasila",91.0,774.0,122.0,861.0,581.64,87.83,S1
541057.0,UNIVERSITAS MULAWARMAN,PSIKOLOGI,Prov. Kalimantan Timur,Kota Samarinda,UNMUL,Psikologi,"Sosiologi, Matematika",24.0,660.0,32.0,896.0,606.12,89.06,S1
541058.0,UNIVERSITAS MULAWARMAN,SASTRA INDONESIA,Prov. Kalimantan Timur,Kota Samarinda,UNMUL,Susastra atau Sastra,"Bahasa Indonesia, Bahasa Inggris, Bahasa Asing Lainnya",20.0,159.0,50.0,104.0,517.06,84.6,S1
541059.0,UNIVERSITAS MULAWARMAN,SASTRA INGGRIS,Prov. Kalimantan Timur,Kota Samarinda,UNMUL,Susastra atau Sastra,"Bahasa Indonesia, Bahasa Inggris, Bahasa Asing Lainnya",20.0,265.0,50.0,351.0,546.63,86.08,S1
541060.0,UNIVERSITAS MULAWARMAN,PENDIDIKAN MASYARAKAT,Prov. Kalimantan Timur,Kota Samarinda,UNMUL,Pendidikan Masyarakat,Sosiologi,12.0,35.0,16.0,49.0,502.87,83.89,S1
541061.0,UNIVERSITAS MULAWARMAN,PENDIDIKAN GEOGRAFI,Prov. Kalimantan Timur,Kota Samarinda,UNMUL,Pendidikan Geografi,Geografi,24.0,79.0,32.0,83.0,515.88,84.54,S1
541062.0,UNIVERSITAS MULAWARMAN,EKONOMI SYARIAH,Prov. Kalimantan Timur,Kota Samarinda,UNMUL,Ekonomi,"Ekonomi, Matematika",25.0,102.0,62.0,139.0,522.83,84.89,S1
541063.0,UNIVERSITAS MULAWARMAN,ETNO MUSIKOLOGI,Prov. Kalimantan Timur,Kota Samarinda,UNMUL,Seni,Seni Budaya,14.0,2.0,35.0,5.0,505.15,84.01,S1
541064.0,UNIVERSITAS MULAWARMAN,PENDIDIKAN SEJARAH,Prov. Kalimantan Timur,Kota Samarinda,UNMUL,Pendidikan Sejarah,Sejarah,24.0,101.0,32.0,120.0,515.37,84.52,S1
541069.0,UNIVERSITAS MULAWARMAN,FARMASI - D3,Prov. Kalimantan Timur,Kota Samarinda,UNMUL,Ilmu Farmasi,"Biologi, Kimia, Matematika",30.0,0.0,40.0,0.0,0.0,0.0,D3
541071.0,UNIVERSITAS MULAWARMAN,KEPERAWATAN,Prov. Kalimantan Timur,Kota Samarinda,UNMUL,Keperawatan,"Biologi, Matematika",10.0,0.0,25.0,0.0,0.0,0.0,D3
541072.0,UNIVERSITAS MULAWARMAN,ILMU LINGKUNGAN,Prov. Kalimantan Timur,Kota Samarinda,UNMUL,Ilmu atau Sains Lingkungan,"Biologi, Matematika",18.0,0.0,18.0,0.0,0.0,0.0,S1
542001.0,INSTITUT TEKNOLOGI KALIMANTAN,FISIKA,Prov. Kalimantan Timur,Kota Balikpapan,ITK,Fisika,"Fisika, Matematika",16.0,14.0,16.0,14.0,547.64,86.13,S1
542002.0,INSTITUT TEKNOLOGI KALIMANTAN,MATEMATIKA,Prov. Kalimantan Timur,Kota Balikpapan,ITK,Matematika,"Matematika Tingkat Lanjut, Matematika",22.0,29.0,16.0,14.0,552.26,86.36,S1
542003.0,INSTITUT TEKNOLOGI KALIMANTAN,TEKNIK MESIN,Prov. Kalimantan Timur,Kota Balikpapan,ITK,Teknik atau rekayasa,"Fisika, Matematika Tingkat Lanjut, Matematika",25.0,187.0,70.0,208.0,547.78,86.14,S1
542004.0,INSTITUT TEKNOLOGI KALIMANTAN,TEKNIK ELEKTRO,Prov. Kalimantan Timur,Kota Balikpapan,ITK,Teknik atau rekayasa,"Fisika, Matematika Tingkat Lanjut, Matematika",40.0,131.0,55.0,107.0,558.4,86.67,S1
542005.0,INSTITUT TEKNOLOGI KALIMANTAN,TEKNIK KIMIA,Prov. Kalimantan Timur,Kota Balikpapan,ITK,Teknik atau rekayasa,"Fisika, Matematika Tingkat Lanjut, Matematika",50.0,102.0,45.0,111.0,554.1,86.46,S1
542006.0,INSTITUT TEKNOLOGI KALIMANTAN,TEKNIK MATERIAL DAN METALURGI,Prov. Kalimantan Timur,Kota Balikpapan,ITK,Teknik atau rekayasa,"Fisika, Matematika Tingkat Lanjut, Matematika",45.0,96.0,41.0,77.0,546.07,86.05,S1
542007.0,INSTITUT TEKNOLOGI KALIMANTAN,TEKNIK SIPIL,Prov. Kalimantan Timur,Kota Balikpapan,ITK,Teknik atau rekayasa,"Fisika, Matematika Tingkat Lanjut, Matematika",20.0,152.0,75.0,249.0,555.96,86.55,S1
542008.0,INSTITUT TEKNOLOGI KALIMANTAN,PERENCANAAN WILAYAH DAN KOTA,Prov. Kalimantan Timur,Kota Balikpapan,ITK,Perencanaan Wilayah,"Ekonomi, Matematika",35.0,192.0,32.0,167.0,554.1,86.46,S1
542009.0,INSTITUT TEKNOLOGI KALIMANTAN,TEKNIK PERKAPALAN,Prov. Kalimantan Timur,Kota Balikpapan,ITK,Teknik atau rekayasa,"Fisika, Matematika Tingkat Lanjut, Matematika",50.0,65.0,48.0,42.0,520.64,84.78,S1
542010.0,INSTITUT TEKNOLOGI KALIMANTAN,SISTEM INFORMASI,Prov. Kalimantan Timur,Kota Balikpapan,ITK,Ilmu atau Sains Informasi,"Matematika Tingkat Lanjut, Matematika",35.0,206.0,55.0,237.0,598.91,88.7,S1
542011.0,INSTITUT TEKNOLOGI KALIMANTAN,TEKNIK INDUSTRI,Prov. Kalimantan Timur,Kota Balikpapan,ITK,Teknik atau rekayasa,"Fisika, Matematika Tingkat Lanjut, Matematika",49.0,157.0,36.0,232.0,599.26,88.71,S1
542012.0,INSTITUT TEKNOLOGI KALIMANTAN,INFORMATIKA,Prov. Kalimantan Timur,Kota Balikpapan,ITK,Ilmu atau Sains Informasi,"Matematika Tingkat Lanjut, Matematika",35.0,203.0,55.0,320.0,603.68,88.93,S1
542013.0,INSTITUT TEKNOLOGI KALIMANTAN,TEKNIK LINGKUNGAN,Prov. Kalimantan Timur,Kota Balikpapan,ITK,Ilmu atau Sains Lingkungan,"Biologi, Matematika",50.0,70.0,45.0,121.0,527.39,85.12,S1
542014.0,INSTITUT TEKNOLOGI KALIMANTAN,TEKNIK KELAUTAN,Prov. Kalimantan Timur,Kota Balikpapan,ITK,Teknik atau rekayasa,"Fisika, Matematika Tingkat Lanjut, Matematika",27.0,17.0,30.0,45.0,526.71,85.09,S1
542015.0,INSTITUT TEKNOLOGI KALIMANTAN,ARSITEKTUR,Prov. Kalimantan Timur,Kota Balikpapan,ITK,Arsitektur,"Matematika, Fisika",25.0,114.0,30.0,99.0,547.92,86.15,S1
542016.0,INSTITUT TEKNOLOGI KALIMANTAN,STATISTIK,Prov. Kalimantan Timur,Kota Balikpapan,ITK,Sains Data,"Matematika Tingkat Lanjut, Matematika",34.0,64.0,24.0,44.0,549.76,86.24,S1
542017.0,INSTITUT TEKNOLOGI KALIMANTAN,AKTUARIA,Prov. Kalimantan Timur,Kota Balikpapan,ITK,Sains Data,"Matematika Tingkat Lanjut, Matematika",24.0,46.0,23.0,30.0,550.46,86.27,S1
542018.0,INSTITUT TEKNOLOGI KALIMANTAN,BISNIS DIGITAL,Prov. Kalimantan Timur,Kota Balikpapan,ITK,Bisnis,"Ekonomi, Matematika",20.0,151.0,60.0,139.0,576.13,87.56,S1
542019.0,INSTITUT TEKNOLOGI KALIMANTAN,REKAYASA KESELAMATAN,Prov. Kalimantan Timur,Kota Balikpapan,ITK,Teknik atau rekayasa,"Fisika, Matematika Tingkat Lanjut, Matematika",21.0,131.0,36.0,187.0,512.33,84.37,S1
542020.0,INSTITUT TEKNOLOGI KALIMANTAN,TEKNOLOGI PANGAN,Prov. Kalimantan Timur,Kota Balikpapan,ITK,"Teknologi Pangan, Teknologi Hasil Pertanian/ Peternakan/ Perikanan","Kimia, Biologi, Matematika",40.0,24.0,36.0,48.0,549.05,86.2,S1
542021.0,INSTITUT TEKNOLOGI KALIMANTAN,TEKNIK LOGISTIK,Prov. Kalimantan Timur,Kota Balikpapan,ITK,Teknik atau rekayasa,"Fisika, Matematika Tingkat Lanjut, Matematika",25.0,23.0,43.0,41.0,530.28,85.26,S1
542022.0,INSTITUT TEKNOLOGI KALIMANTAN,DESAIN KOMUNIKASI VISUAL (DKV),Prov. Kalimantan Timur,Kota Balikpapan,ITK,Desain,"Seni Budaya, Matematika",24.0,0.0,33.0,40.0,549.76,86.24,S1
551001.0,UNIVERSITAS BORNEO TARAKAN,TEKNIK ELEKTRO,Prov. Kalimantan Utara,Kota Tarakan,UBT,Teknik atau rekayasa,"Fisika, Matematika Tingkat Lanjut, Matematika",24.0,38.0,32.0,74.0,507.68,84.13,S1
551002.0,UNIVERSITAS BORNEO TARAKAN,TEKNIK SIPIL,Prov. Kalimantan Utara,Kota Tarakan,UBT,Teknik atau rekayasa,"Fisika, Matematika Tingkat Lanjut, Matematika",36.0,82.0,48.0,137.0,495.57,83.53,S1
551003.0,UNIVERSITAS BORNEO TARAKAN,AGROBISNIS,Prov. Kalimantan Utara,Kota Tarakan,UBT,Ilmu dan Sains Pertanian,"Biologi, Matematika",36.0,93.0,48.0,91.0,485.32,83.02,S1
551004.0,UNIVERSITAS BORNEO TARAKAN,AGROTEKNOLOGI,Prov. Kalimantan Utara,Kota Tarakan,UBT,Ilmu dan Sains Pertanian,"Biologi, Matematika",24.0,50.0,32.0,64.0,495.87,83.54,S1
551005.0,UNIVERSITAS BORNEO TARAKAN,PENDIDIKAN MATEMATIKA,Prov. Kalimantan Utara,Kota Tarakan,UBT,Pendidikan Matematika,"Matematika, Matematika Tingkat Lanjut",24.0,32.0,32.0,33.0,506.06,84.05,S1
551006.0,UNIVERSITAS BORNEO TARAKAN,PENDIDIKAN BIOLOGI,Prov. Kalimantan Utara,Kota Tarakan,UBT,Pendidikan Biologi,Biologi,26.0,33.0,34.0,56.0,500.22,83.76,S1
551007.0,UNIVERSITAS BORNEO TARAKAN,MANAJEMEN SUMBERDAYA PERAIRAN,Prov. Kalimantan Utara,Kota Tarakan,UBT,"Bioteknologi, Biokewirausaha an, Bioinformatika","Biologi, Matematika",24.0,36.0,32.0,48.0,491.0,83.3,S1
551008.0,UNIVERSITAS BORNEO TARAKAN,AKUAKULTUR,Prov. Kalimantan Utara,Kota Tarakan,UBT,Ilmu atau Sains Perikanan,"Biologi, Matematika",24.0,32.0,32.0,19.0,485.95,83.05,S1
551009.0,UNIVERSITAS BORNEO TARAKAN,TEKNOLOGI HASIL PERIKANAN,Prov. Kalimantan Utara,Kota Tarakan,UBT,"Teknologi Pangan, Teknologi Hasil Pertanian/ Peternakan/ Perikanan","Kimia, Biologi, Matematika",24.0,37.0,32.0,38.0,501.6,83.83,S1
551010.0,UNIVERSITAS BORNEO TARAKAN,TEKNIK MESIN,Prov. Kalimantan Utara,Kota Tarakan,UBT,Teknik atau rekayasa,"Fisika, Matematika Tingkat Lanjut, Matematika",12.0,25.0,16.0,65.0,507.2,84.11,S1
551011.0,UNIVERSITAS BORNEO TARAKAN,KEPERAWATAN - S1,Prov. Kalimantan Utara,Kota Tarakan,UBT,Keperawatan,"Biologi, Matematika",24.0,155.0,32.0,305.0,506.87,84.09,S1
551012.0,UNIVERSITAS BORNEO TARAKAN,KEBIDANAN - S1,Prov. Kalimantan Utara,Kota Tarakan,UBT,Kebidanan,"Biologi, Matematika",24.0,89.0,32.0,197.0,513.93,84.45,S1
551013.0,UNIVERSITAS BORNEO TARAKAN,TEKNIK KOMPUTER,Prov. Kalimantan Utara,Kota Tarakan,UBT,Komputer,"Matematika Tingkat Lanjut, Matematika",14.0,70.0,18.0,188.0,510.73,84.29,S1
551014.0,UNIVERSITAS BORNEO TARAKAN,PENDIDIKAN BIMBINGAN DAN KONSELING,Prov. Kalimantan Utara,Kota Tarakan,UBT,Psikologi,"Sosiologi, Matematika",60.0,163.0,80.0,191.0,474.38,82.47,S1
551015.0,UNIVERSITAS BORNEO TARAKAN,PENDIDIKAN BAHASA INDONESIA,Prov. Kalimantan Utara,Kota Tarakan,UBT,Pendidikan Bahasa Indonesia,Bahasa Indonesia,36.0,116.0,48.0,104.0,500.67,83.78,S1
551016.0,UNIVERSITAS BORNEO TARAKAN,PENDIDIKAN BAHASA INGGRIS,Prov. Kalimantan Utara,Kota Tarakan,UBT,Pendidikan Bahasa Inggris,Bahasa Inggris,36.0,80.0,48.0,108.0,505.54,84.03,S1
551017.0,UNIVERSITAS BORNEO TARAKAN,EKONOMI PEMBANGUNAN,Prov. Kalimantan Utara,Kota Tarakan,UBT,Ekonomi,"Ekonomi, Matematika",36.0,178.0,48.0,219.0,499.35,83.72,S1
551018.0,UNIVERSITAS BORNEO TARAKAN,MANAJEMEN,Prov. Kalimantan Utara,Kota Tarakan,UBT,Ilmu atau Sains Manajemen,"Ekonomi, Matematika",36.0,568.0,48.0,561.0,510.05,84.25,S1
551019.0,UNIVERSITAS BORNEO TARAKAN,HUKUM,Prov. Kalimantan Utara,Kota Tarakan,UBT,Hukum,"Sosiologi, Pendidikan Pancasila",60.0,279.0,80.0,292.0,503.27,83.91,S1
551021.0,UNIVERSITAS BORNEO TARAKAN,PENDIDIKAN GURU SD,Prov. Kalimantan Utara,Kota Tarakan,UBT,Pendidikan SD,"Matematika, Bahasa Indonesia",60.0,253.0,80.0,271.0,482.15,82.86,S1
551022.0,UNIVERSITAS BORNEO TARAKAN,AKUNTANSI,Prov. Kalimantan Utara,Kota Tarakan,UBT,Ilmu atau Sains Akuntansi,"Ekonomi, Matematika",27.0,185.0,36.0,149.0,511.71,84.34,S1
551023.0,UNIVERSITAS BORNEO TARAKAN,KEBIDANAN - D3,Prov. Kalimantan Utara,Kota Tarakan,UBT,Kebidanan,"Biologi, Matematika",9.0,0.0,12.0,0.0,0.0,0.0,D3
551024.0,UNIVERSITAS BORNEO TARAKAN,KEPERAWATAN - D3,Prov. Kalimantan Utara,Kota Tarakan,UBT,Keperawatan,"Biologi, Matematika",12.0,0.0,16.0,0.0,0.0,0.0,D3
552001.0,POLITEKNIK NEGERI NUNUKAN,ADMINISTRASI BISNIS,Prov. Kalimantan Utara,Kab Nunukan,PNN,Administrasi Bisnis,"Ekonomi, Matematika",32.0,0.0,40.0,0.0,0.0,0.0,D3
552002.0,POLITEKNIK NEGERI NUNUKAN,TEKNIK ALAT BERAT,Prov. Kalimantan Utara,Kab Nunukan,PNN,Teknik atau rekayasa,"Fisika, Matematika Tingkat Lanjut, Matematika",15.0,0.0,20.0,0.0,0.0,0.0,D3
552003.0,POLITEKNIK NEGERI NUNUKAN,TEKNIK SIPIL INFRASTRUKTUR PERKOTAAN,Prov. Kalimantan Utara,Kab Nunukan,PNN,Teknik atau rekayasa,"Fisika, Matematika Tingkat Lanjut, Matematika",24.0,0.0,30.0,0.0,0.0,0.0,D3
552004.0,POLITEKNIK NEGERI NUNUKAN,TEKNOLOGI HASIL PERIKANAN,Prov. Kalimantan Utara,Kab Nunukan,PNN,"Teknologi Pangan, Teknologi Hasil Pertanian/ Peternakan/ Perikanan","Kimia, Biologi, Matematika",15.0,0.0,20.0,0.0,0.0,0.0,D3
561001.0,POLITEKNIK PERTANIAN NEGERI SAMARINDA,PENGELOLAAN PERKEBUNAN,Prov. Kalimantan Timur,Kota Samarinda,POLITANI SAMARINDA,Ilmu dan Sains Pertanian,"Biologi, Matematika",18.0,33.0,31.0,46.0,509.03,84.2,D4
561002.0,POLITEKNIK PERTANIAN NEGERI SAMARINDA,TEKNOLOGI REKAYASA PERANGKAT LUNAK,Prov. Kalimantan Timur,Kota Samarinda,POLITANI SAMARINDA,Teknik atau rekayasa,"Fisika, Matematika Tingkat Lanjut, Matematika",20.0,19.0,36.0,27.0,495.51,83.53,D4
561003.0,POLITEKNIK PERTANIAN NEGERI SAMARINDA,REKAYASA KAYU,Prov. Kalimantan Timur,Kota Samarinda,POLITANI SAMARINDA,"Konservasi Biologi, Konservasi Hewan Liar, Konservasi Hewan Liar dan Hutan, Konservasi Hutan, Konservasi Sumber Daya Alam","Biologi, Matematika",10.0,4.0,18.0,9.0,486.59,83.08,D4
561004.0,POLITEKNIK PERTANIAN NEGERI SAMARINDA,BUDIDAYA TANAMAN PERKEBUNAN,Prov. Kalimantan Timur,Kota Samarinda,POLITANI SAMARINDA,Ilmu dan Sains Pertanian,"Biologi, Matematika",15.0,0.0,27.0,0.0,0.0,0.0,D3
561005.0,POLITEKNIK PERTANIAN NEGERI SAMARINDA,TEKNOLOGI HASIL PERKEBUNAN,Prov. Kalimantan Timur,Kota Samarinda,POLITANI SAMARINDA,"Teknologi Pangan, Teknologi Hasil Pertanian/ Peternakan/ Perikanan","Kimia, Biologi, Matematika",13.0,0.0,22.0,0.0,0.0,0.0,D3
561006.0,POLITEKNIK PERTANIAN NEGERI SAMARINDA,PENGOLAHAN HASIL HUTAN,Prov. Kalimantan Timur,Kota Samarinda,POLITANI SAMARINDA,"Konservasi Biologi, Konservasi Hewan Liar, Konservasi Hewan Liar dan Hutan, Konservasi Hutan, Konservasi Sumber Daya Alam","Biologi, Matematika",13.0,0.0,22.0,0.0,0.0,0.0,D3
561007.0,POLITEKNIK PERTANIAN NEGERI SAMARINDA,TEKNOLOGI GEOMATIKA,Prov. Kalimantan Timur,Kota Samarinda,POLITANI SAMARINDA,Ilmu atau Sains Kebumian,"Fisika, Matematika Tingkat Lanjut, Matematika",15.0,0.0,27.0,0.0,0.0,0.0,D3
561008.0,POLITEKNIK PERTANIAN NEGERI SAMARINDA,PENGELOLAAN LINGKUNGAN,Prov. Kalimantan Timur,Kota Samarinda,POLITANI SAMARINDA,Ilmu atau Sains Lingkungan,"Biologi, Matematika",15.0,0.0,27.0,0.0,0.0,0.0,D3
561009.0,POLITEKNIK PERTANIAN NEGERI SAMARINDA,PENGELOLAAN HUTAN,Prov. Kalimantan Timur,Kota Samarinda,POLITANI SAMARINDA,"Konservasi Biologi, Konservasi Hewan Liar, Konservasi Hewan Liar dan Hutan, Konservasi Hutan, Konservasi Sumber Daya Alam","Biologi, Matematika",13.0,0.0,22.0,0.0,0.0,0.0,D3
562001.0,POLITEKNIK NEGERI SAMARINDA,TEKNIK MESIN PRODUKSI DAN PERAWATAN,Prov. Kalimantan Timur,Kota Samarinda,POLNES,Teknik atau rekayasa,"Fisika, Matematika Tingkat Lanjut, Matematika",34.0,135.0,45.0,197.0,497.52,83.63,D4
562002.0,POLITEKNIK NEGERI SAMARINDA,TEKNIK LISTRIK - D4,Prov. Kalimantan Timur,Kota Samarinda,POLNES,Teknik atau rekayasa,"Fisika, Matematika Tingkat Lanjut, Matematika",26.0,66.0,26.0,120.0,503.39,83.92,D4
562003.0,POLITEKNIK NEGERI SAMARINDA,TEKNOLOGI KIMIA INDUSTRI,Prov. Kalimantan Timur,Kota Samarinda,POLNES,Kimia,"Kimia, Matematika",27.0,55.0,36.0,55.0,501.79,83.84,D4
562004.0,POLITEKNIK NEGERI SAMARINDA,REKAYASA JALAN DAN JEMBATAN,Prov. Kalimantan Timur,Kota Samarinda,POLNES,Teknik atau rekayasa,"Fisika, Matematika Tingkat Lanjut, Matematika",23.0,82.0,32.0,112.0,485.45,83.02,D4
562005.0,POLITEKNIK NEGERI SAMARINDA,TEKNIK INFORMATIKA MULTIMEDIA,Prov. Kalimantan Timur,Kota Samarinda,POLNES,Ilmu atau Sains Informasi,"Matematika Tingkat Lanjut, Matematika",45.0,126.0,60.0,237.0,488.58,83.18,D4
562006.0,POLITEKNIK NEGERI SAMARINDA,TEKNOLOGI REKAYASA KOMPUTER,Prov. Kalimantan Timur,Kota Samarinda,POLNES,Komputer,"Matematika Tingkat Lanjut, Matematika",27.0,63.0,36.0,108.0,506.85,84.09,D4
562007.0,POLITEKNIK NEGERI SAMARINDA,USAHA PERJALANAN WISATA,Prov. Kalimantan Timur,Kota Samarinda,POLNES,Pariwisata,"Ekonomi, Matematika",23.0,29.0,32.0,64.0,509.47,84.22,D4
562008.0,POLITEKNIK NEGERI SAMARINDA,AKUNTANSI MANAJEMEN,Prov. Kalimantan Timur,Kota Samarinda,POLNES,Ilmu atau Sains Akuntansi,"Ekonomi, Matematika",23.0,161.0,32.0,218.0,513.47,84.42,D4
562009.0,POLITEKNIK NEGERI SAMARINDA,KEUANGAN DAN PERBANKAN,Prov. Kalimantan Timur,Kota Samarinda,POLNES,Ilmu atau Sains Akuntansi,"Ekonomi, Matematika",23.0,148.0,32.0,215.0,486.01,83.05,D4
562010.0,POLITEKNIK NEGERI SAMARINDA,MANAJEMEN PEMASARAN,Prov. Kalimantan Timur,Kota Samarinda,POLNES,Ilmu atau Sains Manajemen,"Ekonomi, Matematika",31.0,114.0,42.0,232.0,506.47,84.07,D4
562011.0,POLITEKNIK NEGERI SAMARINDA,TEKNIK INFORMATIKA,Prov. Kalimantan Timur,Kota Samarinda,POLNES,Teknik atau rekayasa,"Fisika, Matematika Tingkat Lanjut, Matematika",45.0,0.0,60.0,0.0,0.0,0.0,D3
562014.0,POLITEKNIK NEGERI SAMARINDA,PETRO DAN OLEO KIMIA,Prov. Kalimantan Timur,Kota Samarinda,POLNES,Kimia,"Kimia, Matematika",30.0,0.0,30.0,0.0,0.0,0.0,D3
562015.0,POLITEKNIK NEGERI SAMARINDA,PERAWATAN DAN PERBAIKAN MESIN,Prov. Kalimantan Timur,Kota Samarinda,POLNES,Fisika,"Fisika, Matematika",34.0,0.0,45.0,0.0,0.0,0.0,D3
562017.0,POLITEKNIK NEGERI SAMARINDA,NAUTIKA,Prov. Kalimantan Timur,Kota Samarinda,POLNES,Logika,"Matematika Tingkat Lanjut, Matematika",12.0,0.0,12.0,0.0,0.0,0.0,D3
562018.0,POLITEKNIK NEGERI SAMARINDA,TEKNIK KOMPUTER,Prov. Kalimantan Timur,Kota Samarinda,POLNES,Teknik atau rekayasa,"Fisika, Matematika Tingkat Lanjut, Matematika",45.0,0.0,60.0,0.0,0.0,0.0,D3
562019.0,POLITEKNIK NEGERI SAMARINDA,TEKNIKA,Prov. Kalimantan Timur,Kota Samarinda,POLNES,Teknik atau rekayasa,"Fisika, Matematika Tingkat Lanjut, Matematika",12.0,0.0,12.0,0.0,0.0,0.0,D3
562021.0,POLITEKNIK NEGERI SAMARINDA,PARIWISATA,Prov. Kalimantan Timur,Kota Samarinda,POLNES,Pariwisata,"Ekonomi, Matematika",23.0,0.0,32.0,0.0,0.0,0.0,D3
562022.0,POLITEKNIK NEGERI SAMARINDA,TEKNIK LISTRIK - D3,Prov. Kalimantan Timur,Kota Samarinda,POLNES,Teknik atau rekayasa,"Fisika, Matematika Tingkat Lanjut, Matematika",26.0,0.0,26.0,0.0,0.0,0.0,D3
562024.0,POLITEKNIK NEGERI SAMARINDA,TEKNIK ALAT BERAT,Prov. Kalimantan Timur,Kota Samarinda,POLNES,Teknik atau rekayasa,"Fisika, Matematika Tingkat Lanjut, Matematika",32.0,0.0,44.0,0.0,0.0,0.0,D3
562026.0,POLITEKNIK NEGERI SAMARINDA,KETATALAKSANAAN PELAYARAN NIAGA DAN KEPELABUHAN,Prov. Kalimantan Timur,Kota Samarinda,POLNES,Ilmu atau Sains Manajemen,"Ekonomi, Matematika",23.0,0.0,32.0,0.0,0.0,0.0,D3
562027.0,POLITEKNIK NEGERI SAMARINDA,AKUNTANSI,Prov. Kalimantan Timur,Kota Samarinda,POLNES,Ilmu atau Sains Akuntansi,"Ekonomi, Matematika",39.0,0.0,52.0,0.0,0.0,0.0,D3
562029.0,POLITEKNIK NEGERI SAMARINDA,ARSITEKTUR BANGUNAN GEDUNG,Prov. Kalimantan Timur,Kota Samarinda,POLNES,Arsitektur,"Matematika, Fisika",25.0,0.0,34.0,0.0,0.0,0.0,D4
562030.0,POLITEKNIK NEGERI SAMARINDA,BISNIS DIGITAL,Prov. Kalimantan Timur,Kota Samarinda,POLNES,Bisnis,"Ekonomi, Matematika",36.0,0.0,48.0,0.0,0.0,0.0,D4
562031.0,POLITEKNIK NEGERI SAMARINDA,DESAIN PRODUK KAYU DAN SERAT,Prov. Kalimantan Timur,Kota Samarinda,POLNES,Desain,"Seni Budaya, Matematika",17.0,0.0,23.0,0.0,0.0,0.0,D4
562032.0,POLITEKNIK NEGERI SAMARINDA,TEKNOLOGI REKAYASA KONSTRUKSI BANGUNAN GEDUNG,Prov. Kalimantan Timur,Kota Samarinda,POLNES,Teknik atau rekayasa,"Fisika, Matematika Tingkat Lanjut, Matematika",26.0,0.0,26.0,0.0,0.0,0.0,D4
562033.0,POLITEKNIK NEGERI SAMARINDA,TEKNOLOGI REKAYASA KONSTRUKSI BANGUNAN AIR,Prov. Kalimantan Timur,Kota Samarinda,POLNES,Teknik atau rekayasa,"Fisika, Matematika Tingkat Lanjut, Matematika",26.0,0.0,26.0,0.0,0.0,0.0,D4
563001.0,POLITEKNIK NEGERI BALIKPAPAN,TEKNOLOGI REKAYASA KONSTRUKSI JALAN DAN JEMBATAN,Prov. Kalimantan Timur,Kota Balikpapan,POLTEKBA,Teknik atau rekayasa,"Fisika, Matematika Tingkat Lanjut, Matematika",22.0,27.0,20.0,55.0,503.01,83.9,D4
563002.0,POLITEKNIK NEGERI BALIKPAPAN,AKUNTANSI PERPAJAKAN,Prov. Kalimantan Timur,Kota Balikpapan,POLTEKBA,Ilmu atau Sains Akuntansi,"Ekonomi, Matematika",23.0,80.0,21.0,100.0,513.23,84.41,D4
563003.0,POLITEKNIK NEGERI BALIKPAPAN,TEKNOLOGI LISTRIK,Prov. Kalimantan Timur,Kota Balikpapan,POLTEKBA,Teknik atau rekayasa,"Fisika, Matematika Tingkat Lanjut, Matematika",23.0,0.0,20.0,0.0,0.0,0.0,D3
563004.0,POLITEKNIK NEGERI BALIKPAPAN,TEKNIK ELEKTRONIKA,Prov. Kalimantan Timur,Kota Balikpapan,POLTEKBA,Teknik atau rekayasa,"Fisika, Matematika Tingkat Lanjut, Matematika",34.0,0.0,30.0,0.0,0.0,0.0,D3
563005.0,POLITEKNIK NEGERI BALIKPAPAN,PENGELOLAAN PERHOTELAN,Prov. Kalimantan Timur,Kota Balikpapan,POLTEKBA,Pariwisata,"Ekonomi, Matematika",23.0,0.0,21.0,0.0,0.0,0.0,D4
563006.0,POLITEKNIK NEGERI BALIKPAPAN,ALAT BERAT,Prov. Kalimantan Timur,Kota Balikpapan,POLTEKBA,Fisika,"Fisika, Matematika",43.0,0.0,38.0,0.0,0.0,0.0,D3
563007.0,POLITEKNIK NEGERI BALIKPAPAN,TEKNIK SIPIL,Prov. Kalimantan Timur,Kota Balikpapan,POLTEKBA,Teknik atau rekayasa,"Fisika, Matematika Tingkat Lanjut, Matematika",43.0,0.0,38.0,0.0,0.0,0.0,D3
563008.0,POLITEKNIK NEGERI BALIKPAPAN,TATA BOGA,Prov. Kalimantan Timur,Kota Balikpapan,POLTEKBA,Seni,Seni Budaya,34.0,0.0,32.0,0.0,0.0,0.0,D3
563009.0,POLITEKNIK NEGERI BALIKPAPAN,PERBANKAN DAN KEUANGAN DIGITAL,Prov. Kalimantan Timur,Kota Balikpapan,POLTEKBA,Ilmu atau Sains Akuntansi,"Ekonomi, Matematika",30.0,0.0,36.0,0.0,0.0,0.0,D4
611001.0,UNIVERSITAS UDAYANA,KEDOKTERAN,Prov. Bali,Kab Badung,UNUD,Ilmu atau Sains Kedokteran,"Biologi, Kimia, Matematika",78.0,1700.0,104.0,2725.0,682.5,92.88,S1
611002.0,UNIVERSITAS UDAYANA,KEDOKTERAN HEWAN,Prov. Bali,Kab Badung,UNUD,Ilmu atau Sains Veteriner,"Biologi, Kimia, Matematika",60.0,440.0,80.0,744.0,598.4,88.67,S1
611003.0,UNIVERSITAS UDAYANA,ARSITEKTUR,Prov. Bali,Kab Badung,UNUD,Arsitektur,"Matematika, Fisika",48.0,345.0,64.0,531.0,605.1,89.01,S1
611004.0,UNIVERSITAS UDAYANA,TEKNIK SIPIL,Prov. Bali,Kab Badung,UNUD,Teknik atau rekayasa,"Fisika, Matematika Tingkat Lanjut, Matematika",60.0,393.0,80.0,596.0,602.81,88.89,S1
611005.0,UNIVERSITAS UDAYANA,TEKNOLOGI PANGAN,Prov. Bali,Kab Badung,UNUD,"Teknologi Pangan, Teknologi Hasil Pertanian/ Peternakan/ Perikanan","Kimia, Biologi, Matematika",30.0,163.0,40.0,278.0,600.07,88.75,S1
611006.0,UNIVERSITAS UDAYANA,TEKNOLOGI INDUSTRI PERTANIAN,Prov. Bali,Kab Badung,UNUD,Ilmu dan Sains Pertanian,"Biologi, Matematika",27.0,72.0,36.0,109.0,582.02,87.85,S1
611007.0,UNIVERSITAS UDAYANA,TEKNIK PERTANIAN DAN BIOSISTEM,Prov. Bali,Kab Badung,UNUD,Teknik atau rekayasa,"Fisika, Matematika Tingkat Lanjut, Matematika",21.0,45.0,28.0,108.0,582.09,87.85,S1
611008.0,UNIVERSITAS UDAYANA,BIOLOGI,Prov. Bali,Kab Badung,UNUD,Biologi,"Biologi, Matematika",21.0,88.0,28.0,121.0,587.76,88.14,S1
611009.0,UNIVERSITAS UDAYANA,KIMIA,Prov. Bali,Kab Badung,UNUD,Kimia,"Kimia, Matematika",24.0,40.0,32.0,62.0,586.23,88.06,S1
611010.0,UNIVERSITAS UDAYANA,FISIKA,Prov. Bali,Kab Badung,UNUD,Fisika,"Fisika, Matematika",30.0,28.0,40.0,58.0,572.3,87.37,S1
611011.0,UNIVERSITAS UDAYANA,TEKNIK MESIN,Prov. Bali,Kab Badung,UNUD,Teknik atau rekayasa,"Fisika, Matematika Tingkat Lanjut, Matematika",54.0,157.0,72.0,321.0,610.43,89.27,S1
611012.0,UNIVERSITAS UDAYANA,TEKNIK ELEKTRO,Prov. Bali,Kab Badung,UNUD,Teknik atau rekayasa,"Fisika, Matematika Tingkat Lanjut, Matematika",48.0,149.0,64.0,205.0,602.96,88.9,S1
611013.0,UNIVERSITAS UDAYANA,AGROBISNIS,Prov. Bali,Kab Badung,UNUD,Ilmu dan Sains Pertanian,"Biologi, Matematika",63.0,289.0,84.0,404.0,592.69,88.38,S1
611014.0,UNIVERSITAS UDAYANA,AGROEKOTEKNOLOGI,Prov. Bali,Kab Badung,UNUD,Ilmu dan Sains Pertanian,"Biologi, Matematika",63.0,177.0,84.0,252.0,600.13,88.76,S1
611015.0,UNIVERSITAS UDAYANA,PETERNAKAN,Prov. Bali,Kab Badung,UNUD,Peternakan,"Biologi, Matematika",60.0,118.0,80.0,225.0,540.61,85.78,S1
611016.0,UNIVERSITAS UDAYANA,MATEMATIKA,Prov. Bali,Kab Badung,UNUD,Matematika,"Matematika Tingkat Lanjut, Matematika",33.0,91.0,44.0,77.0,590.46,88.27,S1
611017.0,UNIVERSITAS UDAYANA,KESEHATAN MASYARAKAT,Prov. Bali,Kab Badung,UNUD,Kesehatan Masyarakat,"Biologi, Matematika, Sosiologi",45.0,592.0,60.0,789.0,562.19,86.86,S1
611018.0,UNIVERSITAS UDAYANA,FARMASI,Prov. Bali,Kab Badung,UNUD,Ilmu Farmasi,"Biologi, Kimia, Matematika",30.0,1110.0,40.0,1147.0,634.14,90.46,S1
611019.0,UNIVERSITAS UDAYANA,KEPERAWATAN,Prov. Bali,Kab Badung,UNUD,Keperawatan,"Biologi, Matematika",30.0,670.0,40.0,670.0,602.48,88.87,S1
611020.0,UNIVERSITAS UDAYANA,INFORMATIKA,Prov. Bali,Kab Badung,UNUD,Ilmu atau Sains Informasi,"Matematika Tingkat Lanjut, Matematika",45.0,713.0,60.0,897.0,597.19,88.61,S1
611021.0,UNIVERSITAS UDAYANA,TEKNOLOGI INFORMASI,Prov. Bali,Kab Badung,UNUD,Ilmu atau Sains Informasi,"Matematika Tingkat Lanjut, Matematika",54.0,557.0,72.0,772.0,598.13,88.66,S1
611022.0,UNIVERSITAS UDAYANA,FISIOTERAPI,Prov. Bali,Kab Badung,UNUD,Kesehatan,"Biologi, Matematika",18.0,263.0,24.0,376.0,602.19,88.86,S1
611023.0,UNIVERSITAS UDAYANA,ILMU KELAUTAN,Prov. Bali,Kab Badung,UNUD,Ilmu atau Sains Kelautan,"Biologi, Matematika, Geografi",48.0,109.0,64.0,214.0,588.22,88.16,S1
611024.0,UNIVERSITAS UDAYANA,ARSITEKTUR LANSKAP,Prov. Bali,Kab Badung,UNUD,Arsitektur,"Matematika, Fisika",12.0,44.0,16.0,81.0,565.16,87.01,S1
611025.0,UNIVERSITAS UDAYANA,MANAJEMEN SUMBERDAYA PERAIRAN,Prov. Bali,Kab Badung,UNUD,"Bioteknologi, Biokewirausaha an, Bioinformatika","Biologi, Matematika",48.0,88.0,64.0,129.0,559.33,86.72,S1
611026.0,UNIVERSITAS UDAYANA,KEDOKTERAN GIGI,Prov. Bali,Kab Badung,UNUD,Ilmu atau Sains Kedokteran Gigi,"Biologi, Kimia, Matematika",30.0,602.0,40.0,789.0,658.77,91.69,S1
611027.0,UNIVERSITAS UDAYANA,TEKNIK LINGKUNGAN,Prov. Bali,Kab Badung,UNUD,Ilmu atau Sains Lingkungan,"Biologi, Matematika",36.0,78.0,48.0,167.0,587.32,88.12,S1
611028.0,UNIVERSITAS UDAYANA,TEKNIK INDUSTRI,Prov. Bali,Kab Badung,UNUD,Teknik atau rekayasa,"Fisika, Matematika Tingkat Lanjut, Matematika",36.0,160.0,48.0,279.0,619.51,89.73,S1
611029.0,UNIVERSITAS UDAYANA,ARKEOLOGI,Prov. Bali,Kab Badung,UNUD,Sejarah,Sejarah,18.0,59.0,24.0,120.0,559.11,86.71,S1
611030.0,UNIVERSITAS UDAYANA,ANTROPOLOGI BUDAYA,Prov. Bali,Kab Badung,UNUD,Studi Humanitas,"Sosiologi, Pendidikan Pancasila, Antropologi",15.0,79.0,20.0,130.0,561.57,86.83,S1
611031.0,UNIVERSITAS UDAYANA,SEJARAH,Prov. Bali,Kab Badung,UNUD,Sejarah,Sejarah,15.0,46.0,20.0,106.0,518.17,84.66,S1
611032.0,UNIVERSITAS UDAYANA,HUKUM,Prov. Bali,Kab Badung,UNUD,Hukum,"Sosiologi, Pendidikan Pancasila",159.0,1074.0,212.0,2157.0,581.22,87.81,S1
611033.0,UNIVERSITAS UDAYANA,EKONOMI,Prov. Bali,Kab Badung,UNUD,Ekonomi,"Ekonomi, Matematika",90.0,509.0,120.0,706.0,602.38,88.87,S1
611034.0,UNIVERSITAS UDAYANA,AKUNTANSI - S1,Prov. Bali,Kab Badung,UNUD,Ilmu atau Sains Akuntansi,"Ekonomi, Matematika",105.0,1019.0,140.0,1123.0,618.33,89.67,S1
611035.0,UNIVERSITAS UDAYANA,MANAJEMEN,Prov. Bali,Kab Badung,UNUD,Ilmu atau Sains Manajemen,"Ekonomi, Matematika",105.0,1661.0,140.0,2197.0,619.4,89.72,S1
611036.0,UNIVERSITAS UDAYANA,SASTRA INDONESIA,Prov. Bali,Kab Badung,UNUD,Susastra atau Sastra,"Bahasa Indonesia, Bahasa Inggris, Bahasa Asing Lainnya",24.0,72.0,32.0,103.0,511.33,84.32,S1
611037.0,UNIVERSITAS UDAYANA,SASTRA INGGRIS,Prov. Bali,Kab Badung,UNUD,Susastra atau Sastra,"Bahasa Indonesia, Bahasa Inggris, Bahasa Asing Lainnya",60.0,499.0,80.0,761.0,613.9,89.45,S1
611038.0,UNIVERSITAS UDAYANA,SASTRA JAWA KUNO,Prov. Bali,Kab Badung,UNUD,Susastra atau Sastra,"Bahasa Indonesia, Bahasa Inggris, Bahasa Asing Lainnya",8.0,10.0,10.0,12.0,516.44,84.57,S1
611039.0,UNIVERSITAS UDAYANA,SASTRA BALI,Prov. Bali,Kab Badung,UNUD,Susastra atau Sastra,"Bahasa Indonesia, Bahasa Inggris, Bahasa Asing Lainnya",12.0,36.0,16.0,43.0,509.62,84.23,S1
611040.0,UNIVERSITAS UDAYANA,SASTRA JEPANG,Prov. Bali,Kab Badung,UNUD,Susastra atau Sastra,"Bahasa Indonesia, Bahasa Inggris, Bahasa Asing Lainnya",30.0,143.0,40.0,281.0,556.85,86.59,S1
611041.0,UNIVERSITAS UDAYANA,PENGELOLAAN PERHOTELAN,Prov. Bali,Kab Badung,UNUD,Ilmu atau Sains Manajemen,"Ekonomi, Matematika",45.0,135.0,60.0,168.0,572.95,87.4,D4
611042.0,UNIVERSITAS UDAYANA,PARIWISATA,Prov. Bali,Kab Badung,UNUD,Pariwisata,"Ekonomi, Matematika",45.0,465.0,60.0,761.0,578.45,87.67,S1
611043.0,UNIVERSITAS UDAYANA,INDUSTRI PERJALANAN WISATA,Prov. Bali,Kab Badung,UNUD,Pariwisata,"Ekonomi, Matematika",45.0,152.0,60.0,291.0,574.76,87.49,S1
611044.0,UNIVERSITAS UDAYANA,HUBUNGAN INTERNASIONAL,Prov. Bali,Kab Badung,UNUD,Ilmu atau Sains Komunikasi,"Sosiologi, Bahasa Indonesia, Antropologi",30.0,336.0,40.0,634.0,618.51,89.68,S1
611045.0,UNIVERSITAS UDAYANA,SOSIOLOGI,Prov. Bali,Kab Badung,UNUD,Studi Humanitas,"Sosiologi, Pendidikan Pancasila, Antropologi",30.0,123.0,40.0,270.0,566.56,87.08,S1
611046.0,UNIVERSITAS UDAYANA,PSIKOLOGI,Prov. Bali,Kab Badung,UNUD,Psikologi,"Sosiologi, Matematika",36.0,644.0,48.0,1202.0,614.54,89.48,S1
611047.0,UNIVERSITAS UDAYANA,ADMINISTRASI NEGARA,Prov. Bali,Kab Badung,UNUD,Administrasi Bisnis,"Ekonomi, Matematika",30.0,366.0,40.0,532.0,599.16,88.71,S1
611048.0,UNIVERSITAS UDAYANA,ILMU KOMUNIKASI,Prov. Bali,Kab Badung,UNUD,Ilmu atau Sains Komunikasi,"Sosiologi, Bahasa Indonesia, Antropologi",30.0,601.0,40.0,1123.0,613.99,89.45,S1
611049.0,UNIVERSITAS UDAYANA,ILMU POLITIK,Prov. Bali,Kab Badung,UNUD,Sosial,"Sosiologi, Sejarah, Antropologi",30.0,136.0,40.0,340.0,598.19,88.66,S1
611050.0,UNIVERSITAS UDAYANA,PERPUSTAKAAN,Prov. Bali,Kab Badung,UNUD,Urusan Publik,"Sosiologi, Pendidikan Pancasila",12.0,0.0,16.0,0.0,0.0,0.0,D3
611051.0,UNIVERSITAS UDAYANA,PERPAJAKAN,Prov. Bali,Kab Badung,UNUD,Ilmu atau Sains Akuntansi,"Ekonomi, Matematika",22.0,0.0,29.0,0.0,0.0,0.0,D3
611052.0,UNIVERSITAS UDAYANA,AKUNTANSI - D3,Prov. Bali,Kab Badung,UNUD,Ilmu atau Sains Akuntansi,"Ekonomi, Matematika",22.0,0.0,29.0,0.0,0.0,0.0,D3
612001.0,UNIVERSITAS PENDIDIKAN GANESHA,PENDIDIKAN MATEMATIKA,Prov. Bali,Kab Buleleng,UNDIKSHA,Pendidikan Matematika,"Matematika, Matematika Tingkat Lanjut",30.0,116.0,75.0,77.0,547.19,86.11,S1
612002.0,UNIVERSITAS PENDIDIKAN GANESHA,PENDIDIKAN BIOLOGI,Prov. Bali,Kab Buleleng,UNDIKSHA,Pendidikan Biologi,Biologi,12.0,58.0,30.0,73.0,542.58,85.88,S1
612003.0,UNIVERSITAS PENDIDIKAN GANESHA,PENDIDIKAN KIMIA,Prov. Bali,Kab Buleleng,UNDIKSHA,Pendidikan Kimia,Kimia,12.0,20.0,30.0,19.0,543.17,85.91,S1
612004.0,UNIVERSITAS PENDIDIKAN GANESHA,PENDIDIKAN FISIKA,Prov. Bali,Kab Buleleng,UNDIKSHA,Pendidikan Fisika,Fisika,12.0,23.0,30.0,15.0,544.12,85.96,S1
612005.0,UNIVERSITAS PENDIDIKAN GANESHA,PENDIDIKAN TEKNIK INFORMATIKA,Prov. Bali,Kab Buleleng,UNDIKSHA,Pendidikan Informatika,"Matematika Tingkat Lanjut, Matematika",25.0,159.0,63.0,209.0,554.01,86.45,S1
612006.0,UNIVERSITAS PENDIDIKAN GANESHA,ILMU KEOLAHRAGAAN,Prov. Bali,Kab Buleleng,UNDIKSHA,Ilmu atau Sains Keolahragaan,"PJOK, Biologi",5.0,3.0,13.0,16.0,541.01,85.8,S1
612007.0,UNIVERSITAS PENDIDIKAN GANESHA,PENDIDIKAN TEKNIK ELEKTRO,Prov. Bali,Kab Buleleng,UNDIKSHA,Pendidikan Teknik,"Fisika, Matematika Tingkat Lanjut, Matematika",6.0,14.0,15.0,28.0,551.38,86.32,S1
612012.0,UNIVERSITAS PENDIDIKAN GANESHA,PENDIDIKAN TEKNIK MESIN,Prov. Bali,Kab Buleleng,UNDIKSHA,Pendidikan Teknik,"Fisika, Matematika Tingkat Lanjut, Matematika",6.0,25.0,15.0,29.0,551.25,86.31,S1
612013.0,UNIVERSITAS PENDIDIKAN GANESHA,PENDIDIKAN IPA,Prov. Bali,Kab Buleleng,UNDIKSHA,Pendidikan IPA,"Matematika, Biologi",12.0,43.0,30.0,37.0,541.16,85.81,S1
612014.0,UNIVERSITAS PENDIDIKAN GANESHA,KIMIA,Prov. Bali,Kab Buleleng,UNDIKSHA,Kimia,"Kimia, Matematika",12.0,4.0,30.0,43.0,579.44,87.72,S1
612015.0,UNIVERSITAS PENDIDIKAN GANESHA,MATEMATIKA,Prov. Bali,Kab Buleleng,UNDIKSHA,Matematika,"Matematika Tingkat Lanjut, Matematika",12.0,20.0,30.0,28.0,573.52,87.43,S1
612016.0,UNIVERSITAS PENDIDIKAN GANESHA,BIOLOGI,Prov. Bali,Kab Buleleng,UNDIKSHA,Biologi,"Biologi, Matematika",12.0,22.0,30.0,46.0,555.65,86.53,S1
612017.0,UNIVERSITAS PENDIDIKAN GANESHA,AKUAKULTUR,Prov. Bali,Kab Buleleng,UNDIKSHA,Ilmu atau Sains Perikanan,"Biologi, Matematika",18.0,16.0,45.0,29.0,544.02,85.95,S1
612018.0,UNIVERSITAS PENDIDIKAN GANESHA,SISTEM INFORMASI,Prov. Bali,Kab Buleleng,UNDIKSHA,Ilmu atau Sains Informasi,"Matematika Tingkat Lanjut, Matematika",25.0,192.0,63.0,215.0,534.53,85.48,S1
612019.0,UNIVERSITAS PENDIDIKAN GANESHA,ILMU KOMPUTER,Prov. Bali,Kab Buleleng,UNDIKSHA,Komputer,"Matematika Tingkat Lanjut, Matematika",25.0,113.0,63.0,161.0,605.13,89.01,S1
612020.0,UNIVERSITAS PENDIDIKAN GANESHA,KEDOKTERAN,Prov. Bali,Kab Buleleng,UNDIKSHA,Ilmu atau Sains Kedokteran,"Biologi, Kimia, Matematika",20.0,552.0,50.0,1135.0,654.24,91.46,S1
612021.0,UNIVERSITAS PENDIDIKAN GANESHA,PENDIDIKAN PANCASILA DAN KEWARGANEGARAAN,Prov. Bali,Kab Buleleng,UNDIKSHA,Pendidikan Pancasila,Pendidikan Pancasila,7.0,51.0,18.0,49.0,515.33,84.52,S1
612022.0,UNIVERSITAS PENDIDIKAN GANESHA,PENDIDIKAN EKONOMI,Prov. Bali,Kab Buleleng,UNDIKSHA,Pendidikan Ekonomi,Ekonomi,24.0,124.0,60.0,156.0,510.05,84.25,S1
612023.0,UNIVERSITAS PENDIDIKAN GANESHA,PENDIDIKAN SEJARAH,Prov. Bali,Kab Buleleng,UNDIKSHA,Pendidikan Sejarah,Sejarah,7.0,38.0,18.0,52.0,506.8,84.09,S1
612024.0,UNIVERSITAS PENDIDIKAN GANESHA,PENDIDIKAN GEOGRAFI,Prov. Bali,Kab Buleleng,UNDIKSHA,Pendidikan Geografi,Geografi,7.0,18.0,18.0,18.0,510.0,84.25,S1
612025.0,UNIVERSITAS PENDIDIKAN GANESHA,PENDIDIKAN BAHASA DAN SASTRA INDONESIA,Prov. Bali,Kab Buleleng,UNDIKSHA,Pendidikan Bahasa Indonesia,Bahasa Indonesia,14.0,110.0,35.0,121.0,515.11,84.51,S1
612026.0,UNIVERSITAS PENDIDIKAN GANESHA,PENDIDIKAN BAHASA INGGRIS,Prov. Bali,Kab Buleleng,UNDIKSHA,Pendidikan Bahasa Inggris,Bahasa Inggris,56.0,335.0,140.0,311.0,518.65,84.68,S1
612027.0,UNIVERSITAS PENDIDIKAN GANESHA,PENDIDIKAN SENI RUPA,Prov. Bali,Kab Buleleng,UNDIKSHA,Pendidikan Seni,Seni Budaya,10.0,15.0,25.0,17.0,511.12,84.31,S1
612028.0,UNIVERSITAS PENDIDIKAN GANESHA,PENDIDIKAN KESEJAHTERAAN KELUARGA,Prov. Bali,Kab Buleleng,UNDIKSHA,Pendidikan Kesejahteraan Keluarga,"Seni Budaya, Biologi",10.0,58.0,25.0,65.0,512.1,84.36,S1
612029.0,UNIVERSITAS PENDIDIKAN GANESHA,PENDIDIKAN BIMBINGAN DAN KONSELING,Prov. Bali,Kab Buleleng,UNDIKSHA,Psikologi,"Sosiologi, Matematika",15.0,141.0,38.0,181.0,511.82,84.34,S1
612030.0,UNIVERSITAS PENDIDIKAN GANESHA,TEKNOLOGI PENDIDIKAN,Prov. Bali,Kab Buleleng,UNDIKSHA,Pendidikan Informatika,"Matematika Tingkat Lanjut, Matematika",12.0,32.0,30.0,50.0,516.24,84.56,S1
612031.0,UNIVERSITAS PENDIDIKAN GANESHA,PENDIDIKAN JASMANI KESEHATAN DAN REKREASI,Prov. Bali,Kab Buleleng,UNDIKSHA,Pendidikan Jasmani Kesehatan,"Pendidikan Jasmani, Biologi",40.0,49.0,100.0,99.0,512.09,84.35,S1
612032.0,UNIVERSITAS PENDIDIKAN GANESHA,MANAJEMEN,Prov. Bali,Kab Buleleng,UNDIKSHA,Ilmu atau Sains Manajemen,"Ekonomi, Matematika",70.0,660.0,175.0,738.0,614.62,89.48,S1
612033.0,UNIVERSITAS PENDIDIKAN GANESHA,AKUNTANSI,Prov. Bali,Kab Buleleng,UNDIKSHA,Ilmu atau Sains Akuntansi,"Ekonomi, Matematika",60.0,494.0,150.0,489.0,614.95,89.5,S1
612034.0,UNIVERSITAS PENDIDIKAN GANESHA,PENDIDIKAN KEPELATIHAN OLAHRAGA,Prov. Bali,Kab Buleleng,UNDIKSHA,Pendidikan Jasmani Kesehatan,"Pendidikan Jasmani, Biologi",5.0,5.0,13.0,32.0,512.79,84.39,S1
612036.0,UNIVERSITAS PENDIDIKAN GANESHA,PENDIDIKAN GURU SD,Prov. Bali,Kab Buleleng,UNDIKSHA,Pendidikan SD,"Matematika, Bahasa Indonesia",100.0,882.0,250.0,956.0,512.45,84.37,S1
612038.0,UNIVERSITAS PENDIDIKAN GANESHA,PENDIDIKAN GURU PAUD,Prov. Bali,Kab Buleleng,UNDIKSHA,Pendidikan PAUD,"Matematika, Bahasa Indonesia",12.0,57.0,30.0,77.0,511.6,84.33,S1
612039.0,UNIVERSITAS PENDIDIKAN GANESHA,PENDIDIKAN BAHASA JEPANG,Prov. Bali,Kab Buleleng,UNDIKSHA,Pendidikan Bahsa Jepang,"Bahasa Indonesia, Bahasa Jepang",10.0,46.0,25.0,44.0,514.15,84.46,S1
612040.0,UNIVERSITAS PENDIDIKAN GANESHA,PENDIDIKAN BAHASA BALI,Prov. Bali,Kab Buleleng,UNDIKSHA,Pendidikan Bahasa Bali,"Bahasa Bali, Bahasa Indonesia",10.0,43.0,25.0,39.0,504.68,83.98,S1
612041.0,UNIVERSITAS PENDIDIKAN GANESHA,PENDIDIKAN SOSIOLOGI,Prov. Bali,Kab Buleleng,UNDIKSHA,Pendidikan Sosiologi,Sosiologi,7.0,44.0,18.0,75.0,509.62,84.23,S1
612042.0,UNIVERSITAS PENDIDIKAN GANESHA,HUKUM,Prov. Bali,Kab Buleleng,UNDIKSHA,Hukum,"Sosiologi, Pendidikan Pancasila",63.0,236.0,158.0,376.0,571.36,87.32,S1
612043.0,UNIVERSITAS PENDIDIKAN GANESHA,PENDIDIKAN VOKASIONAL SENI KULINER,Prov. Bali,Kab Buleleng,UNDIKSHA,Pendidikan Seni,Seni Budaya,7.0,64.0,18.0,68.0,516.83,84.59,S1
612044.0,UNIVERSITAS PENDIDIKAN GANESHA,GEOGRAFI,Prov. Bali,Kab Buleleng,UNDIKSHA,"Geografi, Geografi Lingkungan, Sains Informasi Geografi","Geografi, Matematika, Fisika",7.0,17.0,18.0,34.0,542.11,85.86,S1
612045.0,UNIVERSITAS PENDIDIKAN GANESHA,TEKNOLOGI REKAYASA SISTEM ELEKTRONIKA,Prov. Bali,Kab Buleleng,UNDIKSHA,Teknik atau rekayasa,"Fisika, Matematika Tingkat Lanjut, Matematika",5.0,0.0,13.0,0.0,0.0,0.0,D4
612046.0,UNIVERSITAS PENDIDIKAN GANESHA,KEBIDANAN - D3,Prov. Bali,Kab Buleleng,UNDIKSHA,Kebidanan,"Biologi, Matematika",12.0,0.0,30.0,0.0,0.0,0.0,D3
612047.0,UNIVERSITAS PENDIDIKAN GANESHA,TEKNOLOGI REKAYASA PENGINDERAAN JAUH,Prov. Bali,Kab Buleleng,UNDIKSHA,Teknik atau rekayasa,"Fisika, Matematika Tingkat Lanjut, Matematika",5.0,0.0,13.0,0.0,0.0,0.0,D4
612048.0,UNIVERSITAS PENDIDIKAN GANESHA,DESAIN KOMUNIKASI VISUAL (DKV),Prov. Bali,Kab Buleleng,UNDIKSHA,Desain,"Seni Budaya, Matematika",10.0,0.0,25.0,0.0,0.0,0.0,D3
612049.0,UNIVERSITAS PENDIDIKAN GANESHA,PERPUSTAKAAN,Prov. Bali,Kab Buleleng,UNDIKSHA,Urusan Publik,"Sosiologi, Pendidikan Pancasila",5.0,0.0,13.0,0.0,0.0,0.0,D3
612050.0,UNIVERSITAS PENDIDIKAN GANESHA,TEKNOLOGI REKAYASA PERANGKAT LUNAK,Prov. Bali,Kab Buleleng,UNDIKSHA,Teknik atau rekayasa,"Fisika, Matematika Tingkat Lanjut, Matematika",5.0,0.0,13.0,0.0,0.0,0.0,D4
612051.0,UNIVERSITAS PENDIDIKAN GANESHA,KIMIA TERAPAN,Prov. Bali,Kab Buleleng,UNDIKSHA,Kimia,"Kimia, Matematika",10.0,0.0,25.0,0.0,0.0,0.0,D4
612052.0,UNIVERSITAS PENDIDIKAN GANESHA,PENGELOLAAN PERHOTELAN,Prov. Bali,Kab Buleleng,UNDIKSHA,Pariwisata,"Ekonomi, Matematika",10.0,0.0,25.0,0.0,0.0,0.0,D4
612053.0,UNIVERSITAS PENDIDIKAN GANESHA,BAHASA INGGRIS UNTUK KOMUNIKASI BISNIS DAN PROFESIONAL,Prov. Bali,Kab Buleleng,UNDIKSHA,Linguistik,"Bahasa Indonesia, Bahasa Inggris",10.0,0.0,25.0,0.0,0.0,0.0,D4
612054.0,UNIVERSITAS PENDIDIKAN GANESHA,AKUNTANSI SEKTOR PUBLIK,Prov. Bali,Kab Buleleng,UNDIKSHA,Ilmu atau Sains Akuntansi,"Ekonomi, Matematika",5.0,0.0,13.0,0.0,0.0,0.0,D4
612055.0,UNIVERSITAS PENDIDIKAN GANESHA,BIOTEKNOLOGI PERIKANAN,Prov. Bali,Kab Buleleng,UNDIKSHA,"Bioteknologi, Biokewirausaha an, Bioinformatika","Biologi, Matematika",10.0,0.0,25.0,0.0,0.0,0.0,D4
612056.0,UNIVERSITAS PENDIDIKAN GANESHA,FISIKA,Prov. Bali,Kab Buleleng,UNDIKSHA,Fisika,"Fisika, Matematika",12.0,0.0,30.0,0.0,0.0,0.0,S1
612057.0,UNIVERSITAS PENDIDIKAN GANESHA,KEPERAWATAN,Prov. Bali,Kab Buleleng,UNDIKSHA,Keperawatan,"Biologi, Matematika",8.0,0.0,20.0,0.0,0.0,0.0,S1
612058.0,UNIVERSITAS PENDIDIKAN GANESHA,KEBIDANAN - S1,Prov. Bali,Kab Buleleng,UNDIKSHA,Kebidanan,"Biologi, Matematika",6.0,0.0,15.0,0.0,0.0,0.0,S1
613001.0,ISI DENPASAR,SENI TARI,Prov. Bali,Kota Denpasar,ISI DENPASAR,Seni,Seni Budaya,12.0,12.0,16.0,7.0,467.57,82.13,S1
613002.0,ISI DENPASAR,SENI KARAWITAN,Prov. Bali,Kota Denpasar,ISI DENPASAR,Seni,Seni Budaya,24.0,20.0,32.0,17.0,466.0,82.05,S1
613003.0,ISI DENPASAR,PENDIDIKAN SENI PERTUNJUKAN,Prov. Bali,Kota Denpasar,ISI DENPASAR,Pendidikan Seni,Seni Budaya,24.0,30.0,32.0,27.0,470.01,82.25,S1
613004.0,ISI DENPASAR,MUSIK,Prov. Bali,Kota Denpasar,ISI DENPASAR,Seni,Seni Budaya,24.0,13.0,32.0,40.0,506.07,84.05,S1
613005.0,ISI DENPASAR,SENI MURNI,Prov. Bali,Kota Denpasar,ISI DENPASAR,Seni,Seni Budaya,24.0,20.0,32.0,42.0,464.6,81.98,S1
613006.0,ISI DENPASAR,DESAIN INTERIOR,Prov. Bali,Kota Denpasar,ISI DENPASAR,Desain,"Seni Budaya, Matematika",36.0,48.0,48.0,112.0,518.84,84.69,S1
613007.0,ISI DENPASAR,DESAIN KOMUNIKASI VISUAL (DKV),Prov. Bali,Kota Denpasar,ISI DENPASAR,Desain,"Seni Budaya, Matematika",48.0,148.0,64.0,277.0,526.79,85.09,S1
613008.0,ISI DENPASAR,KRIYA SENI,Prov. Bali,Kota Denpasar,ISI DENPASAR,Desain,"Seni Budaya, Matematika",8.0,6.0,10.0,11.0,456.75,81.59,S1
613009.0,ISI DENPASAR,FOTOGRAFI,Prov. Bali,Kota Denpasar,ISI DENPASAR,Seni,Seni Budaya,12.0,32.0,16.0,48.0,499.35,83.72,S1
613010.0,ISI DENPASAR,SENI PEDALANGAN,Prov. Bali,Kota Denpasar,ISI DENPASAR,Seni,Seni Budaya,5.0,0.0,6.0,4.0,472.57,82.38,S1
613011.0,ISI DENPASAR,DESAIN MODE,Prov. Bali,Kota Denpasar,ISI DENPASAR,Desain,"Seni Budaya, Matematika",24.0,47.0,32.0,57.0,495.81,83.54,D4
613012.0,ISI DENPASAR,PRODUKSI FILM DAN TELEVISI,Prov. Bali,Kota Denpasar,ISI DENPASAR,Ilmu atau Sains Komunikasi,"Sosiologi, Bahasa Indonesia, Antropologi",12.0,40.0,16.0,45.0,515.02,84.5,D4
613013.0,ISI DENPASAR,DESAIN PRODUK,Prov. Bali,Kota Denpasar,ISI DENPASAR,Desain,"Seni Budaya, Matematika",12.0,0.0,16.0,0.0,0.0,0.0,S1
613014.0,ISI DENPASAR,ANIMASI,Prov. Bali,Kota Denpasar,ISI DENPASAR,Desain,"Seni Budaya, Matematika",12.0,0.0,16.0,0.0,0.0,0.0,D4
617001.0,POLITEKNIK NEGERI BALI,MANAJEMEN PROYEK KONSTRUKSI,Prov. Bali,Kab  Badung,PNB,Teknik atau rekayasa,"Fisika, Matematika Tingkat Lanjut, Matematika",38.0,63.0,68.0,111.0,502.08,83.85,D4
617002.0,POLITEKNIK NEGERI BALI,TEKNOLOGI REKAYASA UTILITAS,Prov. Bali,Kab  Badung,PNB,Teknik atau rekayasa,"Fisika, Matematika Tingkat Lanjut, Matematika",15.0,19.0,27.0,21.0,505.14,84.01,D4
617003.0,POLITEKNIK NEGERI BALI,TEKNIK OTOMASI,Prov. Bali,Kab  Badung,PNB,Teknik atau rekayasa,"Fisika, Matematika Tingkat Lanjut, Matematika",23.0,37.0,41.0,39.0,496.53,83.58,D4
617004.0,POLITEKNIK NEGERI BALI,TEKNOLOGI REKAYASA PERANGKAT LUNAK,Prov. Bali,Kab  Badung,PNB,Teknik atau rekayasa,"Fisika, Matematika Tingkat Lanjut, Matematika",30.0,47.0,54.0,102.0,529.48,85.22,D4
617005.0,POLITEKNIK NEGERI BALI,TEKNOLOGI REKAYASA KONSTRUKSI BANGUNAN GEDUNG,Prov. Bali,Kab  Badung,PNB,Teknik atau rekayasa,"Fisika, Matematika Tingkat Lanjut, Matematika",15.0,20.0,27.0,43.0,508.88,84.19,D4
617006.0,POLITEKNIK NEGERI BALI,AKUNTANSI PERPAJAKAN,Prov. Bali,Kab  Badung,PNB,Ilmu atau Sains Akuntansi,"Ekonomi, Matematika",30.0,154.0,54.0,234.0,524.29,84.96,D4
617007.0,POLITEKNIK NEGERI BALI,AKUNTANSI MANAJEMEN,Prov. Bali,Kab  Badung,PNB,Ilmu atau Sains Akuntansi,"Ekonomi, Matematika",45.0,249.0,81.0,271.0,517.69,84.63,D4
617008.0,POLITEKNIK NEGERI BALI,MANAJEMEN BISNIS INTERNASIONAL,Prov. Bali,Kab  Badung,PNB,Bisnis,"Ekonomi, Matematika",45.0,304.0,81.0,374.0,514.8,84.49,D4
617009.0,POLITEKNIK NEGERI BALI,MANAJEMEN BISNIS PARIWISATA,Prov. Bali,Kab  Badung,PNB,Pariwisata,"Ekonomi, Matematika",45.0,340.0,81.0,421.0,528.96,85.2,D4
617010.0,POLITEKNIK NEGERI BALI,BISNIS DIGITAL,Prov. Bali,Kab  Badung,PNB,Bisnis,"Ekonomi, Matematika",15.0,78.0,27.0,154.0,534.6,85.48,D4
617011.0,POLITEKNIK NEGERI BALI,ADMINISTRASI BISNIS,Prov. Bali,Kab  Badung,PNB,Administrasi Bisnis,"Ekonomi, Matematika",60.0,0.0,108.0,0.0,0.0,0.0,D3
617012.0,POLITEKNIK NEGERI BALI,AKUNTANSI,Prov. Bali,Kab  Badung,PNB,Ilmu atau Sains Akuntansi,"Ekonomi, Matematika",53.0,0.0,95.0,0.0,0.0,0.0,D3
617013.0,POLITEKNIK NEGERI BALI,TEKNIK SIPIL,Prov. Bali,Kab  Badung,PNB,Teknik atau rekayasa,"Fisika, Matematika Tingkat Lanjut, Matematika",38.0,0.0,68.0,0.0,0.0,0.0,D3
617014.0,POLITEKNIK NEGERI BALI,TEKNIK LISTRIK,Prov. Bali,Kab  Badung,PNB,Teknik atau rekayasa,"Fisika, Matematika Tingkat Lanjut, Matematika",38.0,0.0,68.0,0.0,0.0,0.0,D3
617015.0,POLITEKNIK NEGERI BALI,PERHOTELAN (KAMPUS KAB. KARANGASEM),Prov. Bali,Kab  Badung,PNB,Pariwisata,"Ekonomi, Matematika",15.0,0.0,27.0,0.0,0.0,0.0,D3
617016.0,POLITEKNIK NEGERI BALI,PERHOTELAN (KAMPUS KAB. JEMBRANA),Prov. Bali,Kab  Badung,PNB,Pariwisata,"Ekonomi, Matematika",15.0,0.0,27.0,0.0,0.0,0.0,D3
617017.0,POLITEKNIK NEGERI BALI,USAHA PERJALANAN WISATA,Prov. Bali,Kab  Badung,PNB,Pariwisata,"Ekonomi, Matematika",23.0,0.0,41.0,0.0,0.0,0.0,D3
617018.0,POLITEKNIK NEGERI BALI,TEKNIK MESIN,Prov. Bali,Kab  Badung,PNB,Teknik atau rekayasa,"Fisika, Matematika Tingkat Lanjut, Matematika",30.0,0.0,55.0,0.0,0.0,0.0,D3
617019.0,POLITEKNIK NEGERI BALI,PERHOTELAN (KAMPUS KAB. LOMBOK BARAT),Prov. Bali,Kab  Badung,PNB,Pariwisata,"Ekonomi, Matematika",15.0,0.0,27.0,0.0,0.0,0.0,D3
617020.0,POLITEKNIK NEGERI BALI,TEKNIK PENDINGIN DAN TATA UDARA,Prov. Bali,Kab  Badung,PNB,Teknik atau rekayasa,"Fisika, Matematika Tingkat Lanjut, Matematika",15.0,0.0,27.0,0.0,0.0,0.0,D3
617021.0,POLITEKNIK NEGERI BALI,MANAJEMEN INFORMATIKA,Prov. Bali,Kab  Badung,PNB,Ilmu atau Sains Informasi,"Matematika Tingkat Lanjut, Matematika",30.0,0.0,54.0,0.0,0.0,0.0,D3
617022.0,POLITEKNIK NEGERI BALI,PERHOTELAN,Prov. Bali,Kab  Badung,PNB,Pariwisata,"Ekonomi, Matematika",75.0,0.0,135.0,0.0,0.0,0.0,D3
617023.0,POLITEKNIK NEGERI BALI,ADMINISTRASI BISNIS (KAMPUS KAB. KARANGASEM),Prov. Bali,Kab  Badung,PNB,Bisnis,"Ekonomi, Matematika",15.0,0.0,27.0,0.0,0.0,0.0,D3
617024.0,POLITEKNIK NEGERI BALI,TEKNOLOGI REKAYASA KONSTRUKSI BANGUNAN AIR,Prov. Bali,Kab  Badung,PNB,Teknik atau rekayasa,"Fisika, Matematika Tingkat Lanjut, Matematika",8.0,0.0,14.0,0.0,0.0,0.0,D4
617025.0,POLITEKNIK NEGERI BALI,REKAYASA PERANCANGAN MEKANIK,Prov. Bali,Kab  Badung,PNB,Teknik atau rekayasa,"Fisika, Matematika Tingkat Lanjut, Matematika",8.0,0.0,14.0,0.0,0.0,0.0,D4
617026.0,POLITEKNIK NEGERI BALI,BAHASA INGGRIS UNTUK KOMUNIKASI BISNIS DAN PROFESIONAL,Prov. Bali,Kab  Badung,PNB,Linguistik,"Bahasa Indonesia, Bahasa Inggris",8.0,0.0,14.0,0.0,0.0,0.0,D4
621001.0,UNIVERSITAS MATARAM,AGROEKOTEKNOLOGI,Prov. Nusa Tenggara Barat,Kota Mataram,UNRAM,Ilmu dan Sains Pertanian,"Biologi, Matematika",30.0,189.0,75.0,219.0,552.49,86.37,S1
621002.0,UNIVERSITAS MATARAM,AGROBISNIS,Prov. Nusa Tenggara Barat,Kota Mataram,UNRAM,Ilmu dan Sains Pertanian,"Biologi, Matematika",50.0,497.0,125.0,647.0,552.72,86.39,S1
621003.0,UNIVERSITAS MATARAM,KEHUTANAN,Prov. Nusa Tenggara Barat,Kota Mataram,UNRAM,Kehutanan,"Biologi, Matematika",20.0,143.0,50.0,255.0,563.34,86.92,S1
621004.0,UNIVERSITAS MATARAM,PENDIDIKAN BIOLOGI,Prov. Nusa Tenggara Barat,Kota Mataram,UNRAM,Pendidikan Biologi,Biologi,28.0,219.0,70.0,222.0,536.95,85.6,S1
621005.0,UNIVERSITAS MATARAM,PENDIDIKAN KIMIA,Prov. Nusa Tenggara Barat,Kota Mataram,UNRAM,Pendidikan Kimia,Kimia,20.0,86.0,50.0,77.0,543.51,85.93,S1
621006.0,UNIVERSITAS MATARAM,PENDIDIKAN FISIKA,Prov. Nusa Tenggara Barat,Kota Mataram,UNRAM,Pendidikan Fisika,Fisika,20.0,79.0,50.0,76.0,544.58,85.98,S1
621007.0,UNIVERSITAS MATARAM,PENDIDIKAN MATEMATIKA,Prov. Nusa Tenggara Barat,Kota Mataram,UNRAM,Pendidikan Matematika,"Matematika, Matematika Tingkat Lanjut",30.0,233.0,75.0,204.0,542.72,85.89,S1
621008.0,UNIVERSITAS MATARAM,TEKNIK SIPIL,Prov. Nusa Tenggara Barat,Kota Mataram,UNRAM,Teknik atau rekayasa,"Fisika, Matematika Tingkat Lanjut, Matematika",40.0,520.0,100.0,792.0,613.86,89.44,S1
621009.0,UNIVERSITAS MATARAM,TEKNIK MESIN,Prov. Nusa Tenggara Barat,Kota Mataram,UNRAM,Teknik atau rekayasa,"Fisika, Matematika Tingkat Lanjut, Matematika",30.0,115.0,75.0,222.0,613.39,89.42,S1
621010.0,UNIVERSITAS MATARAM,TEKNIK ELEKTRO,Prov. Nusa Tenggara Barat,Kota Mataram,UNRAM,Teknik atau rekayasa,"Fisika, Matematika Tingkat Lanjut, Matematika",30.0,152.0,75.0,307.0,610.11,89.26,S1
621011.0,UNIVERSITAS MATARAM,BIOLOGI,Prov. Nusa Tenggara Barat,Kota Mataram,UNRAM,Biologi,"Biologi, Matematika",12.0,192.0,30.0,225.0,557.77,86.64,S1
621012.0,UNIVERSITAS MATARAM,MATEMATIKA,Prov. Nusa Tenggara Barat,Kota Mataram,UNRAM,Matematika,"Matematika Tingkat Lanjut, Matematika",12.0,144.0,30.0,126.0,561.78,86.84,S1
621013.0,UNIVERSITAS MATARAM,FISIKA,Prov. Nusa Tenggara Barat,Kota Mataram,UNRAM,Fisika,"Fisika, Matematika",12.0,35.0,30.0,37.0,543.33,85.92,S1
621014.0,UNIVERSITAS MATARAM,KIMIA,Prov. Nusa Tenggara Barat,Kota Mataram,UNRAM,Kimia,"Kimia, Matematika",12.0,76.0,30.0,85.0,550.01,86.25,S1
621015.0,UNIVERSITAS MATARAM,PETERNAKAN,Prov. Nusa Tenggara Barat,Kota Mataram,UNRAM,Peternakan,"Biologi, Matematika",60.0,217.0,150.0,379.0,547.72,86.14,S1
621016.0,UNIVERSITAS MATARAM,KEDOKTERAN,Prov. Nusa Tenggara Barat,Kota Mataram,UNRAM,Ilmu atau Sains Kedokteran,"Biologi, Kimia, Matematika",36.0,816.0,90.0,1212.0,632.83,90.39,S1
621017.0,UNIVERSITAS MATARAM,ILMU DAN TEKNOLOGI PANGAN,Prov. Nusa Tenggara Barat,Kota Mataram,UNRAM,"Teknologi Pangan, Teknologi Hasil Pertanian/ Peternakan/ Perikanan","Kimia, Biologi, Matematika",30.0,332.0,75.0,411.0,556.03,86.55,S1
621018.0,UNIVERSITAS MATARAM,KETEKNIKAN PERTANIAN,Prov. Nusa Tenggara Barat,Kota Mataram,UNRAM,Ilmu dan Sains Pertanian,"Biologi, Matematika",30.0,135.0,75.0,289.0,549.71,86.24,S1
621019.0,UNIVERSITAS MATARAM,BUDIDAYA PERAIRAN,Prov. Nusa Tenggara Barat,Kota Mataram,UNRAM,"Bioteknologi, Biokewirausaha an, Bioinformatika","Biologi, Matematika",20.0,70.0,50.0,114.0,532.83,85.39,S1
621020.0,UNIVERSITAS MATARAM,TEKNIK INFORMATIKA,Prov. Nusa Tenggara Barat,Kota Mataram,UNRAM,Ilmu atau Sains Informasi,"Matematika Tingkat Lanjut, Matematika",30.0,932.0,75.0,1444.0,627.77,90.14,S1
621021.0,UNIVERSITAS MATARAM,FARMASI,Prov. Nusa Tenggara Barat,Kota Mataram,UNRAM,Ilmu Farmasi,"Biologi, Kimia, Matematika",18.0,915.0,45.0,106.0,619.47,89.72,S1
621022.0,UNIVERSITAS MATARAM,ILMU TANAH,Prov. Nusa Tenggara Barat,Kota Mataram,UNRAM,Ilmu atau Sains Lingkungan,"Biologi, Matematika",20.0,96.0,50.0,148.0,527.23,85.11,S1
621023.0,UNIVERSITAS MATARAM,ILMU KELAUTAN,Prov. Nusa Tenggara Barat,Kota Mataram,UNRAM,Ilmu atau Sains Kelautan,"Biologi, Matematika, Geografi",20.0,50.0,50.0,90.0,507.78,84.14,S1
621024.0,UNIVERSITAS MATARAM,ARSITEKTUR,Prov. Nusa Tenggara Barat,Kota Mataram,UNRAM,Arsitektur,"Matematika, Fisika",20.0,193.0,50.0,346.0,535.2,85.51,S1
621025.0,UNIVERSITAS MATARAM,ILMU LINGKUNGAN,Prov. Nusa Tenggara Barat,Kota Mataram,UNRAM,Ilmu atau Sains Lingkungan,"Biologi, Matematika",12.0,78.0,30.0,150.0,510.29,84.26,S1
621026.0,UNIVERSITAS MATARAM,EKONOMI PEMBANGUNAN,Prov. Nusa Tenggara Barat,Kota Mataram,UNRAM,Ekonomi,"Ekonomi, Matematika",40.0,620.0,100.0,836.0,595.68,88.53,S1
621027.0,UNIVERSITAS MATARAM,MANAJEMEN,Prov. Nusa Tenggara Barat,Kota Mataram,UNRAM,Ilmu atau Sains Manajemen,"Ekonomi, Matematika",60.0,186.0,150.0,2368.0,620.81,89.79,S1
621028.0,UNIVERSITAS MATARAM,AKUNTANSI - S1,Prov. Nusa Tenggara Barat,Kota Mataram,UNRAM,Ilmu atau Sains Akuntansi,"Ekonomi, Matematika",40.0,1006.0,100.0,1143.0,629.62,90.23,S1
621029.0,UNIVERSITAS MATARAM,HUKUM,Prov. Nusa Tenggara Barat,Kota Mataram,UNRAM,Hukum,"Sosiologi, Pendidikan Pancasila",96.0,927.0,240.0,1298.0,578.89,87.69,S1
621030.0,UNIVERSITAS MATARAM,PENDIDIKAN BAHASA DAN SASTRA INDONESIA,Prov. Nusa Tenggara Barat,Kota Mataram,UNRAM,Pendidikan Bahasa Indonesia,Bahasa Indonesia,42.0,389.0,105.0,434.0,513.35,84.42,S1
621031.0,UNIVERSITAS MATARAM,PENDIDIKAN BAHASA INGGRIS,Prov. Nusa Tenggara Barat,Kota Mataram,UNRAM,Pendidikan Bahasa Inggris,Bahasa Inggris,50.0,463.0,125.0,572.0,569.06,87.2,S1
621032.0,UNIVERSITAS MATARAM,PENDIDIKAN PANCASILA DAN KEWARGANEGARAAN,Prov. Nusa Tenggara Barat,Kota Mataram,UNRAM,Pendidikan Pancasila,Pendidikan Pancasila,40.0,233.0,100.0,273.0,508.96,84.2,S1
621033.0,UNIVERSITAS MATARAM,PENDIDIKAN GURU SD,Prov. Nusa Tenggara Barat,Kota Mataram,UNRAM,Pendidikan SD,"Matematika, Bahasa Indonesia",60.0,1311.0,150.0,1406.0,513.9,84.45,S1
621034.0,UNIVERSITAS MATARAM,PENDIDIKAN GURU PAUD,Prov. Nusa Tenggara Barat,Kota Mataram,UNRAM,Pendidikan PAUD,"Matematika, Bahasa Indonesia",24.0,283.0,60.0,290.0,507.6,84.13,S1
621035.0,UNIVERSITAS MATARAM,HUBUNGAN INTERNASIONAL,Prov. Nusa Tenggara Barat,Kota Mataram,UNRAM,Ilmu atau Sains Komunikasi,"Sosiologi, Bahasa Indonesia, Antropologi",30.0,432.0,75.0,583.0,625.65,90.03,S1
621036.0,UNIVERSITAS MATARAM,ILMU KOMUNIKASI,Prov. Nusa Tenggara Barat,Kota Mataram,UNRAM,Ilmu atau Sains Komunikasi,"Sosiologi, Bahasa Indonesia, Antropologi",20.0,771.0,50.0,1213.0,622.92,89.9,S1
621037.0,UNIVERSITAS MATARAM,SOSIOLOGI,Prov. Nusa Tenggara Barat,Kota Mataram,UNRAM,Studi Humanitas,"Sosiologi, Pendidikan Pancasila, Antropologi",30.0,331.0,75.0,418.0,540.53,85.78,S1
621038.0,UNIVERSITAS MATARAM,PENDIDIKAN SOSIOLOGI,Prov. Nusa Tenggara Barat,Kota Mataram,UNRAM,Pendidikan Sosiologi,Sosiologi,28.0,280.0,70.0,318.0,541.44,85.82,S1
621039.0,UNIVERSITAS MATARAM,PERPAJAKAN,Prov. Nusa Tenggara Barat,Kota Mataram,UNRAM,Ilmu atau Sains Akuntansi,"Ekonomi, Matematika",30.0,0.0,75.0,0.0,0.0,0.0,D3
621040.0,UNIVERSITAS MATARAM,PRODUKSI TERNAK,Prov. Nusa Tenggara Barat,Kota Mataram,UNRAM,Peternakan,"Biologi, Matematika",10.0,0.0,25.0,0.0,0.0,0.0,D3
621043.0,UNIVERSITAS MATARAM,AKUNTANSI - D3,Prov. Nusa Tenggara Barat,Kota Mataram,UNRAM,Ilmu atau Sains Akuntansi,"Ekonomi, Matematika",30.0,0.0,75.0,0.0,0.0,0.0,D3
621044.0,UNIVERSITAS MATARAM,AGROBISNIS PETERNAKAN,Prov. Nusa Tenggara Barat,Kota Mataram,UNRAM,Peternakan,"Biologi, Matematika",15.0,0.0,38.0,0.0,0.0,0.0,D3
621045.0,UNIVERSITAS MATARAM,BUDIDAYA PERAIRAN K. BIMA,Prov. Nusa Tenggara Barat,Kota Mataram,UNRAM,Ilmu atau Sains Perikanan,"Biologi, Matematika",10.0,0.0,25.0,0.0,0.0,0.0,D3
621046.0,UNIVERSITAS MATARAM,KESEHATAN HEWAN,Prov. Nusa Tenggara Barat,Kota Mataram,UNRAM,Ilmu atau Sains Veteriner,"Biologi, Kimia, Matematika",10.0,0.0,25.0,0.0,0.0,0.0,D3
621047.0,UNIVERSITAS MATARAM,PARIWISATA,Prov. Nusa Tenggara Barat,Kota Mataram,UNRAM,Pariwisata,"Ekonomi, Matematika",30.0,0.0,75.0,0.0,0.0,0.0,D3
621048.0,UNIVERSITAS MATARAM,STATISTIK,Prov. Nusa Tenggara Barat,Kota Mataram,UNRAM,Sains Data,"Matematika Tingkat Lanjut, Matematika",8.0,0.0,20.0,0.0,0.0,0.0,S1
631001.0,UNIVERSITAS NUSA CENDANA,PENDIDIKAN MATEMATIKA,Prov. Nusa Tenggara Timur,Kota Kupang,UNDANA,Pendidikan Matematika,"Matematika, Matematika Tingkat Lanjut",30.0,126.0,54.0,192.0,522.2,84.86,S1
631002.0,UNIVERSITAS NUSA CENDANA,PENDIDIKAN BIOLOGI,Prov. Nusa Tenggara Timur,Kota Kupang,UNDANA,Pendidikan Biologi,Biologi,25.0,101.0,45.0,220.0,505.65,84.03,S1
631003.0,UNIVERSITAS NUSA CENDANA,PENDIDIKAN FISIKA,Prov. Nusa Tenggara Timur,Kota Kupang,UNDANA,Pendidikan Fisika,Fisika,30.0,68.0,54.0,93.0,504.84,83.99,S1
631004.0,UNIVERSITAS NUSA CENDANA,PENDIDIKAN KIMIA,Prov. Nusa Tenggara Timur,Kota Kupang,UNDANA,Pendidikan Kimia,Kimia,25.0,47.0,45.0,66.0,507.21,84.11,S1
631005.0,UNIVERSITAS NUSA CENDANA,PENDIDIKAN TEKNIK BANGUNAN,Prov. Nusa Tenggara Timur,Kota Kupang,UNDANA,Pendidikan Teknik,"Fisika, Matematika Tingkat Lanjut, Matematika",20.0,26.0,36.0,69.0,519.59,84.73,S1
631006.0,UNIVERSITAS NUSA CENDANA,PENDIDIKAN TEKNIK MESIN,Prov. Nusa Tenggara Timur,Kota Kupang,UNDANA,Pendidikan Teknik,"Fisika, Matematika Tingkat Lanjut, Matematika",20.0,45.0,36.0,89.0,517.1,84.61,S1
631007.0,UNIVERSITAS NUSA CENDANA,PENDIDIKAN TEKNIK ELEKTRO,Prov. Nusa Tenggara Timur,Kota Kupang,UNDANA,Pendidikan Teknik,"Fisika, Matematika Tingkat Lanjut, Matematika",22.0,23.0,41.0,95.0,518.81,84.69,S1
631008.0,UNIVERSITAS NUSA CENDANA,AGRONOMI,Prov. Nusa Tenggara Timur,Kota Kupang,UNDANA,Ilmu dan Sains Pertanian,"Biologi, Matematika",50.0,74.0,90.0,221.0,504.49,83.97,S1
631009.0,UNIVERSITAS NUSA CENDANA,AGROBISNIS,Prov. Nusa Tenggara Timur,Kota Kupang,UNDANA,Ilmu dan Sains Pertanian,"Biologi, Matematika",44.0,118.0,79.0,309.0,517.81,84.64,S1
631010.0,UNIVERSITAS NUSA CENDANA,PETERNAKAN,Prov. Nusa Tenggara Timur,Kota Kupang,UNDANA,Peternakan,"Biologi, Matematika",100.0,148.0,180.0,401.0,515.4,84.52,S1
631011.0,UNIVERSITAS NUSA CENDANA,KESEHATAN MASYARAKAT,Prov. Nusa Tenggara Timur,Kota Kupang,UNDANA,Kesehatan Masyarakat,"Biologi, Matematika, Sosiologi",40.0,782.0,72.0,1532.0,525.2,85.01,S1
631012.0,UNIVERSITAS NUSA CENDANA,MATEMATIKA,Prov. Nusa Tenggara Timur,Kota Kupang,UNDANA,Matematika,"Matematika Tingkat Lanjut, Matematika",20.0,60.0,36.0,97.0,522.07,84.85,S1
631013.0,UNIVERSITAS NUSA CENDANA,BIOLOGI,Prov. Nusa Tenggara Timur,Kota Kupang,UNDANA,Biologi,"Biologi, Matematika",30.0,67.0,54.0,141.0,528.71,85.19,S1
631014.0,UNIVERSITAS NUSA CENDANA,FISIKA,Prov. Nusa Tenggara Timur,Kota Kupang,UNDANA,Fisika,"Fisika, Matematika",20.0,19.0,36.0,57.0,527.02,85.1,S1
631015.0,UNIVERSITAS NUSA CENDANA,KIMIA,Prov. Nusa Tenggara Timur,Kota Kupang,UNDANA,Kimia,"Kimia, Matematika",25.0,39.0,45.0,51.0,528.6,85.18,S1
631016.0,UNIVERSITAS NUSA CENDANA,TEKNIK SIPIL,Prov. Nusa Tenggara Timur,Kota Kupang,UNDANA,Teknik atau rekayasa,"Fisika, Matematika Tingkat Lanjut, Matematika",25.0,391.0,45.0,940.0,594.55,88.48,S1
631017.0,UNIVERSITAS NUSA CENDANA,TEKNIK ELEKTRO,Prov. Nusa Tenggara Timur,Kota Kupang,UNDANA,Teknik atau rekayasa,"Fisika, Matematika Tingkat Lanjut, Matematika",30.0,92.0,54.0,271.0,586.18,88.06,S1
631018.0,UNIVERSITAS NUSA CENDANA,TEKNIK MESIN,Prov. Nusa Tenggara Timur,Kota Kupang,UNDANA,Teknik atau rekayasa,"Fisika, Matematika Tingkat Lanjut, Matematika",29.0,57.0,53.0,171.0,589.74,88.24,S1
631019.0,UNIVERSITAS NUSA CENDANA,ILMU KOMPUTER,Prov. Nusa Tenggara Timur,Kota Kupang,UNDANA,Komputer,"Matematika Tingkat Lanjut, Matematika",20.0,405.0,36.0,1184.0,618.63,89.68,S1
631020.0,UNIVERSITAS NUSA CENDANA,TEKNIK ARSITEKTUR,Prov. Nusa Tenggara Timur,Kota Kupang,UNDANA,Teknik atau rekayasa,"Fisika, Matematika Tingkat Lanjut, Matematika",25.0,110.0,45.0,255.0,608.92,89.2,S1
631021.0,UNIVERSITAS NUSA CENDANA,TEKNIK PERTAMBANGAN,Prov. Nusa Tenggara Timur,Kota Kupang,UNDANA,Teknik atau rekayasa,"Fisika, Matematika Tingkat Lanjut, Matematika",25.0,65.0,45.0,144.0,627.92,90.15,S1
631022.0,UNIVERSITAS NUSA CENDANA,KEDOKTERAN,Prov. Nusa Tenggara Timur,Kota Kupang,UNDANA,Ilmu atau Sains Kedokteran,"Biologi, Kimia, Matematika",23.0,669.0,43.0,827.0,634.96,90.5,S1
631023.0,UNIVERSITAS NUSA CENDANA,BUDIDAYA PERIKANAN,Prov. Nusa Tenggara Timur,Kota Kupang,UNDANA,Ilmu atau Sains Perikanan,"Biologi, Matematika",25.0,16.0,45.0,130.0,509.09,84.2,S1
631024.0,UNIVERSITAS NUSA CENDANA,KEDOKTERAN HEWAN,Prov. Nusa Tenggara Timur,Kota Kupang,UNDANA,Ilmu atau Sains Veteriner,"Biologi, Kimia, Matematika",17.0,197.0,32.0,291.0,570.65,87.28,S1
631025.0,UNIVERSITAS NUSA CENDANA,KEHUTANAN,Prov. Nusa Tenggara Timur,Kota Kupang,UNDANA,Kehutanan,"Biologi, Matematika",20.0,72.0,36.0,301.0,510.22,84.26,S1
631026.0,UNIVERSITAS NUSA CENDANA,MANAJEMEN SUMBERDAYA PERAIRAN,Prov. Nusa Tenggara Timur,Kota Kupang,UNDANA,"Bioteknologi, Biokewirausaha an, Bioinformatika","Biologi, Matematika",20.0,30.0,36.0,72.0,510.22,84.26,S1
631027.0,UNIVERSITAS NUSA CENDANA,PENDIDIKAN BAHASA DAN SASTRA INDONESIA,Prov. Nusa Tenggara Timur,Kota Kupang,UNDANA,Pendidikan Bahasa Indonesia,Bahasa Indonesia,50.0,201.0,90.0,280.0,513.92,84.45,S1
631028.0,UNIVERSITAS NUSA CENDANA,PENDIDIKAN BAHASA INGGRIS,Prov. Nusa Tenggara Timur,Kota Kupang,UNDANA,Pendidikan Bahasa Inggris,Bahasa Inggris,50.0,247.0,90.0,338.0,524.05,84.95,S1
631029.0,UNIVERSITAS NUSA CENDANA,PENDIDIKAN PANCASILA DAN KEWARGANEGARAAN,Prov. Nusa Tenggara Timur,Kota Kupang,UNDANA,Pendidikan Pancasila,Pendidikan Pancasila,37.0,303.0,68.0,567.0,493.07,83.4,S1
631030.0,UNIVERSITAS NUSA CENDANA,PENDIDIKAN EKONOMI,Prov. Nusa Tenggara Timur,Kota Kupang,UNDANA,Pendidikan Ekonomi,Ekonomi,35.0,130.0,63.0,181.0,495.52,83.53,S1
631031.0,UNIVERSITAS NUSA CENDANA,PENDIDIKAN GEOGRAFI,Prov. Nusa Tenggara Timur,Kota Kupang,UNDANA,Pendidikan Geografi,Geografi,35.0,204.0,63.0,257.0,494.27,83.46,S1
631032.0,UNIVERSITAS NUSA CENDANA,PENDIDIKAN SEJARAH,Prov. Nusa Tenggara Timur,Kota Kupang,UNDANA,Pendidikan Sejarah,Sejarah,35.0,146.0,63.0,250.0,508.8,84.19,S1
631033.0,UNIVERSITAS NUSA CENDANA,PENDIDIKAN BIMBINGAN DAN KONSELING,Prov. Nusa Tenggara Timur,Kota Kupang,UNDANA,Psikologi,"Sosiologi, Matematika",25.0,306.0,45.0,429.0,506.16,84.06,S1
631034.0,UNIVERSITAS NUSA CENDANA,PENDIDIKAN LUAR SEKOLAH,Prov. Nusa Tenggara Timur,Kota Kupang,UNDANA,Pendidikan Luar Sekolah,"Bahasa Indonesia, Matematika",20.0,34.0,36.0,73.0,499.11,83.71,S1
631035.0,UNIVERSITAS NUSA CENDANA,PENDIDIKAN GURU PAUD,Prov. Nusa Tenggara Timur,Kota Kupang,UNDANA,Pendidikan PAUD,"Matematika, Bahasa Indonesia",20.0,173.0,36.0,281.0,495.81,83.54,S1
631036.0,UNIVERSITAS NUSA CENDANA,PENDIDIKAN GURU SD,Prov. Nusa Tenggara Timur,Kota Kupang,UNDANA,Pendidikan SD,"Matematika, Bahasa Indonesia",37.0,617.0,68.0,1197.0,503.41,83.92,S1
631037.0,UNIVERSITAS NUSA CENDANA,HUKUM,Prov. Nusa Tenggara Timur,Kota Kupang,UNDANA,Hukum,"Sosiologi, Pendidikan Pancasila",62.0,767.0,113.0,1091.0,517.83,84.64,S1
631038.0,UNIVERSITAS NUSA CENDANA,ADMINISTRASI NEGARA,Prov. Nusa Tenggara Timur,Kota Kupang,UNDANA,Urusan Publik,"Sosiologi, Pendidikan Pancasila",62.0,562.0,113.0,882.0,537.33,85.62,S1
631039.0,UNIVERSITAS NUSA CENDANA,ADMINISTRASI BISNIS,Prov. Nusa Tenggara Timur,Kota Kupang,UNDANA,Administrasi Bisnis,"Ekonomi, Matematika",56.0,165.0,102.0,295.0,525.45,85.02,S1
631040.0,UNIVERSITAS NUSA CENDANA,SOSIOLOGI,Prov. Nusa Tenggara Timur,Kota Kupang,UNDANA,Studi Humanitas,"Sosiologi, Pendidikan Pancasila, Antropologi",33.0,272.0,61.0,325.0,534.76,85.49,S1
631041.0,UNIVERSITAS NUSA CENDANA,ILMU KOMUNIKASI,Prov. Nusa Tenggara Timur,Kota Kupang,UNDANA,Ilmu atau Sains Komunikasi,"Sosiologi, Bahasa Indonesia, Antropologi",50.0,633.0,90.0,840.0,535.64,85.53,S1
631042.0,UNIVERSITAS NUSA CENDANA,ILMU POLITIK,Prov. Nusa Tenggara Timur,Kota Kupang,UNDANA,Sosial,"Sosiologi, Sejarah, Antropologi",38.0,133.0,68.0,175.0,523.56,84.93,S1
631043.0,UNIVERSITAS NUSA CENDANA,PENDIDIKAN JASMANI KESEHATAN DAN REKREASI,Prov. Nusa Tenggara Timur,Kota Kupang,UNDANA,Pendidikan Jasmani Kesehatan,"Pendidikan Jasmani, Biologi",23.0,24.0,43.0,129.0,525.47,85.02,S1
631044.0,UNIVERSITAS NUSA CENDANA,EKONOMI PEMBANGUNAN,Prov. Nusa Tenggara Timur,Kota Kupang,UNDANA,Ekonomi,"Ekonomi, Matematika",25.0,194.0,45.0,286.0,524.64,84.98,S1
631045.0,UNIVERSITAS NUSA CENDANA,AKUNTANSI,Prov. Nusa Tenggara Timur,Kota Kupang,UNDANA,Ilmu atau Sains Akuntansi,"Ekonomi, Matematika",50.0,1052.0,90.0,1349.0,591.21,88.31,S1
631046.0,UNIVERSITAS NUSA CENDANA,MANAJEMEN,Prov. Nusa Tenggara Timur,Kota Kupang,UNDANA,Ilmu atau Sains Manajemen,"Ekonomi, Matematika",65.0,967.0,117.0,1282.0,593.0,88.4,S1
631047.0,UNIVERSITAS NUSA CENDANA,PSIKOLOGI,Prov. Nusa Tenggara Timur,Kota Kupang,UNDANA,Psikologi,"Sosiologi, Matematika",20.0,156.0,36.0,411.0,585.75,88.04,S1
631048.0,UNIVERSITAS NUSA CENDANA,TEKNIK PEMBUATAN TENUN IKAT,Prov. Nusa Tenggara Timur,Kota Kupang,UNDANA,Teknik atau rekayasa,"Fisika, Matematika Tingkat Lanjut, Matematika",10.0,0.0,18.0,0.0,0.0,0.0,D3
631049.0,UNIVERSITAS NUSA CENDANA,FARMASI,Prov. Nusa Tenggara Timur,Kota Kupang,UNDANA,Ilmu Farmasi,"Biologi, Kimia, Matematika",12.0,0.0,23.0,0.0,0.0,0.0,S1
632001.0,UNIVERSITAS TIMOR,AGROBISNIS,Prov. Nusa Tenggara Timur,Kab Timor Tengah Utara,UNIMOR,Ilmu dan Sains Pertanian,"Biologi, Matematika",36.0,29.0,48.0,184.0,524.84,84.99,S1
632002.0,UNIVERSITAS TIMOR,AGROTEKNOLOGI,Prov. Nusa Tenggara Timur,Kab Timor Tengah Utara,UNIMOR,Ilmu dan Sains Pertanian,"Biologi, Matematika",36.0,27.0,48.0,141.0,534.11,85.46,S1
632003.0,UNIVERSITAS TIMOR,PETERNAKAN,Prov. Nusa Tenggara Timur,Kab Timor Tengah Utara,UNIMOR,Peternakan,"Biologi, Matematika",36.0,40.0,48.0,191.0,534.94,85.5,S1
632004.0,UNIVERSITAS TIMOR,PENDIDIKAN BIOLOGI,Prov. Nusa Tenggara Timur,Kab Timor Tengah Utara,UNIMOR,Pendidikan Biologi,Biologi,45.0,34.0,60.0,132.0,525.22,85.01,S1
632005.0,UNIVERSITAS TIMOR,PENDIDIKAN MATEMATIKA,Prov. Nusa Tenggara Timur,Kab Timor Tengah Utara,UNIMOR,Pendidikan Matematika,"Matematika, Matematika Tingkat Lanjut",36.0,20.0,48.0,73.0,535.3,85.52,S1
632006.0,UNIVERSITAS TIMOR,BIOLOGI,Prov. Nusa Tenggara Timur,Kab Timor Tengah Utara,UNIMOR,Biologi,"Biologi, Matematika",36.0,12.0,48.0,96.0,536.39,85.57,S1
632007.0,UNIVERSITAS TIMOR,MATEMATIKA,Prov. Nusa Tenggara Timur,Kab Timor Tengah Utara,UNIMOR,Matematika,"Matematika Tingkat Lanjut, Matematika",18.0,11.0,24.0,43.0,527.29,85.11,S1
632008.0,UNIVERSITAS TIMOR,KIMIA,Prov. Nusa Tenggara Timur,Kab Timor Tengah Utara,UNIMOR,Kimia,"Kimia, Matematika",27.0,10.0,36.0,57.0,525.39,85.02,S1
632009.0,UNIVERSITAS TIMOR,TEKNOLOGI INFORMASI,Prov. Nusa Tenggara Timur,Kab Timor Tengah Utara,UNIMOR,Ilmu atau Sains Informasi,"Matematika Tingkat Lanjut, Matematika",54.0,95.0,72.0,565.0,532.29,85.36,S1
632010.0,UNIVERSITAS TIMOR,ADMINISTRASI NEGARA,Prov. Nusa Tenggara Timur,Kab Timor Tengah Utara,UNIMOR,Urusan Publik,"Sosiologi, Pendidikan Pancasila",99.0,120.0,132.0,475.0,588.12,88.16,S1
632011.0,UNIVERSITAS TIMOR,ILMU PEMERINTAHAN,Prov. Nusa Tenggara Timur,Kab Timor Tengah Utara,UNIMOR,Urusan Publik,"Sosiologi, Pendidikan Pancasila",84.0,71.0,112.0,343.0,589.81,88.24,S1
632012.0,UNIVERSITAS TIMOR,PENDIDIKAN BAHASA INDONESIA,Prov. Nusa Tenggara Timur,Kab Timor Tengah Utara,UNIMOR,Pendidikan Bahasa Indonesia,Bahasa Indonesia,45.0,34.0,60.0,141.0,586.18,88.06,S1
632013.0,UNIVERSITAS TIMOR,PENDIDIKAN BAHASA INGGRIS,Prov. Nusa Tenggara Timur,Kab Timor Tengah Utara,UNIMOR,Pendidikan Bahasa Inggris,Bahasa Inggris,45.0,26.0,60.0,78.0,594.33,88.47,S1
632014.0,UNIVERSITAS TIMOR,MANAJEMEN,Prov. Nusa Tenggara Timur,Kab Timor Tengah Utara,UNIMOR,Ilmu atau Sains Manajemen,"Ekonomi, Matematika",99.0,166.0,132.0,526.0,588.78,88.19,S1
632015.0,UNIVERSITAS TIMOR,EKONOMI PEMBANGUNAN,Prov. Nusa Tenggara Timur,Kab Timor Tengah Utara,UNIMOR,Ekonomi,"Ekonomi, Matematika",75.0,75.0,100.0,163.0,591.73,88.34,S1
632016.0,UNIVERSITAS TIMOR,KEPERAWATAN,Prov. Nusa Tenggara Timur,Kab Timor Tengah Utara,UNIMOR,Keperawatan,"Biologi, Matematika",27.0,0.0,36.0,0.0,0.0,0.0,D3
641001.0,POLITEKNIK NEGERI KUPANG,PERANCANGAN JALAN DAN JEMBATAN,Prov. Nusa Tenggara Timur,Kota Kupang,PNK,Teknik atau rekayasa,"Fisika, Matematika Tingkat Lanjut, Matematika",11.0,89.0,26.0,390.0,514.6,84.48,D4
641002.0,POLITEKNIK NEGERI KUPANG,TEKNIK PERANCANGAN IRIGASI DAN PENANGANAN PANTAI,Prov. Nusa Tenggara Timur,Kota Kupang,PNK,Teknik atau rekayasa,"Fisika, Matematika Tingkat Lanjut, Matematika",11.0,53.0,26.0,159.0,502.96,83.9,D4
641003.0,POLITEKNIK NEGERI KUPANG,TEKNIK MESIN PRODUKSI DAN PERAWATAN,Prov. Nusa Tenggara Timur,Kota Kupang,PNK,Teknik atau rekayasa,"Fisika, Matematika Tingkat Lanjut, Matematika",21.0,5.0,52.0,109.0,491.97,83.35,D4
641004.0,POLITEKNIK NEGERI KUPANG,TEKNIK INSTALASI LISTRIK,Prov. Nusa Tenggara Timur,Kota Kupang,PNK,Teknik atau rekayasa,"Fisika, Matematika Tingkat Lanjut, Matematika",24.0,36.0,60.0,222.0,495.72,83.54,D4
641005.0,POLITEKNIK NEGERI KUPANG,MANAJEMEN PERUSAHAAN,Prov. Nusa Tenggara Timur,Kota Kupang,PNK,Ilmu atau Sains Komunikasi,"Sosiologi, Bahasa Indonesia, Antropologi",54.0,104.0,135.0,411.0,502.11,83.86,D4
641006.0,POLITEKNIK NEGERI KUPANG,AKUNTANSI SEKTOR PUBLIK,Prov. Nusa Tenggara Timur,Kota Kupang,PNK,Ilmu atau Sains Akuntansi,"Ekonomi, Matematika",56.0,104.0,140.0,438.0,500.35,83.77,D4
641007.0,POLITEKNIK NEGERI KUPANG,PERHOTELAN,Prov. Nusa Tenggara Timur,Kota Kupang,PNK,Pariwisata,"Ekonomi, Matematika",35.0,70.0,88.0,175.0,486.02,83.05,D4
641008.0,POLITEKNIK NEGERI KUPANG,USAHA PERJALANAN WISATA,Prov. Nusa Tenggara Timur,Kota Kupang,PNK,Pariwisata,"Ekonomi, Matematika",35.0,70.0,88.0,166.0,486.95,83.1,D4
641009.0,POLITEKNIK NEGERI KUPANG,TEKNIK SIPIL,Prov. Nusa Tenggara Timur,Kota Kupang,PNK,Teknik atau rekayasa,"Fisika, Matematika Tingkat Lanjut, Matematika",11.0,0.0,26.0,0.0,0.0,0.0,D3
641010.0,POLITEKNIK NEGERI KUPANG,TEKNIK ELEKTRONIKA,Prov. Nusa Tenggara Timur,Kota Kupang,PNK,Teknik atau rekayasa,"Fisika, Matematika Tingkat Lanjut, Matematika",15.0,0.0,38.0,0.0,0.0,0.0,D3
641011.0,POLITEKNIK NEGERI KUPANG,TEKNIK LISTRIK,Prov. Nusa Tenggara Timur,Kota Kupang,PNK,Teknik atau rekayasa,"Fisika, Matematika Tingkat Lanjut, Matematika",23.0,0.0,56.0,0.0,0.0,0.0,D3
641012.0,POLITEKNIK NEGERI KUPANG,MESIN OTOMOTIF,Prov. Nusa Tenggara Timur,Kota Kupang,PNK,Fisika,"Fisika, Matematika",21.0,0.0,52.0,0.0,0.0,0.0,D3
641013.0,POLITEKNIK NEGERI KUPANG,TEKNIK KOMPUTER DAN JARINGAN,Prov. Nusa Tenggara Timur,Kota Kupang,PNK,Teknik atau rekayasa,"Fisika, Matematika Tingkat Lanjut, Matematika",47.0,0.0,116.0,0.0,0.0,0.0,D3
641014.0,POLITEKNIK NEGERI KUPANG,ADMINISTRASI BISNIS,Prov. Nusa Tenggara Timur,Kota Kupang,PNK,Administrasi Bisnis,"Ekonomi, Matematika",27.0,0.0,66.0,0.0,0.0,0.0,D3
641015.0,POLITEKNIK NEGERI KUPANG,TEKNIK MESIN,Prov. Nusa Tenggara Timur,Kota Kupang,PNK,Teknik atau rekayasa,"Fisika, Matematika Tingkat Lanjut, Matematika",16.0,0.0,39.0,0.0,0.0,0.0,D3
641016.0,POLITEKNIK NEGERI KUPANG,AKUNTANSI,Prov. Nusa Tenggara Timur,Kota Kupang,PNK,Ilmu atau Sains Akuntansi,"Ekonomi, Matematika",21.0,0.0,53.0,0.0,0.0,0.0,D3
642001.0,POLITEKNIK PERTANIAN NEGERI KUPANG,PENYULUHAN PERTANIAN LAHAN KERING,Prov. Nusa Tenggara Timur,Kota Kupang,PPNK,Ilmu dan Sains Pertanian,"Biologi, Matematika",36.0,56.0,48.0,59.0,503.41,83.92,D4
642002.0,POLITEKNIK PERTANIAN NEGERI KUPANG,TEKNOLOGI INDUSTRI HORTIKULTURA,Prov. Nusa Tenggara Timur,Kota Kupang,PPNK,"Bioteknologi, Biokewirausaha an, Bioinformatika","Biologi, Matematika",36.0,24.0,48.0,35.0,502.65,83.88,D4
642003.0,POLITEKNIK PERTANIAN NEGERI KUPANG,TEKNOLOGI PAKAN TERNAK,Prov. Nusa Tenggara Timur,Kota Kupang,PPNK,Ilmu atau Sains Veteriner,"Biologi, Kimia, Matematika",36.0,29.0,48.0,50.0,512.22,84.36,D4
642004.0,POLITEKNIK PERTANIAN NEGERI KUPANG,PENGELOLAAN HUTAN,Prov. Nusa Tenggara Timur,Kota Kupang,PPNK,"Konservasi Biologi, Konservasi Hewan Liar, Konservasi Hewan Liar dan Hutan, Konservasi Hutan, Konservasi Sumber Daya Alam","Biologi, Matematika",27.0,12.0,36.0,30.0,508.08,84.15,D4
642005.0,POLITEKNIK PERTANIAN NEGERI KUPANG,AGROBISNIS PERIKANAN,Prov. Nusa Tenggara Timur,Kota Kupang,PPNK,Ilmu dan Sains Pertanian,"Biologi, Matematika",18.0,5.0,24.0,8.0,494.27,83.46,D4
642006.0,POLITEKNIK PERTANIAN NEGERI KUPANG,TEKNOLOGI REKAYASA PANGAN,Prov. Nusa Tenggara Timur,Kota Kupang,PPNK,Teknik atau rekayasa,"Fisika, Matematika Tingkat Lanjut, Matematika",15.0,3.0,20.0,4.0,473.41,82.42,D4
642007.0,POLITEKNIK PERTANIAN NEGERI KUPANG,TANAMAN PANGAN DAN HORTIKULTURA,Prov. Nusa Tenggara Timur,Kota Kupang,PPNK,Ilmu dan Sains Pertanian,"Biologi, Matematika",18.0,0.0,24.0,0.0,0.0,0.0,D3
642008.0,POLITEKNIK PERTANIAN NEGERI KUPANG,MANAJEMEN SUMBERDAYA HUTAN,Prov. Nusa Tenggara Timur,Kota Kupang,PPNK,"Konservasi Biologi, Konservasi Hewan Liar, Konservasi Hewan Liar dan Hutan, Konservasi Hutan, Konservasi Sumber Daya Alam","Biologi, Matematika",15.0,0.0,20.0,0.0,0.0,0.0,D3
642009.0,POLITEKNIK PERTANIAN NEGERI KUPANG,TEKNOLOGI PANGAN,Prov. Nusa Tenggara Timur,Kota Kupang,PPNK,"Teknologi Pangan, Teknologi Hasil Pertanian/ Peternakan/ Perikanan","Kimia, Biologi, Matematika",15.0,0.0,20.0,0.0,0.0,0.0,D3
642010.0,POLITEKNIK PERTANIAN NEGERI KUPANG,PENGELOLAAN AGRIBISNIS,Prov. Nusa Tenggara Timur,Kota Kupang,PPNK,"Bioteknologi, Biokewirausaha an, Bioinformatika","Biologi, Matematika",36.0,0.0,48.0,0.0,0.0,0.0,D4
642011.0,POLITEKNIK PERTANIAN NEGERI KUPANG,TEKNOLOGI BUDIDAYA PERIKANAN,Prov. Nusa Tenggara Timur,Kota Kupang,PPNK,"Teknologi Pangan, Teknologi Hasil Pertanian/ Peternakan/ Perikanan","Kimia, Biologi, Matematika",9.0,0.0,12.0,0.0,0.0,0.0,D3
642012.0,POLITEKNIK PERTANIAN NEGERI KUPANG,PRODUKSI TERNAK,Prov. Nusa Tenggara Timur,Kota Kupang,PPNK,Peternakan,"Biologi, Matematika",21.0,0.0,28.0,0.0,0.0,0.0,D3
642013.0,POLITEKNIK PERTANIAN NEGERI KUPANG,MANAJEMEN PERTANIAN LAHAN KERING,Prov. Nusa Tenggara Timur,Kota Kupang,PPNK,Ilmu dan Sains Pertanian,"Biologi, Matematika",20.0,0.0,26.0,0.0,0.0,0.0,D3
642014.0,POLITEKNIK PERTANIAN NEGERI KUPANG,KESEHATAN HEWAN,Prov. Nusa Tenggara Timur,Kota Kupang,PPNK,Ilmu atau Sains Veteriner,"Biologi, Kimia, Matematika",21.0,0.0,28.0,0.0,0.0,0.0,D3
711001.0,UNIVERSITAS HASANUDDIN,MATEMATIKA,Prov. Sulawesi Selatan,Kota Makassar,UNHAS,Matematika,"Matematika Tingkat Lanjut, Matematika",20.0,181.0,60.0,173.0,610.92,89.3,S1
711002.0,UNIVERSITAS HASANUDDIN,FISIKA,Prov. Sulawesi Selatan,Kota Makassar,UNHAS,Fisika,"Fisika, Matematika",18.0,64.0,63.0,67.0,614.7,89.49,S1
711003.0,UNIVERSITAS HASANUDDIN,KESEHATAN MASYARAKAT,Prov. Sulawesi Selatan,Kota Makassar,UNHAS,Kesehatan Masyarakat,"Biologi, Matematika, Sosiologi",70.0,1481.0,158.0,1922.0,596.98,88.6,S1
711004.0,UNIVERSITAS HASANUDDIN,FARMASI,Prov. Sulawesi Selatan,Kota Makassar,UNHAS,Ilmu Farmasi,"Biologi, Kimia, Matematika",30.0,1919.0,75.0,2427.0,622.82,89.89,S1
711005.0,UNIVERSITAS HASANUDDIN,KIMIA,Prov. Sulawesi Selatan,Kota Makassar,UNHAS,Kimia,"Kimia, Matematika",22.0,194.0,66.0,190.0,613.14,89.41,S1
711006.0,UNIVERSITAS HASANUDDIN,BIOLOGI,Prov. Sulawesi Selatan,Kota Makassar,UNHAS,Biologi,"Biologi, Matematika",26.0,210.0,78.0,246.0,603.28,88.91,S1
711007.0,UNIVERSITAS HASANUDDIN,KEDOKTERAN,Prov. Sulawesi Selatan,Kota Makassar,UNHAS,Ilmu atau Sains Kedokteran,"Biologi, Kimia, Matematika",60.0,1673.0,120.0,3782.0,658.96,91.7,S1
711008.0,UNIVERSITAS HASANUDDIN,AGROTEKNOLOGI,Prov. Sulawesi Selatan,Kota Makassar,UNHAS,Ilmu dan Sains Pertanian,"Biologi, Matematika",75.0,389.0,150.0,490.0,612.63,89.38,S1
711009.0,UNIVERSITAS HASANUDDIN,ILMU DAN TEKNOLOGI PANGAN,Prov. Sulawesi Selatan,Kota Makassar,UNHAS,"Teknologi Pangan, Teknologi Hasil Pertanian/ Peternakan/ Perikanan","Kimia, Biologi, Matematika",39.0,282.0,78.0,333.0,609.58,89.23,S1
711010.0,UNIVERSITAS HASANUDDIN,AGROBISNIS,Prov. Sulawesi Selatan,Kota Makassar,UNHAS,Ilmu dan Sains Pertanian,"Biologi, Matematika",60.0,678.0,120.0,720.0,607.22,89.11,S1
711011.0,UNIVERSITAS HASANUDDIN,KETEKNIKAN PERTANIAN,Prov. Sulawesi Selatan,Kota Makassar,UNHAS,Ilmu dan Sains Pertanian,"Biologi, Matematika",39.0,271.0,78.0,335.0,588.99,88.2,S1
711012.0,UNIVERSITAS HASANUDDIN,TEKNIK SIPIL,Prov. Sulawesi Selatan,Kota Makassar,UNHAS,Teknik atau rekayasa,"Fisika, Matematika Tingkat Lanjut, Matematika",34.0,797.0,85.0,127.0,631.33,90.32,S1
711013.0,UNIVERSITAS HASANUDDIN,TEKNIK MESIN,Prov. Sulawesi Selatan,Kota Makassar,UNHAS,Teknik atau rekayasa,"Fisika, Matematika Tingkat Lanjut, Matematika",30.0,250.0,72.0,440.0,628.41,90.17,S1
711014.0,UNIVERSITAS HASANUDDIN,TEKNIK ELEKTRO,Prov. Sulawesi Selatan,Kota Makassar,UNHAS,Teknik atau rekayasa,"Fisika, Matematika Tingkat Lanjut, Matematika",40.0,403.0,96.0,602.0,629.95,90.25,S1
711015.0,UNIVERSITAS HASANUDDIN,TEKNIK PERKAPALAN,Prov. Sulawesi Selatan,Kota Makassar,UNHAS,Teknik atau rekayasa,"Fisika, Matematika Tingkat Lanjut, Matematika",32.0,147.0,49.0,234.0,588.77,88.19,S1
711016.0,UNIVERSITAS HASANUDDIN,TEKNIK GEOLOGI,Prov. Sulawesi Selatan,Kota Makassar,UNHAS,Ilmu atau Sains Kebumian,"Fisika, Matematika Tingkat Lanjut, Matematika",22.0,354.0,66.0,488.0,631.42,90.32,S1
711017.0,UNIVERSITAS HASANUDDIN,KEDOKTERAN GIGI,Prov. Sulawesi Selatan,Kota Makassar,UNHAS,Ilmu atau Sains Kedokteran Gigi,"Biologi, Kimia, Matematika",50.0,935.0,100.0,1709.0,642.28,90.86,S1
711018.0,UNIVERSITAS HASANUDDIN,TEKNIK ARSITEKTUR,Prov. Sulawesi Selatan,Kota Makassar,UNHAS,Teknik atau rekayasa,"Fisika, Matematika Tingkat Lanjut, Matematika",24.0,436.0,60.0,661.0,601.61,88.83,S1
711019.0,UNIVERSITAS HASANUDDIN,KEHUTANAN,Prov. Sulawesi Selatan,Kota Makassar,UNHAS,Kehutanan,"Biologi, Matematika",75.0,463.0,165.0,620.0,598.58,88.68,S1
711020.0,UNIVERSITAS HASANUDDIN,GEOFISIKA,Prov. Sulawesi Selatan,Kota Makassar,UNHAS,Ilmu atau Sains Kebumian,"Fisika, Matematika Tingkat Lanjut, Matematika",20.0,106.0,60.0,153.0,592.22,88.36,S1
711021.0,UNIVERSITAS HASANUDDIN,STATISTIK,Prov. Sulawesi Selatan,Kota Makassar,UNHAS,Sains Data,"Matematika Tingkat Lanjut, Matematika",20.0,343.0,50.0,419.0,611.64,89.33,S1
711022.0,UNIVERSITAS HASANUDDIN,ILMU GIZI,Prov. Sulawesi Selatan,Kota Makassar,UNHAS,Ilmu atau Sains Gizi,"Biologi, Kimia, Matematika",30.0,773.0,68.0,990.0,591.67,88.33,S1
711023.0,UNIVERSITAS HASANUDDIN,ILMU KELAUTAN,Prov. Sulawesi Selatan,Kota Makassar,UNHAS,Ilmu atau Sains Kelautan,"Biologi, Matematika, Geografi",42.0,165.0,158.0,195.0,590.47,88.27,S1
711024.0,UNIVERSITAS HASANUDDIN,BUDIDAYA PERAIRAN,Prov. Sulawesi Selatan,Kota Makassar,UNHAS,"Bioteknologi, Biokewirausaha an, Bioinformatika","Biologi, Matematika",26.0,71.0,98.0,136.0,559.86,86.74,S1
711025.0,UNIVERSITAS HASANUDDIN,MANAJEMEN SUMBERDAYA PERAIRAN,Prov. Sulawesi Selatan,Kota Makassar,UNHAS,"Bioteknologi, Biokewirausaha an, Bioinformatika","Biologi, Matematika",26.0,95.0,98.0,144.0,564.28,86.96,S1
711026.0,UNIVERSITAS HASANUDDIN,PEMANFAATAN SUMBERDAYA PERIKANAN,Prov. Sulawesi Selatan,Kota Makassar,UNHAS,Ilmu atau Sains Perikanan,"Biologi, Matematika",26.0,67.0,98.0,87.0,552.11,86.36,S1
711027.0,UNIVERSITAS HASANUDDIN,AGROBISNIS PERIKANAN,Prov. Sulawesi Selatan,Kota Makassar,UNHAS,Ilmu atau Sains Perikanan,"Biologi, Matematika",26.0,80.0,98.0,134.0,559.61,86.73,S1
711028.0,UNIVERSITAS HASANUDDIN,KEPERAWATAN,Prov. Sulawesi Selatan,Kota Makassar,UNHAS,Keperawatan,"Biologi, Matematika",51.0,1234.0,68.0,1117.0,604.81,88.99,S1
711029.0,UNIVERSITAS HASANUDDIN,PETERNAKAN,Prov. Sulawesi Selatan,Kota Makassar,UNHAS,Peternakan,"Biologi, Matematika",158.0,313.0,202.0,422.0,545.39,86.02,S1
711030.0,UNIVERSITAS HASANUDDIN,TEKNIK KELAUTAN,Prov. Sulawesi Selatan,Kota Makassar,UNHAS,Teknik atau rekayasa,"Fisika, Matematika Tingkat Lanjut, Matematika",24.0,62.0,76.0,139.0,581.8,87.84,S1
711031.0,UNIVERSITAS HASANUDDIN,TEKNIK INDUSTRI,Prov. Sulawesi Selatan,Kota Makassar,UNHAS,Teknik atau rekayasa,"Fisika, Matematika Tingkat Lanjut, Matematika",20.0,452.0,60.0,685.0,620.32,89.77,S1
711032.0,UNIVERSITAS HASANUDDIN,TEKNIK SISTEM PERKAPALAN,Prov. Sulawesi Selatan,Kota Makassar,UNHAS,Teknik atau rekayasa,"Fisika, Matematika Tingkat Lanjut, Matematika",35.0,74.0,62.0,105.0,602.41,88.87,S1
711033.0,UNIVERSITAS HASANUDDIN,TEKNIK PENGEMBANGAN WILAYAH KOTA,Prov. Sulawesi Selatan,Kota Makassar,UNHAS,Perencanaan Wilayah,"Ekonomi, Matematika",23.0,305.0,59.0,482.0,604.18,88.96,S1
711034.0,UNIVERSITAS HASANUDDIN,TEKNIK PERTAMBANGAN,Prov. Sulawesi Selatan,Kota Makassar,UNHAS,Teknik atau rekayasa,"Fisika, Matematika Tingkat Lanjut, Matematika",18.0,919.0,54.0,1661.0,620.67,89.78,S1
711035.0,UNIVERSITAS HASANUDDIN,TEKNIK INFORMATIKA,Prov. Sulawesi Selatan,Kota Makassar,UNHAS,Ilmu atau Sains Informasi,"Matematika Tingkat Lanjut, Matematika",24.0,1337.0,60.0,2102.0,625.53,90.03,S1
711036.0,UNIVERSITAS HASANUDDIN,FISIOTERAPI,Prov. Sulawesi Selatan,Kota Makassar,UNHAS,Keperawatan,"Biologi, Matematika",18.0,348.0,32.0,430.0,592.87,88.39,S1
711037.0,UNIVERSITAS HASANUDDIN,TEKNIK LINGKUNGAN,Prov. Sulawesi Selatan,Kota Makassar,UNHAS,Ilmu atau Sains Lingkungan,"Biologi, Matematika",21.0,239.0,63.0,343.0,606.74,89.09,S1
711038.0,UNIVERSITAS HASANUDDIN,KEDOKTERAN HEWAN,Prov. Sulawesi Selatan,Kota Makassar,UNHAS,Ilmu atau Sains Veteriner,"Biologi, Kimia, Matematika",33.0,356.0,44.0,474.0,614.05,89.45,S1
711039.0,UNIVERSITAS HASANUDDIN,PSIKOLOGI,Prov. Sulawesi Selatan,Kota Makassar,UNHAS,Psikologi,"Sosiologi, Matematika",39.0,1051.0,52.0,1412.0,620.27,89.76,S1
711040.0,UNIVERSITAS HASANUDDIN,ILMU KOMPUTER,Prov. Sulawesi Selatan,Kota Makassar,UNHAS,Komputer,"Matematika Tingkat Lanjut, Matematika",20.0,719.0,50.0,961.0,623.03,89.9,S1
711041.0,UNIVERSITAS HASANUDDIN,AKTUARIA,Prov. Sulawesi Selatan,Kota Makassar,UNHAS,Sains Data,"Matematika Tingkat Lanjut, Matematika",16.0,179.0,48.0,206.0,598.78,88.69,S1
711042.0,UNIVERSITAS HASANUDDIN,REKAYASA KEHUTANAN,Prov. Sulawesi Selatan,Kota Makassar,UNHAS,Kehutanan,"Biologi, Matematika",30.0,46.0,66.0,138.0,593.04,88.4,S1
711043.0,UNIVERSITAS HASANUDDIN,TEKNOLOGI PRODUKSI TERNAK,Prov. Sulawesi Selatan,Kota Makassar,UNHAS,Ilmu atau Sains Veteriner,"Biologi, Kimia, Matematika",21.0,9.0,42.0,17.0,541.18,85.81,D4
711044.0,UNIVERSITAS HASANUDDIN,TEKNOLOGI PRODUKSI TANAMAN PANGAN,Prov. Sulawesi Selatan,Kota Makassar,UNHAS,"Bioteknologi, Biokewirausaha an, Bioinformatika","Biologi, Matematika",21.0,24.0,42.0,43.0,533.2,85.41,D4
711045.0,UNIVERSITAS HASANUDDIN,ILMU TANAH,Prov. Sulawesi Selatan,Kota Makassar,UNHAS,Ilmu atau Sains Lingkungan,"Biologi, Matematika",39.0,89.0,78.0,139.0,525.62,85.03,S1
711046.0,UNIVERSITAS HASANUDDIN,PROTEKSI TANAMAN,Prov. Sulawesi Selatan,Kota Makassar,UNHAS,Ilmu dan Sains Pertanian,"Biologi, Matematika",39.0,56.0,78.0,77.0,513.41,84.42,S1
711047.0,UNIVERSITAS HASANUDDIN,KONSERVASI HUTAN,Prov. Sulawesi Selatan,Kota Makassar,UNHAS,"Konservasi Biologi, Konservasi Hewan Liar, Konservasi Hewan Liar dan Hutan, Konservasi Hutan, Konservasi Sumber Daya Alam","Biologi, Matematika",22.0,30.0,50.0,67.0,581.13,87.81,S1
711048.0,UNIVERSITAS HASANUDDIN,TEKNOLOGI HASIL PERIKANAN,Prov. Sulawesi Selatan,Kota Makassar,UNHAS,"Teknologi Pangan, Teknologi Hasil Pertanian/ Peternakan/ Perikanan","Kimia, Biologi, Matematika",16.0,34.0,60.0,85.0,540.01,85.75,S1
711049.0,UNIVERSITAS HASANUDDIN,AGROBISNIS PANGAN,Prov. Sulawesi Selatan,Kota Makassar,UNHAS,Ilmu dan Sains Pertanian,"Biologi, Matematika",21.0,32.0,42.0,42.0,535.22,85.51,D4
711050.0,UNIVERSITAS HASANUDDIN,TEKNOLOGI PAKAN TERNAK,Prov. Sulawesi Selatan,Kota Makassar,UNHAS,Ilmu atau Sains Veteriner,"Biologi, Kimia, Matematika",21.0,5.0,42.0,11.0,528.97,85.2,D4
711051.0,UNIVERSITAS HASANUDDIN,AGROBISNIS PETERNAKAN,Prov. Sulawesi Selatan,Kota Makassar,UNHAS,Peternakan,"Biologi, Matematika",21.0,22.0,42.0,34.0,533.18,85.41,D4
711052.0,UNIVERSITAS HASANUDDIN,TERAPI GIGI,Prov. Sulawesi Selatan,Kota Makassar,UNHAS,Ilmu atau Sains Kedokteran Gigi,"Biologi, Kimia, Matematika",24.0,35.0,48.0,90.0,522.08,84.85,D4
711053.0,UNIVERSITAS HASANUDDIN,BUDIDAYA LAUT DAN PANTAI,Prov. Sulawesi Selatan,Kota Makassar,UNHAS,Ilmu atau Sains Kelautan,"Biologi, Matematika, Geografi",21.0,10.0,42.0,16.0,515.93,84.55,D4
711054.0,UNIVERSITAS HASANUDDIN,MANAJEMEN,Prov. Sulawesi Selatan,Kota Makassar,UNHAS,Ilmu atau Sains Manajemen,"Ekonomi, Matematika",56.0,1389.0,140.0,1997.0,633.91,90.45,S1
711055.0,UNIVERSITAS HASANUDDIN,HUKUM,Prov. Sulawesi Selatan,Kota Makassar,UNHAS,Hukum,"Sosiologi, Pendidikan Pancasila",100.0,1254.0,175.0,2502.0,616.99,89.6,S1
711056.0,UNIVERSITAS HASANUDDIN,ILMU POLITIK,Prov. Sulawesi Selatan,Kota Makassar,UNHAS,Sosial,"Sosiologi, Sejarah, Antropologi",30.0,189.0,50.0,347.0,615.98,89.55,S1
711057.0,UNIVERSITAS HASANUDDIN,ANTROPOLOGI SOSIAL,Prov. Sulawesi Selatan,Kota Makassar,UNHAS,Studi Humanitas,"Sosiologi, Pendidikan Pancasila, Antropologi",30.0,88.0,54.0,138.0,579.51,87.73,S1
711058.0,UNIVERSITAS HASANUDDIN,SEJARAH,Prov. Sulawesi Selatan,Kota Makassar,UNHAS,Sejarah,Sejarah,32.0,86.0,40.0,168.0,578.29,87.66,S1
711059.0,UNIVERSITAS HASANUDDIN,ILMU KOMUNIKASI,Prov. Sulawesi Selatan,Kota Makassar,UNHAS,Ilmu atau Sains Komunikasi,"Sosiologi, Bahasa Indonesia, Antropologi",34.0,707.0,46.0,129.0,632.29,90.36,S1
711060.0,UNIVERSITAS HASANUDDIN,SOSIOLOGI,Prov. Sulawesi Selatan,Kota Makassar,UNHAS,Studi Humanitas,"Sosiologi, Pendidikan Pancasila, Antropologi",21.0,175.0,61.0,259.0,592.67,88.38,S1
711061.0,UNIVERSITAS HASANUDDIN,AKUNTANSI,Prov. Sulawesi Selatan,Kota Makassar,UNHAS,Ilmu atau Sains Akuntansi,"Ekonomi, Matematika",56.0,831.0,140.0,107.0,646.07,91.05,S1
711062.0,UNIVERSITAS HASANUDDIN,ILMU PEMERINTAHAN,Prov. Sulawesi Selatan,Kota Makassar,UNHAS,Urusan Publik,"Sosiologi, Pendidikan Pancasila",23.0,312.0,69.0,489.0,614.71,89.49,S1
711063.0,UNIVERSITAS HASANUDDIN,HUBUNGAN INTERNASIONAL,Prov. Sulawesi Selatan,Kota Makassar,UNHAS,Ilmu atau Sains Komunikasi,"Sosiologi, Bahasa Indonesia, Antropologi",28.0,451.0,68.0,909.0,616.47,89.57,S1
711064.0,UNIVERSITAS HASANUDDIN,ADMINISTRASI PUBLIK,Prov. Sulawesi Selatan,Kota Makassar,UNHAS,Administrasi Bisnis,"Ekonomi, Matematika",23.0,358.0,69.0,597.0,610.2,89.26,S1
711065.0,UNIVERSITAS HASANUDDIN,SASTRA INDONESIA,Prov. Sulawesi Selatan,Kota Makassar,UNHAS,Susastra atau Sastra,"Bahasa Indonesia, Bahasa Inggris, Bahasa Asing Lainnya",32.0,121.0,40.0,199.0,590.94,88.3,S1
711066.0,UNIVERSITAS HASANUDDIN,SASTRA DAERAH UNTUK SASTRA BUGIS MAKASSAR,Prov. Sulawesi Selatan,Kota Makassar,UNHAS,Susastra atau Sastra,"Bahasa Indonesia, Bahasa Inggris, Bahasa Asing Lainnya",32.0,25.0,40.0,59.0,559.56,86.73,S1
711067.0,UNIVERSITAS HASANUDDIN,SASTRA ARAB,Prov. Sulawesi Selatan,Kota Makassar,UNHAS,Susastra atau Sastra,"Bahasa Indonesia, Bahasa Inggris, Bahasa Asing Lainnya",32.0,105.0,40.0,146.0,553.85,86.44,S1
711068.0,UNIVERSITAS HASANUDDIN,SASTRA INGGRIS,Prov. Sulawesi Selatan,Kota Makassar,UNHAS,Susastra atau Sastra,"Bahasa Indonesia, Bahasa Inggris, Bahasa Asing Lainnya",48.0,353.0,64.0,573.0,611.99,89.35,S1
711069.0,UNIVERSITAS HASANUDDIN,SASTRA PERANCIS,Prov. Sulawesi Selatan,Kota Makassar,UNHAS,Susastra atau Sastra,"Bahasa Indonesia, Bahasa Inggris, Bahasa Asing Lainnya",32.0,11.0,40.0,52.0,535.01,85.5,S1
711070.0,UNIVERSITAS HASANUDDIN,ARKEOLOGI,Prov. Sulawesi Selatan,Kota Makassar,UNHAS,Sejarah,Sejarah,32.0,63.0,40.0,141.0,542.5,85.88,S1
711071.0,UNIVERSITAS HASANUDDIN,SASTRA JEPANG,Prov. Sulawesi Selatan,Kota Makassar,UNHAS,Susastra atau Sastra,"Bahasa Indonesia, Bahasa Inggris, Bahasa Asing Lainnya",32.0,92.0,40.0,163.0,561.77,86.84,S1
711072.0,UNIVERSITAS HASANUDDIN,EKONOMI PEMBANGUNAN,Prov. Sulawesi Selatan,Kota Makassar,UNHAS,Ekonomi,"Ekonomi, Matematika",50.0,261.0,150.0,481.0,608.39,89.17,S1
711073.0,UNIVERSITAS HASANUDDIN,HUKUM ADMINISTRASI NEGARA,Prov. Sulawesi Selatan,Kota Makassar,UNHAS,Hukum,"Sosiologi, Pendidikan Pancasila",30.0,255.0,45.0,547.0,610.09,89.25,S1
711074.0,UNIVERSITAS HASANUDDIN,BAHASA MANDARIN DAN KEBUDAYAAN TIONGKOK,Prov. Sulawesi Selatan,Kota Makassar,UNHAS,Linguistik,"Bahasa Indonesia, Bahasa Inggris",32.0,49.0,40.0,79.0,600.43,88.77,S1
711075.0,UNIVERSITAS HASANUDDIN,DESTINASI PARIWISATA,Prov. Sulawesi Selatan,Kota Makassar,UNHAS,Pariwisata,"Ekonomi, Matematika",21.0,50.0,42.0,109.0,545.4,86.02,D4
711077.0,UNIVERSITAS HASANUDDIN,PARIWISATA,Prov. Sulawesi Selatan,Kota Makassar,UNHAS,Pariwisata,"Ekonomi, Matematika",32.0,0.0,40.0,0.0,0.0,0.0,S1
712001.0,UNIVERSITAS NEGERI MAKASSAR,PENDIDIKAN MATEMATIKA,Prov. Sulawesi Selatan,Kota Makassar,UNM,Pendidikan Matematika,"Matematika, Matematika Tingkat Lanjut",33.0,327.0,45.0,300.0,544.07,85.95,S1
712002.0,UNIVERSITAS NEGERI MAKASSAR,PENDIDIKAN FISIKA,Prov. Sulawesi Selatan,Kota Makassar,UNM,Pendidikan Fisika,Fisika,22.0,105.0,30.0,84.0,542.46,85.87,S1
712003.0,UNIVERSITAS NEGERI MAKASSAR,PENDIDIKAN KIMIA,Prov. Sulawesi Selatan,Kota Makassar,UNM,Pendidikan Kimia,Kimia,22.0,95.0,30.0,85.0,542.22,85.86,S1
712004.0,UNIVERSITAS NEGERI MAKASSAR,PENDIDIKAN BIOLOGI,Prov. Sulawesi Selatan,Kota Makassar,UNM,Pendidikan Biologi,Biologi,33.0,300.0,45.0,325.0,546.36,86.07,S1
712005.0,UNIVERSITAS NEGERI MAKASSAR,MATEMATIKA,Prov. Sulawesi Selatan,Kota Makassar,UNM,Matematika,"Matematika Tingkat Lanjut, Matematika",22.0,90.0,30.0,93.0,538.59,85.68,S1
712006.0,UNIVERSITAS NEGERI MAKASSAR,FISIKA,Prov. Sulawesi Selatan,Kota Makassar,UNM,Fisika,"Fisika, Matematika",11.0,29.0,15.0,44.0,522.01,84.85,S1
712007.0,UNIVERSITAS NEGERI MAKASSAR,KIMIA,Prov. Sulawesi Selatan,Kota Makassar,UNM,Kimia,"Kimia, Matematika",11.0,76.0,15.0,75.0,527.0,85.1,S1
712008.0,UNIVERSITAS NEGERI MAKASSAR,BIOLOGI,Prov. Sulawesi Selatan,Kota Makassar,UNM,Biologi,"Biologi, Matematika",33.0,133.0,45.0,174.0,525.62,85.03,S1
712009.0,UNIVERSITAS NEGERI MAKASSAR,GEOGRAFI,Prov. Sulawesi Selatan,Kota Makassar,UNM,"Geografi, Geografi Lingkungan, Sains Informasi Geografi","Geografi, Matematika, Fisika",22.0,46.0,30.0,88.0,527.5,85.13,S1
712010.0,UNIVERSITAS NEGERI MAKASSAR,PENDIDIKAN TEKNIK ELEKTRO,Prov. Sulawesi Selatan,Kota Makassar,UNM,Pendidikan Teknik,"Fisika, Matematika Tingkat Lanjut, Matematika",32.0,63.0,44.0,114.0,524.49,84.97,S1
712011.0,UNIVERSITAS NEGERI MAKASSAR,PENDIDIKAN TEKNIK ELEKTRONIKA,Prov. Sulawesi Selatan,Kota Makassar,UNM,Pendidikan Teknik,"Fisika, Matematika Tingkat Lanjut, Matematika",11.0,33.0,15.0,56.0,518.39,84.67,S1
712012.0,UNIVERSITAS NEGERI MAKASSAR,PENDIDIKAN TEKNIK MESIN,Prov. Sulawesi Selatan,Kota Makassar,UNM,Pendidikan Teknik,"Fisika, Matematika Tingkat Lanjut, Matematika",11.0,45.0,15.0,136.0,518.94,84.7,S1
712013.0,UNIVERSITAS NEGERI MAKASSAR,PENDIDIKAN TEKNIK OTOMOTIF,Prov. Sulawesi Selatan,Kota Makassar,UNM,Pendidikan Teknik,"Fisika, Matematika Tingkat Lanjut, Matematika",22.0,76.0,29.0,110.0,514.31,84.47,S1
712014.0,UNIVERSITAS NEGERI MAKASSAR,PENDIDIKAN TEKNIK BANGUNAN,Prov. Sulawesi Selatan,Kota Makassar,UNM,Pendidikan Teknik,"Fisika, Matematika Tingkat Lanjut, Matematika",11.0,39.0,15.0,86.0,518.55,84.68,S1
712015.0,UNIVERSITAS NEGERI MAKASSAR,ILMU KEOLAHRAGAAN,Prov. Sulawesi Selatan,Kota Makassar,UNM,Ilmu atau Sains Keolahragaan,"PJOK, Biologi",31.0,25.0,47.0,176.0,510.56,84.28,S1
712016.0,UNIVERSITAS NEGERI MAKASSAR,PENDIDIKAN TEKNIK INFORMATIKA DAN KOMPUTER,Prov. Sulawesi Selatan,Kota Makassar,UNM,Pendidikan Informatika,"Matematika Tingkat Lanjut, Matematika",87.0,881.0,117.0,146.0,528.13,85.16,S1
712017.0,UNIVERSITAS NEGERI MAKASSAR,PENDIDIKAN KIMIA (KLS INTERNASIONAL),Prov. Sulawesi Selatan,Kota Makassar,UNM,Pendidikan Kimia,"Kimia, Bahasa Inggris",11.0,18.0,15.0,10.0,519.55,84.73,S1
712018.0,UNIVERSITAS NEGERI MAKASSAR,PENDIDIKAN MATEMATIKA (KLS INTERNASIONAL),Prov. Sulawesi Selatan,Kota Makassar,UNM,Pendidikan Matematika,"Matematika, Matematika Tingkat Lanjut, Bahasa Inggris",11.0,29.0,15.0,26.0,533.16,85.41,S1
712019.0,UNIVERSITAS NEGERI MAKASSAR,DESAIN KOMUNIKASI VISUAL (DKV),Prov. Sulawesi Selatan,Kota Makassar,UNM,Desain,"Seni Budaya, Matematika, Bahasa Inggris",57.0,107.0,76.0,192.0,556.44,86.57,S1
712020.0,UNIVERSITAS NEGERI MAKASSAR,PENDIDIKAN BIOLOGI (KLS INTERNASIONAL),Prov. Sulawesi Selatan,Kota Makassar,UNM,Pendidikan Biologi,"Biologi, Bahasa Inggris",11.0,35.0,15.0,35.0,518.05,84.65,S1
712021.0,UNIVERSITAS NEGERI MAKASSAR,PENDIDIKAN FISIKA (KLS INTERNASIONAL),Prov. Sulawesi Selatan,Kota Makassar,UNM,Pendidikan Fisika,"Fisika, Bahasa Inggris",11.0,12.0,15.0,21.0,515.8,84.54,S1
712022.0,UNIVERSITAS NEGERI MAKASSAR,PENDIDIKAN TEKNIK PERTANIAN,Prov. Sulawesi Selatan,Kota Makassar,UNM,Pendidikan,,32.0,220.0,44.0,330.0,521.74,84.84,S1
712023.0,UNIVERSITAS NEGERI MAKASSAR,PENDIDIKAN IPA,Prov. Sulawesi Selatan,Kota Makassar,UNM,Pendidikan IPA,"Matematika, Biologi",22.0,156.0,30.0,142.0,513.95,84.45,S1
712024.0,UNIVERSITAS NEGERI MAKASSAR,PENDIDIKAN IPA (KLS INTERNASIONAL),Prov. Sulawesi Selatan,Kota Makassar,UNM,Pendidikan IPA,"Matematika, Biologi, Bahasa Inggris",11.0,15.0,15.0,14.0,497.55,83.63,S1
712025.0,UNIVERSITAS NEGERI MAKASSAR,STATISTIK,Prov. Sulawesi Selatan,Kota Makassar,UNM,Sains Data,"Matematika Tingkat Lanjut, Matematika",44.0,206.0,60.0,246.0,508.83,84.19,S1
712026.0,UNIVERSITAS NEGERI MAKASSAR,PENDIDIKAN VOKASIONAL MEKATRONIKA,Prov. Sulawesi Selatan,Kota Makassar,UNM,Pendidikan,,11.0,18.0,15.0,37.0,512.54,84.38,S1
712027.0,UNIVERSITAS NEGERI MAKASSAR,TEKNIK KOMPUTER,Prov. Sulawesi Selatan,Kota Makassar,UNM,Komputer,"Matematika Tingkat Lanjut, Matematika",54.0,600.0,73.0,986.0,539.9,85.75,S1
712028.0,UNIVERSITAS NEGERI MAKASSAR,ADMINISTRASI KESEHATAN,Prov. Sulawesi Selatan,Kota Makassar,UNM,Informatika Medis atau Informatika Kesehatan,"Biologi, Matematika Tingkat Lanjut, Matematika",63.0,776.0,139.0,1001.0,528.18,85.16,S1
712029.0,UNIVERSITAS NEGERI MAKASSAR,ILMU GIZI,Prov. Sulawesi Selatan,Kota Makassar,UNM,Ilmu atau Sains Gizi,"Biologi, Kimia, Matematika",63.0,619.0,139.0,870.0,532.84,85.39,S1
712030.0,UNIVERSITAS NEGERI MAKASSAR,ARSITEKTUR,Prov. Sulawesi Selatan,Kota Makassar,UNM,Arsitektur,"Matematika, Fisika",32.0,197.0,44.0,343.0,533.03,85.4,S1
712031.0,UNIVERSITAS NEGERI MAKASSAR,MESIN OTOMOTIF,Prov. Sulawesi Selatan,Kota Makassar,UNM,Teknik atau rekayasa,"Fisika, Matematika Tingkat Lanjut, Matematika",11.0,38.0,15.0,63.0,517.45,84.62,D4
712032.0,UNIVERSITAS NEGERI MAKASSAR,TEKNIK ELEKTRONIKA,Prov. Sulawesi Selatan,Kota Makassar,UNM,Teknik atau rekayasa,"Fisika, Matematika Tingkat Lanjut, Matematika",10.0,24.0,16.0,46.0,512.67,84.38,D4
712033.0,UNIVERSITAS NEGERI MAKASSAR,TEKNIK MESIN,Prov. Sulawesi Selatan,Kota Makassar,UNM,Teknik atau rekayasa,"Fisika, Matematika Tingkat Lanjut, Matematika",32.0,75.0,44.0,146.0,526.84,85.09,D4
712034.0,UNIVERSITAS NEGERI MAKASSAR,TEKNIK ELEKTRO,Prov. Sulawesi Selatan,Kota Makassar,UNM,Teknik atau rekayasa,"Fisika, Matematika Tingkat Lanjut, Matematika",43.0,110.0,59.0,182.0,527.15,85.11,D4
712035.0,UNIVERSITAS NEGERI MAKASSAR,TEKNIK SIPIL BANGUNAN GEDUNG,Prov. Sulawesi Selatan,Kota Makassar,UNM,Teknik atau rekayasa,"Fisika, Matematika Tingkat Lanjut, Matematika",54.0,174.0,73.0,321.0,511.85,84.34,D4
712036.0,UNIVERSITAS NEGERI MAKASSAR,FISIOTERAPI,Prov. Sulawesi Selatan,Kota Makassar,UNM,Keperawatan,"Biologi, Matematika",37.0,162.0,64.0,306.0,512.25,84.36,S1
712037.0,UNIVERSITAS NEGERI MAKASSAR,PENDIDIKAN GEOGRAFI,Prov. Sulawesi Selatan,Kota Makassar,UNM,Pendidikan Geografi,Geografi,22.0,161.0,30.0,137.0,499.1,83.71,S1
712038.0,UNIVERSITAS NEGERI MAKASSAR,PENDIDIKAN KESEJAHTERAAN KELUARGA,Prov. Sulawesi Selatan,Kota Makassar,UNM,Pendidikan Kesejahteraan Keluarga,"Seni Budaya, Biologi",43.0,212.0,59.0,288.0,502.53,83.88,S1
712039.0,UNIVERSITAS NEGERI MAKASSAR,PENDIDIKAN JASMANI KESEHATAN DAN REKREASI,Prov. Sulawesi Selatan,Kota Makassar,UNM,Pendidikan Jasmani Kesehatan,"Pendidikan Jasmani, Biologi",152.0,208.0,215.0,574.0,495.65,83.53,S1
712040.0,UNIVERSITAS NEGERI MAKASSAR,PENDIDIKAN KEPELATIHAN OLAHRAGA,Prov. Sulawesi Selatan,Kota Makassar,UNM,Pendidikan Jasmani Kesehatan,"Pendidikan Jasmani, Biologi",50.0,95.0,64.0,274.0,495.23,83.51,S1
712041.0,UNIVERSITAS NEGERI MAKASSAR,ADMINISTRASI PENDIDIKAN,Prov. Sulawesi Selatan,Kota Makassar,UNM,Manajemen Pendidikan,"Ekonomi, Sosiologi",35.0,223.0,47.0,324.0,513.77,84.44,S1
712042.0,UNIVERSITAS NEGERI MAKASSAR,TEKNOLOGI PENDIDIKAN,Prov. Sulawesi Selatan,Kota Makassar,UNM,Pendidikan Informatika,"Matematika Tingkat Lanjut, Matematika",23.0,104.0,32.0,144.0,514.35,84.47,S1
712043.0,UNIVERSITAS NEGERI MAKASSAR,PENDIDIKAN BIMBINGAN DAN KONSELING,Prov. Sulawesi Selatan,Kota Makassar,UNM,Psikologi,"Sosiologi, Matematika",35.0,802.0,47.0,1165.0,499.91,83.75,S1
712044.0,UNIVERSITAS NEGERI MAKASSAR,PENDIDIKAN LUAR SEKOLAH,Prov. Sulawesi Selatan,Kota Makassar,UNM,Pendidikan Luar Sekolah,"Bahasa Indonesia, Matematika",23.0,18.0,32.0,59.0,499.13,83.71,S1
712045.0,UNIVERSITAS NEGERI MAKASSAR,PENDIDIKAN LUAR BIASA,Prov. Sulawesi Selatan,Kota Makassar,UNM,Pendidikan Luar Sekolah,"Bahasa Indonesia, Matematika",35.0,64.0,47.0,74.0,499.21,83.71,S1
712046.0,UNIVERSITAS NEGERI MAKASSAR,PENDIDIKAN BAHASA DAN SASTRA INDONESIA,Prov. Sulawesi Selatan,Kota Makassar,UNM,Pendidikan Bahasa Indonesia,Bahasa Indonesia,59.0,397.0,105.0,524.0,502.11,83.86,S1
712047.0,UNIVERSITAS NEGERI MAKASSAR,PENDIDIKAN BAHASA INGGRIS,Prov. Sulawesi Selatan,Kota Makassar,UNM,Pendidikan Bahasa Inggris,Bahasa Inggris,82.0,454.0,110.0,509.0,507.95,84.15,S1
712048.0,UNIVERSITAS NEGERI MAKASSAR,SASTRA INDONESIA,Prov. Sulawesi Selatan,Kota Makassar,UNM,Susastra atau Sastra,"Bahasa Indonesia, Bahasa Inggris, Bahasa Asing Lainnya",29.0,90.0,53.0,131.0,512.94,84.4,S1
712049.0,UNIVERSITAS NEGERI MAKASSAR,SASTRA INGGRIS,Prov. Sulawesi Selatan,Kota Makassar,UNM,Susastra atau Sastra,"Bahasa Indonesia, Bahasa Inggris, Bahasa Asing Lainnya",49.0,321.0,88.0,472.0,529.84,85.24,S1
712050.0,UNIVERSITAS NEGERI MAKASSAR,PENDIDIKAN BAHASA JERMAN,Prov. Sulawesi Selatan,Kota Makassar,UNM,Pendidikan Bahasa Jerman,"Bahasa Indoneisa, Bahasa Jerman",20.0,31.0,35.0,29.0,501.31,83.82,S1
712051.0,UNIVERSITAS NEGERI MAKASSAR,PENDIDIKAN PANCASILA DAN KEWARGANEGARAAN,Prov. Sulawesi Selatan,Kota Makassar,UNM,Pendidikan Pancasila,Pendidikan Pancasila,28.0,188.0,35.0,244.0,498.95,83.7,S1
712052.0,UNIVERSITAS NEGERI MAKASSAR,PENDIDIKAAN SOSIOLOGI,Prov. Sulawesi Selatan,Kota Makassar,UNM,Pendidikan Sosiologi,Sosiologi,28.0,254.0,35.0,282.0,503.6,83.93,S1
712053.0,UNIVERSITAS NEGERI MAKASSAR,PENDIDIKAN SEJARAH,Prov. Sulawesi Selatan,Kota Makassar,UNM,Pendidikan Sejarah,Sejarah,28.0,204.0,35.0,245.0,501.12,83.81,S1
712054.0,UNIVERSITAS NEGERI MAKASSAR,MANAJEMEN,Prov. Sulawesi Selatan,Kota Makassar,UNM,Ilmu atau Sains Manajemen,"Ekonomi, Matematika",93.0,1817.0,126.0,2408.0,610.42,89.27,S1
712055.0,UNIVERSITAS NEGERI MAKASSAR,SOSIOLOGI,Prov. Sulawesi Selatan,Kota Makassar,UNM,Studi Humanitas,"Sosiologi, Pendidikan Pancasila, Antropologi",28.0,140.0,35.0,236.0,523.75,84.94,S1
712056.0,UNIVERSITAS NEGERI MAKASSAR,PSIKOLOGI,Prov. Sulawesi Selatan,Kota Makassar,UNM,Psikologi,"Sosiologi, Matematika",95.0,106.0,126.0,1566.0,610.5,89.28,S1
712057.0,UNIVERSITAS NEGERI MAKASSAR,PENDIDIKAN GURU SD KAMPUS MAKASAR,Prov. Sulawesi Selatan,Kota Makassar,UNM,Pendidikan SD,"Matematika, Bahasa Indonesia",94.0,1122.0,125.0,1439.0,502.96,83.9,S1
712058.0,UNIVERSITAS NEGERI MAKASSAR,PENDIDIKAN GURU PAUD,Prov. Sulawesi Selatan,Kota Makassar,UNM,Pendidikan PAUD,"Matematika, Bahasa Indonesia",35.0,225.0,47.0,294.0,501.21,83.81,S1
712059.0,UNIVERSITAS NEGERI MAKASSAR,PENDIDIKAN GURU SD KAMPUS BONE,Prov. Sulawesi Selatan,Kota Makassar,UNM,Pendidikan SD,"Matematika, Bahasa Indonesia",59.0,236.0,78.0,220.0,490.29,83.26,S1
712060.0,UNIVERSITAS NEGERI MAKASSAR,PENDIDIKAN GURU SD KAMPUS PARE-PARE,Prov. Sulawesi Selatan,Kota Makassar,UNM,Pendidikan SD,"Matematika, Bahasa Indonesia",46.0,208.0,64.0,215.0,487.21,83.11,S1
712061.0,UNIVERSITAS NEGERI MAKASSAR,PENDIDIKAN IPS,Prov. Sulawesi Selatan,Kota Makassar,UNM,Pendidikan IPS,"Ekonomi, Sosiologi, Geografi",25.0,97.0,36.0,148.0,503.39,83.92,S1
712062.0,UNIVERSITAS NEGERI MAKASSAR,ADMINISTRASI NEGARA,Prov. Sulawesi Selatan,Kota Makassar,UNM,Administrasi Bisnis,"Ekonomi, Matematika",46.0,631.0,64.0,1073.0,520.23,84.76,S1
712063.0,UNIVERSITAS NEGERI MAKASSAR,PENDIDIKAN EKONOMI,Prov. Sulawesi Selatan,Kota Makassar,UNM,Pendidikan Ekonomi,Ekonomi,47.0,150.0,63.0,220.0,509.29,84.21,S1
712064.0,UNIVERSITAS NEGERI MAKASSAR,PENDIDIKAN GEOGRAFI (KLS INTERNASIONAL),Prov. Sulawesi Selatan,Kota Makassar,UNM,Pendidikan Geografi,Geografi,11.0,24.0,15.0,21.0,512.53,84.38,S1
712065.0,UNIVERSITAS NEGERI MAKASSAR,EKONOMI PEMBANGUNAN,Prov. Sulawesi Selatan,Kota Makassar,UNM,Ekonomi,"Ekonomi, Matematika",35.0,171.0,47.0,345.0,510.64,84.28,S1
712066.0,UNIVERSITAS NEGERI MAKASSAR,AKUNTANSI - S1,Prov. Sulawesi Selatan,Kota Makassar,UNM,Ilmu atau Sains Akuntansi,"Ekonomi, Matematika",58.0,834.0,79.0,1044.0,599.54,88.73,S1
712067.0,UNIVERSITAS NEGERI MAKASSAR,"PENDIDIKAN SENI DRAMA, TARI DAN MUSIK",Prov. Sulawesi Selatan,Kota Makassar,UNM,Pendidikan Seni,Seni Budaya,34.0,55.0,46.0,99.0,500.8,83.79,S1
712068.0,UNIVERSITAS NEGERI MAKASSAR,PENDIDIKAN SENI RUPA,Prov. Sulawesi Selatan,Kota Makassar,UNM,Pendidikan Seni,Seni Budaya,27.0,51.0,34.0,94.0,499.38,83.72,S1
712069.0,UNIVERSITAS NEGERI MAKASSAR,PENDIDIKAN GURU SD BILINGUAL,Prov. Sulawesi Selatan,Kota Makassar,UNM,Pendidikan SD,"Matematika, Bahasa Indonesia",20.0,89.0,35.0,134.0,503.96,83.95,S1
712070.0,UNIVERSITAS NEGERI MAKASSAR,SENI TARI,Prov. Sulawesi Selatan,Kota Makassar,UNM,Seni,Seni Budaya,13.0,16.0,17.0,39.0,488.45,83.17,S1
712071.0,UNIVERSITAS NEGERI MAKASSAR,PENDIDIKAN ADMINISTRASI PERKANTORAN,Prov. Sulawesi Selatan,Kota Makassar,UNM,Pendidikan Ekonomi,Ekonomi,36.0,475.0,48.0,683.0,495.59,83.53,S1
712073.0,UNIVERSITAS NEGERI MAKASSAR,PENDIDIKAN AKUNTANSI,Prov. Sulawesi Selatan,Kota Makassar,UNM,Pendidikan Ekonomi,Ekonomi,24.0,103.0,32.0,134.0,502.61,83.88,S1
712074.0,UNIVERSITAS NEGERI MAKASSAR,PENDIDIKAN ANTROPOLOGI,Prov. Sulawesi Selatan,Kota Makassar,UNM,Pendidikan Sosiologi,"Sosiologi, Antropologi",28.0,75.0,35.0,94.0,500.31,83.77,S1
712075.0,UNIVERSITAS NEGERI MAKASSAR,PENDIDIKAN BAHASA DAN SASTRA DAERAH,Prov. Sulawesi Selatan,Kota Makassar,UNM,Pendidikan Bahasa Daerah,Bahasa Indonesia,20.0,45.0,35.0,98.0,490.09,83.25,S1
712076.0,UNIVERSITAS NEGERI MAKASSAR,PENDIDIKAN BAHASA ARAB,Prov. Sulawesi Selatan,Kota Makassar,UNM,Pendidikan Bahasa Arab,"Bahasa Indonesia, Bahasa Arab",29.0,205.0,53.0,247.0,492.71,83.39,S1
712077.0,UNIVERSITAS NEGERI MAKASSAR,ADMINISTRASI BISNIS,Prov. Sulawesi Selatan,Kota Makassar,UNM,Administrasi Bisnis,"Ekonomi, Matematika",36.0,420.0,48.0,707.0,509.03,84.2,S1
712078.0,UNIVERSITAS NEGERI MAKASSAR,PENDIDIKAN BAHASA MANDARIN,Prov. Sulawesi Selatan,Kota Makassar,UNM,Pendidikan Bahasa Mandarin,"Bahasa Mandarin, Bahasa Indonesia",11.0,22.0,17.0,41.0,503.69,83.93,S1
712079.0,UNIVERSITAS NEGERI MAKASSAR,KEWIRAUSAHAAN,Prov. Sulawesi Selatan,Kota Makassar,UNM,Bisnis,"Ekonomi, Matematika",47.0,153.0,63.0,256.0,501.22,83.81,S1
712080.0,UNIVERSITAS NEGERI MAKASSAR,BISNIS DIGITAL,Prov. Sulawesi Selatan,Kota Makassar,UNM,Bisnis,"Ekonomi, Matematika",35.0,218.0,47.0,423.0,524.81,84.99,S1
712081.0,UNIVERSITAS NEGERI MAKASSAR,TATA BOGA,Prov. Sulawesi Selatan,Kota Makassar,UNM,Seni,Seni Budaya,22.0,120.0,29.0,171.0,508.07,84.15,D4
712082.0,UNIVERSITAS NEGERI MAKASSAR,AKUNTANSI - D4,Prov. Sulawesi Selatan,Kota Makassar,UNM,Ilmu atau Sains Akuntansi,"Ekonomi, Matematika",24.0,49.0,32.0,77.0,569.34,87.22,D4
712083.0,UNIVERSITAS NEGERI MAKASSAR,BAHASA INGGRIS,Prov. Sulawesi Selatan,Kota Makassar,UNM,Linguistik,"Bahasa Indonesia, Bahasa Inggris",20.0,40.0,35.0,51.0,499.29,83.71,D4
712092.0,UNIVERSITAS NEGERI MAKASSAR,TATA BUSANA,Prov. Sulawesi Selatan,Kota Makassar,UNM,Seni,Seni Budaya,11.0,0.0,15.0,0.0,0.0,0.0,D3
712093.0,UNIVERSITAS NEGERI MAKASSAR,HUKUM BISNIS,Prov. Sulawesi Selatan,Kota Makassar,UNM,Hukum,"Sosiologi, Pendidikan Pancasila",47.0,0.0,63.0,0.0,0.0,0.0,S1
713001.0,UNIVERSITAS ISLAM NEGERI ALAUDDIN,MATEMATIKA,Prov. Sulawesi Selatan,Kab Gowa,UIN ALAUDDIN,Matematika,"Matematika Tingkat Lanjut, Matematika",30.0,60.0,40.0,29.0,509.93,84.25,S1
713003.0,UNIVERSITAS ISLAM NEGERI ALAUDDIN,KIMIA,Prov. Sulawesi Selatan,Kab Gowa,UIN ALAUDDIN,Kimia,"Kimia, Matematika",30.0,40.0,40.0,28.0,508.58,84.18,S1
713006.0,UNIVERSITAS ISLAM NEGERI ALAUDDIN,TEKNIK PERENCANAAN WILAYAH DAN KOTA,Prov. Sulawesi Selatan,Kab Gowa,UIN ALAUDDIN,Perencanaan Wilayah,"Ekonomi, Matematika",30.0,128.0,40.0,168.0,510.47,84.27,S1
713007.0,UNIVERSITAS ISLAM NEGERI ALAUDDIN,TEKNIK ARSITEKTUR,Prov. Sulawesi Selatan,Kab Gowa,UIN ALAUDDIN,Teknik atau rekayasa,"Fisika, Matematika Tingkat Lanjut, Matematika",36.0,139.0,48.0,158.0,516.62,84.58,S1
713008.0,UNIVERSITAS ISLAM NEGERI ALAUDDIN,PETERNAKAN,Prov. Sulawesi Selatan,Kab Gowa,UIN ALAUDDIN,Peternakan,"Biologi, Matematika",30.0,69.0,40.0,48.0,501.08,83.8,S1
713015.0,UNIVERSITAS ISLAM NEGERI ALAUDDIN,SISTEM INFORMASI,Prov. Sulawesi Selatan,Kab Gowa,UIN ALAUDDIN,Ilmu atau Sains Informasi,"Matematika Tingkat Lanjut, Matematika",21.0,196.0,28.0,208.0,522.82,84.89,S1
713016.0,UNIVERSITAS ISLAM NEGERI ALAUDDIN,KEDOKTERAN,Prov. Sulawesi Selatan,Kab Gowa,UIN ALAUDDIN,Ilmu atau Sains Kedokteran,"Biologi, Kimia, Matematika",15.0,606.0,20.0,742.0,623.18,89.91,S1
713017.0,UNIVERSITAS ISLAM NEGERI ALAUDDIN,HUKUM,Prov. Sulawesi Selatan,Kab Gowa,UIN ALAUDDIN,Hukum,"Sosiologi, Pendidikan Pancasila",48.0,323.0,64.0,382.0,522.5,84.88,S1
713018.0,UNIVERSITAS ISLAM NEGERI ALAUDDIN,JURNALISTIK,Prov. Sulawesi Selatan,Kab Gowa,UIN ALAUDDIN,Ilmu atau Sains Komunikasi,"Sosiologi, Bahasa Indonesia, Antropologi",36.0,37.0,48.0,34.0,512.52,84.38,S1
713019.0,UNIVERSITAS ISLAM NEGERI ALAUDDIN,MANAJEMEN,Prov. Sulawesi Selatan,Kab Gowa,UIN ALAUDDIN,Ilmu atau Sains Manajemen,"Ekonomi, Matematika",40.0,463.0,53.0,420.0,531.35,85.32,S1
713024.0,UNIVERSITAS ISLAM NEGERI ALAUDDIN,AKUNTANSI,Prov. Sulawesi Selatan,Kab Gowa,UIN ALAUDDIN,Ilmu atau Sains Akuntansi,"Ekonomi, Matematika",40.0,224.0,53.0,185.0,528.42,85.17,S1
713025.0,UNIVERSITAS ISLAM NEGERI ALAUDDIN,EKONOMI,Prov. Sulawesi Selatan,Kab Gowa,UIN ALAUDDIN,Ekonomi,"Ekonomi, Matematika",40.0,178.0,53.0,167.0,509.97,84.25,S1
713031.0,UNIVERSITAS ISLAM NEGERI ALAUDDIN,ILMU POLITIK,Prov. Sulawesi Selatan,Kab Gowa,UIN ALAUDDIN,Sosial,"Sosiologi, Sejarah, Antropologi",24.0,53.0,32.0,49.0,512.47,84.37,S1
713034.0,UNIVERSITAS ISLAM NEGERI ALAUDDIN,ILMU KOMUNIKASI,Prov. Sulawesi Selatan,Kab Gowa,UIN ALAUDDIN,Ilmu atau Sains Komunikasi,"Sosiologi, Bahasa Indonesia, Antropologi",36.0,261.0,48.0,244.0,515.4,84.52,S1
713047.0,UNIVERSITAS ISLAM NEGERI ALAUDDIN,HUBUNGAN INTERNASIONAL,Prov. Sulawesi Selatan,Kab Gowa,UIN ALAUDDIN,Ilmu atau Sains Komunikasi,"Sosiologi, Bahasa Indonesia, Antropologi",30.0,99.0,40.0,97.0,516.14,84.56,S1
713048.0,UNIVERSITAS ISLAM NEGERI ALAUDDIN,ILMU KESEJAHTERAAN SOSIAL,Prov. Sulawesi Selatan,Kab Gowa,UIN ALAUDDIN,Studi Humanitas,"Sosiologi, Pendidikan Pancasila, Antropologi",36.0,79.0,48.0,55.0,506.59,84.08,S1
716001.0,POLITEKNIK NEGERI UJUNG PANDANG,PERANCANGAN BANGUNAN GEDUNG,Prov. Sulawesi Selatan,Kota Makassar,PNUP,Teknik atau rekayasa,"Fisika, Matematika Tingkat Lanjut, Matematika",0.0,65.0,0.0,162.0,501.61,83.83,D4
716002.0,POLITEKNIK NEGERI UJUNG PANDANG,JASA KONSTRUKSI,Prov. Sulawesi Selatan,Kota Makassar,PNUP,Teknik atau rekayasa,"Fisika, Matematika Tingkat Lanjut, Matematika",0.0,67.0,0.0,135.0,497.0,83.6,D4
716003.0,POLITEKNIK NEGERI UJUNG PANDANG,TEKNIK PEMBANGKIT ENERGI,Prov. Sulawesi Selatan,Kota Makassar,PNUP,Teknik atau rekayasa,"Fisika, Matematika Tingkat Lanjut, Matematika",0.0,36.0,0.0,90.0,498.63,83.68,D4
716004.0,POLITEKNIK NEGERI UJUNG PANDANG,TEKNOLOGI KIMIA INDUSTRI,Prov. Sulawesi Selatan,Kota Makassar,PNUP,Kimia,"Kimia, Matematika",0.0,70.0,0.0,100.0,488.15,83.16,D4
716005.0,POLITEKNIK NEGERI UJUNG PANDANG,TEKNIK MEKATRONIKA,Prov. Sulawesi Selatan,Kota Makassar,PNUP,Teknik atau rekayasa,"Fisika, Matematika Tingkat Lanjut, Matematika",0.0,32.0,0.0,89.0,496.58,83.58,D4
716006.0,POLITEKNIK NEGERI UJUNG PANDANG,TEKNIK MANUFAKTUR,Prov. Sulawesi Selatan,Kota Makassar,PNUP,Teknik atau rekayasa,"Fisika, Matematika Tingkat Lanjut, Matematika",0.0,26.0,0.0,70.0,502.64,83.88,D4
716007.0,POLITEKNIK NEGERI UJUNG PANDANG,TEKNIK MULTIMEDIA DAN JARINGAN,Prov. Sulawesi Selatan,Kota Makassar,PNUP,Teknik atau rekayasa,"Fisika, Matematika Tingkat Lanjut, Matematika",0.0,73.0,0.0,121.0,504.14,83.96,D4
716008.0,POLITEKNIK NEGERI UJUNG PANDANG,TEKNIK KOMPUTER DAN JARINGAN,Prov. Sulawesi Selatan,Kota Makassar,PNUP,Komputer,"Matematika Tingkat Lanjut, Matematika",0.0,136.0,0.0,284.0,505.36,84.02,D4
716009.0,POLITEKNIK NEGERI UJUNG PANDANG,TEKNIK LISTRIK - D4,Prov. Sulawesi Selatan,Kota Makassar,PNUP,Teknik atau rekayasa,"Fisika, Matematika Tingkat Lanjut, Matematika",0.0,119.0,0.0,251.0,493.4,83.42,D4
716010.0,POLITEKNIK NEGERI UJUNG PANDANG,TEKNIK REKAYASA JARINGAN TELEKOMUNIKASI,Prov. Sulawesi Selatan,Kota Makassar,PNUP,Teknik atau rekayasa,"Fisika, Matematika Tingkat Lanjut, Matematika",0.0,46.0,0.0,73.0,508.03,84.15,D4
716011.0,POLITEKNIK NEGERI UJUNG PANDANG,AKUNTANSI MANAJEMEN,Prov. Sulawesi Selatan,Kota Makassar,PNUP,Ilmu atau Sains Akuntansi,"Ekonomi, Matematika",0.0,118.0,0.0,157.0,500.64,83.78,D4
716012.0,POLITEKNIK NEGERI UJUNG PANDANG,ADMINISTRASI BISNIS - D4,Prov. Sulawesi Selatan,Kota Makassar,PNUP,Administrasi Bisnis,"Ekonomi, Matematika",0.0,114.0,0.0,249.0,496.21,83.56,D4
716013.0,POLITEKNIK NEGERI UJUNG PANDANG,ADMINISTRASI BISNIS - D3,Prov. Sulawesi Selatan,Kota Makassar,PNUP,Administrasi Bisnis,"Ekonomi, Matematika",0.0,0.0,0.0,0.0,0.0,0.0,D3
716014.0,POLITEKNIK NEGERI UJUNG PANDANG,TEKNIK KONSTRUKSI SIPIL,Prov. Sulawesi Selatan,Kota Makassar,PNUP,Teknik atau rekayasa,"Fisika, Matematika Tingkat Lanjut, Matematika",0.0,0.0,0.0,0.0,0.0,0.0,D3
716015.0,POLITEKNIK NEGERI UJUNG PANDANG,TEKNOLOGI REKAYASA KIMIA,Prov. Sulawesi Selatan,Kota Makassar,PNUP,Teknik atau rekayasa,"Fisika, Matematika Tingkat Lanjut, Matematika",0.0,0.0,0.0,0.0,0.0,0.0,D4
716016.0,POLITEKNIK NEGERI UJUNG PANDANG,ANALIS KIMIA,Prov. Sulawesi Selatan,Kota Makassar,PNUP,Kimia,"Kimia, Matematika",0.0,0.0,0.0,0.0,0.0,0.0,D3
716017.0,POLITEKNIK NEGERI UJUNG PANDANG,TEKNIK KONSTRUKSI GEDUNG,Prov. Sulawesi Selatan,Kota Makassar,PNUP,Teknik atau rekayasa,"Fisika, Matematika Tingkat Lanjut, Matematika",0.0,0.0,0.0,0.0,0.0,0.0,D3
716018.0,POLITEKNIK NEGERI UJUNG PANDANG,TEKNOLOGI KONVERSI ENERGI,Prov. Sulawesi Selatan,Kota Makassar,PNUP,Teknik atau rekayasa,"Fisika, Matematika Tingkat Lanjut, Matematika",0.0,0.0,0.0,0.0,0.0,0.0,D3
716019.0,POLITEKNIK NEGERI UJUNG PANDANG,AKUNTANSI,Prov. Sulawesi Selatan,Kota Makassar,PNUP,Ilmu atau Sains Akuntansi,"Ekonomi, Matematika",0.0,0.0,0.0,0.0,0.0,0.0,D3
716020.0,POLITEKNIK NEGERI UJUNG PANDANG,TEKNIK ELEKTRONIKA,Prov. Sulawesi Selatan,Kota Makassar,PNUP,Teknik atau rekayasa,"Fisika, Matematika Tingkat Lanjut, Matematika",0.0,0.0,0.0,0.0,0.0,0.0,D3
716022.0,POLITEKNIK NEGERI UJUNG PANDANG,TEKNIK TELEKOMUNIKASI,Prov. Sulawesi Selatan,Kota Makassar,PNUP,Teknik atau rekayasa,"Fisika, Matematika Tingkat Lanjut, Matematika",0.0,0.0,0.0,0.0,0.0,0.0,D3
716023.0,POLITEKNIK NEGERI UJUNG PANDANG,TEKNIK MESIN,Prov. Sulawesi Selatan,Kota Makassar,PNUP,Teknik atau rekayasa,"Fisika, Matematika Tingkat Lanjut, Matematika",0.0,0.0,0.0,0.0,0.0,0.0,D3
716024.0,POLITEKNIK NEGERI UJUNG PANDANG,TEKNIK OTOMOTIF,Prov. Sulawesi Selatan,Kota Makassar,PNUP,Teknik atau rekayasa,"Fisika, Matematika Tingkat Lanjut, Matematika",0.0,0.0,0.0,0.0,0.0,0.0,D3
716025.0,POLITEKNIK NEGERI UJUNG PANDANG,TEKNIK LISTRIK - D3,Prov. Sulawesi Selatan,Kota Makassar,PNUP,Teknik atau rekayasa,"Fisika, Matematika Tingkat Lanjut, Matematika",0.0,0.0,0.0,0.0,0.0,0.0,D3
716026.0,POLITEKNIK NEGERI UJUNG PANDANG,PERAWATAN ALAT BERAT,Prov. Sulawesi Selatan,Kota Makassar,PNUP,Teknik atau rekayasa,"Fisika, Matematika Tingkat Lanjut, Matematika",0.0,0.0,0.0,0.0,0.0,0.0,D3
716029.0,POLITEKNIK NEGERI UJUNG PANDANG,TEKNIK KONVERSI ENERGI,Prov. Sulawesi Selatan,Kota Makassar,PNUP,Teknik atau rekayasa,"Fisika, Matematika Tingkat Lanjut, Matematika",0.0,0.0,0.0,0.0,0.0,0.0,D3
717001.0,POLITEKNIK PERTANIAN NEGERI PANGKAJENE KEPULAUAN,AGROINDUSTRI,Prov. Sulawesi Selatan,Kab Pangkajene Dan Kepulauan,PPNP,Ilmu dan Sains Pertanian,"Biologi, Matematika",20.0,73.0,32.0,72.0,488.02,83.15,D4
717002.0,POLITEKNIK PERTANIAN NEGERI PANGKAJENE KEPULAUAN,PENGELOLAAN PELABUHAN PERIKANAN,Prov. Sulawesi Selatan,Kab Pangkajene Dan Kepulauan,PPNP,Ilmu atau Sains Perikanan,"Biologi, Matematika",11.0,30.0,14.0,29.0,483.77,82.94,D4
717003.0,POLITEKNIK PERTANIAN NEGERI PANGKAJENE KEPULAUAN,AGROBISNIS PETERNAKAN,Prov. Sulawesi Selatan,Kab Pangkajene Dan Kepulauan,PPNP,Peternakan,"Biologi, Matematika",21.0,28.0,28.0,29.0,495.6,83.53,D4
717004.0,POLITEKNIK PERTANIAN NEGERI PANGKAJENE KEPULAUAN,TEKNOLOGI PEMBENIHAN IKAN,Prov. Sulawesi Selatan,Kab Pangkajene Dan Kepulauan,PPNP,Ilmu atau Sains Perikanan,"Biologi, Matematika",11.0,18.0,14.0,12.0,487.85,83.14,D4
717005.0,POLITEKNIK PERTANIAN NEGERI PANGKAJENE KEPULAUAN,TEKNOLOGI PRODUKSI TANAMAN PANGAN,Prov. Sulawesi Selatan,Kab Pangkajene Dan Kepulauan,PPNP,"Teknologi Pangan, Teknologi Hasil Pertanian/ Peternakan/ Perikanan","Kimia, Biologi, Matematika",11.0,23.0,14.0,15.0,499.53,83.73,D4
717006.0,POLITEKNIK PERTANIAN NEGERI PANGKAJENE KEPULAUAN,TEKNOLOGI PAKAN TERNAK,Prov. Sulawesi Selatan,Kab Pangkajene Dan Kepulauan,PPNP,Ilmu atau Sains Veteriner,"Biologi, Kimia, Matematika",11.0,3.0,14.0,4.0,498.8,83.69,D4
717007.0,POLITEKNIK PERTANIAN NEGERI PANGKAJENE KEPULAUAN,TEKNOLOGI PRODUKSI TANAMAN HORTIKULTURA,Prov. Sulawesi Selatan,Kab Pangkajene Dan Kepulauan,PPNP,Ilmu dan Sains Pertanian,"Biologi, Matematika",11.0,11.0,14.0,7.0,501.71,83.84,D4
717008.0,POLITEKNIK PERTANIAN NEGERI PANGKAJENE KEPULAUAN,PENGELOLAAN PERKEBUNAN KOPI,Prov. Sulawesi Selatan,Kab Pangkajene Dan Kepulauan,PPNP,Sains Perkopian,"Biologi, Matematika",11.0,4.0,14.0,7.0,492.89,83.39,D4
717009.0,POLITEKNIK PERTANIAN NEGERI PANGKAJENE KEPULAUAN,TEKNOLOGI BUDIDAYA PERIKANAN,Prov. Sulawesi Selatan,Kab Pangkajene Dan Kepulauan,PPNP,Ilmu atau Sains Perikanan,"Biologi, Matematika",21.0,0.0,28.0,32.0,487.85,83.14,D4
717010.0,POLITEKNIK PERTANIAN NEGERI PANGKAJENE KEPULAUAN,TEKNOLOGI PRODUKSI TANAMAN PERKEBUNAN,Prov. Sulawesi Selatan,Kab Pangkajene Dan Kepulauan,PPNP,"Teknologi Pangan, Teknologi Hasil Pertanian/ Peternakan/ Perikanan","Kimia, Biologi, Matematika",21.0,0.0,28.0,23.0,510.99,84.3,D4
717011.0,POLITEKNIK PERTANIAN NEGERI PANGKAJENE KEPULAUAN,PENGOLAHAN DAN PENYIMPANAN HASIL PERIKANAN,Prov. Sulawesi Selatan,Kab Pangkajene Dan Kepulauan,PPNP,"Teknologi Pangan, Teknologi Hasil Pertanian/ Peternakan/ Perikanan","Kimia, Biologi, Matematika",21.0,0.0,28.0,11.0,503.17,83.91,D4
717012.0,POLITEKNIK PERTANIAN NEGERI PANGKAJENE KEPULAUAN,AGROBISNIS PERIKANAN,Prov. Sulawesi Selatan,Kab Pangkajene Dan Kepulauan,PPNP,Ilmu dan Sains Pertanian,"Biologi, Matematika",21.0,0.0,28.0,66.0,502.25,83.86,D4
717013.0,POLITEKNIK PERTANIAN NEGERI PANGKAJENE KEPULAUAN,ADMINISTRASI BISNIS,Prov. Sulawesi Selatan,Kab Pangkajene Dan Kepulauan,PPNP,Administrasi Bisnis,"Ekonomi, Matematika",11.0,81.0,14.0,56.0,489.78,83.24,D4
717017.0,POLITEKNIK PERTANIAN NEGERI PANGKAJENE KEPULAUAN,PENANGKAPAN IKAN,Prov. Sulawesi Selatan,Kab Pangkajene Dan Kepulauan,PPNP,Ilmu atau Sains Perikanan,"Biologi, Matematika",11.0,0.0,14.0,0.0,0.0,0.0,D3
717018.0,POLITEKNIK PERTANIAN NEGERI PANGKAJENE KEPULAUAN,TEKNIK KELAUTAN,Prov. Sulawesi Selatan,Kab Pangkajene Dan Kepulauan,PPNP,Teknik atau rekayasa,"Fisika, Matematika Tingkat Lanjut, Matematika",11.0,0.0,14.0,0.0,0.0,0.0,D3
718001.0,INSTITUT TEKNOLOGI BJ. HABIBIE SULAWESI SELATAN,ILMU KOMPUTER,Prov. Sulawesi Selatan,Kab Pangkajene Dan Kepulauan,PPNP,Komputer,"Matematika Tingkat Lanjut, Matematika",36.0,0.0,72.0,0.0,0.0,0.0,S1
718002.0,INSTITUT TEKNOLOGI BJ. HABIBIE SULAWESI SELATAN,SISTEM INFORMASI,Prov. Sulawesi Selatan,Kab Pangkajene Dan Kepulauan,PPNP,Ilmu atau Sains Informasi,"Matematika Tingkat Lanjut, Matematika",36.0,0.0,72.0,0.0,0.0,0.0,S1
718003.0,INSTITUT TEKNOLOGI BJ. HABIBIE SULAWESI SELATAN,MATEMATIKA,Prov. Sulawesi Selatan,Kab Pangkajene Dan Kepulauan,PPNP,Matematika,"Matematika Tingkat Lanjut, Matematika",16.0,0.0,24.0,0.0,0.0,0.0,S1
721001.0,UNIVERSITAS SAM RATULANGI,KEDOKTERAN,Prov. Sulawesi Utara,Kota Manado,UNSRAT,Ilmu atau Sains Kedokteran,"Biologi, Kimia, Matematika",44.0,874.0,110.0,175.0,638.82,90.69,S1
721002.0,UNIVERSITAS SAM RATULANGI,KEDOKTERAN GIGI,Prov. Sulawesi Utara,Kota Manado,UNSRAT,Ilmu atau Sains Kedokteran Gigi,"Biologi, Kimia, Matematika",7.0,153.0,17.0,322.0,558.46,86.67,S1
721003.0,UNIVERSITAS SAM RATULANGI,KESEHATAN MASYARAKAT,Prov. Sulawesi Utara,Kota Manado,UNSRAT,Kesehatan Masyarakat,"Biologi, Matematika, Sosiologi",50.0,347.0,125.0,524.0,550.76,86.29,S1
721004.0,UNIVERSITAS SAM RATULANGI,KEPERAWATAN,Prov. Sulawesi Utara,Kota Manado,UNSRAT,Keperawatan,"Biologi, Matematika",30.0,302.0,75.0,427.0,566.27,87.06,S1
721005.0,UNIVERSITAS SAM RATULANGI,TEKNIK ELEKTRO,Prov. Sulawesi Utara,Kota Manado,UNSRAT,Teknik atau rekayasa,"Fisika, Matematika Tingkat Lanjut, Matematika",18.0,62.0,44.0,101.0,566.22,87.06,S1
721006.0,UNIVERSITAS SAM RATULANGI,TEKNIK MESIN,Prov. Sulawesi Utara,Kota Manado,UNSRAT,Teknik atau rekayasa,"Fisika, Matematika Tingkat Lanjut, Matematika",12.0,31.0,30.0,78.0,568.18,87.16,S1
721007.0,UNIVERSITAS SAM RATULANGI,TEKNIK SIPIL,Prov. Sulawesi Utara,Kota Manado,UNSRAT,Teknik atau rekayasa,"Fisika, Matematika Tingkat Lanjut, Matematika",28.0,267.0,69.0,429.0,566.54,87.08,S1
721008.0,UNIVERSITAS SAM RATULANGI,ARSITEKTUR,Prov. Sulawesi Utara,Kota Manado,UNSRAT,Arsitektur,"Matematika, Fisika",19.0,106.0,46.0,171.0,565.77,87.04,S1
721009.0,UNIVERSITAS SAM RATULANGI,PERENCANAAN WILAYAH DAN KOTA,Prov. Sulawesi Utara,Kota Manado,UNSRAT,Perencanaan Wilayah,"Ekonomi, Matematika",18.0,67.0,44.0,120.0,565.26,87.01,S1
721010.0,UNIVERSITAS SAM RATULANGI,TEKNIK PERTANIAN,Prov. Sulawesi Utara,Kota Manado,UNSRAT,Teknik atau rekayasa,"Fisika, Matematika Tingkat Lanjut, Matematika",16.0,54.0,40.0,67.0,566.89,87.09,S1
721011.0,UNIVERSITAS SAM RATULANGI,TEKNOLOGI PANGAN,Prov. Sulawesi Utara,Kota Manado,UNSRAT,"Teknologi Pangan, Teknologi Hasil Pertanian/ Peternakan/ Perikanan","Kimia, Biologi, Matematika",12.0,17.0,30.0,36.0,537.4,85.62,S1
721012.0,UNIVERSITAS SAM RATULANGI,MATEMATIKA,Prov. Sulawesi Utara,Kota Manado,UNSRAT,Matematika,"Matematika Tingkat Lanjut, Matematika",24.0,32.0,60.0,33.0,514.07,84.45,S1
721013.0,UNIVERSITAS SAM RATULANGI,FISIKA,Prov. Sulawesi Utara,Kota Manado,UNSRAT,Fisika,"Fisika, Matematika",10.0,7.0,25.0,12.0,511.42,84.32,S1
721014.0,UNIVERSITAS SAM RATULANGI,BIOLOGI,Prov. Sulawesi Utara,Kota Manado,UNSRAT,Biologi,"Biologi, Matematika",14.0,27.0,33.0,51.0,512.49,84.37,S1
721015.0,UNIVERSITAS SAM RATULANGI,KIMIA,Prov. Sulawesi Utara,Kota Manado,UNSRAT,Kimia,"Kimia, Matematika",14.0,19.0,35.0,18.0,512.1,84.36,S1
721016.0,UNIVERSITAS SAM RATULANGI,AGROBISNIS,Prov. Sulawesi Utara,Kota Manado,UNSRAT,Ilmu dan Sains Pertanian,"Biologi, Matematika",43.0,101.0,108.0,111.0,523.94,84.95,S1
721017.0,UNIVERSITAS SAM RATULANGI,AGROEKOTEKNOLOGI,Prov. Sulawesi Utara,Kota Manado,UNSRAT,Ilmu dan Sains Pertanian,"Biologi, Matematika",12.0,39.0,30.0,30.0,512.25,84.36,S1
721018.0,UNIVERSITAS SAM RATULANGI,PETERNAKAN,Prov. Sulawesi Utara,Kota Manado,UNSRAT,Peternakan,"Biologi, Matematika",44.0,30.0,110.0,74.0,510.08,84.25,S1
721019.0,UNIVERSITAS SAM RATULANGI,ILMU KELAUTAN,Prov. Sulawesi Utara,Kota Manado,UNSRAT,Ilmu atau Sains Kelautan,"Biologi, Matematika, Geografi",22.0,23.0,55.0,48.0,510.44,84.27,S1
721020.0,UNIVERSITAS SAM RATULANGI,MANAJEMEN SUMBERDAYA PERAIRAN,Prov. Sulawesi Utara,Kota Manado,UNSRAT,"Bioteknologi, Biokewirausaha an, Bioinformatika","Biologi, Matematika",10.0,6.0,25.0,12.0,513.04,84.4,S1
721021.0,UNIVERSITAS SAM RATULANGI,BUDIDAYA PERAIRAN,Prov. Sulawesi Utara,Kota Manado,UNSRAT,"Bioteknologi, Biokewirausaha an, Bioinformatika","Biologi, Matematika",10.0,1.0,25.0,11.0,518.25,84.66,S1
721022.0,UNIVERSITAS SAM RATULANGI,TEKNOLOGI HASIL PERIKANAN,Prov. Sulawesi Utara,Kota Manado,UNSRAT,"Teknologi Pangan, Teknologi Hasil Pertanian/ Peternakan/ Perikanan","Kimia, Biologi, Matematika",10.0,6.0,25.0,8.0,537.91,85.65,S1
721023.0,UNIVERSITAS SAM RATULANGI,AGROBISNIS PERIKANAN,Prov. Sulawesi Utara,Kota Manado,UNSRAT,Ilmu atau Sains Perikanan,"Biologi, Matematika",15.0,3.0,38.0,9.0,516.67,84.58,S1
721024.0,UNIVERSITAS SAM RATULANGI,PEMANFAATAN SUMBERDAYA PERIKANAN,Prov. Sulawesi Utara,Kota Manado,UNSRAT,Ilmu atau Sains Perikanan,"Biologi, Matematika",10.0,5.0,25.0,7.0,509.13,84.21,S1
721025.0,UNIVERSITAS SAM RATULANGI,KEHUTANAN,Prov. Sulawesi Utara,Kota Manado,UNSRAT,Kehutanan,"Biologi, Matematika",12.0,32.0,30.0,50.0,518.27,84.66,S1
721026.0,UNIVERSITAS SAM RATULANGI,INFORMATIKA,Prov. Sulawesi Utara,Kota Manado,UNSRAT,Ilmu atau Sains Informasi,"Matematika Tingkat Lanjut, Matematika",24.0,348.0,60.0,599.0,626.36,90.07,S1
721027.0,UNIVERSITAS SAM RATULANGI,FARMASI,Prov. Sulawesi Utara,Kota Manado,UNSRAT,Ilmu Farmasi,"Biologi, Kimia, Matematika",20.0,468.0,48.0,708.0,591.43,88.32,S1
721028.0,UNIVERSITAS SAM RATULANGI,TEKNIK LINGKUNGAN,Prov. Sulawesi Utara,Kota Manado,UNSRAT,Ilmu atau Sains Lingkungan,"Biologi, Matematika",8.0,14.0,20.0,40.0,512.93,84.4,S1
721029.0,UNIVERSITAS SAM RATULANGI,SISTEM INFORMASI,Prov. Sulawesi Utara,Kota Manado,UNSRAT,Ilmu atau Sains Informasi,"Matematika Tingkat Lanjut, Matematika",18.0,77.0,45.0,137.0,524.02,84.95,S1
721030.0,UNIVERSITAS SAM RATULANGI,ILMU TANAH,Prov. Sulawesi Utara,Kota Manado,UNSRAT,Ilmu atau Sains Lingkungan,"Biologi, Matematika",12.0,12.0,30.0,20.0,516.06,84.55,S1
721031.0,UNIVERSITAS SAM RATULANGI,AGRONOMI,Prov. Sulawesi Utara,Kota Manado,UNSRAT,Ilmu dan Sains Pertanian,"Biologi, Matematika",10.0,16.0,25.0,10.0,513.52,84.43,S1
721032.0,UNIVERSITAS SAM RATULANGI,PROTEKSI TANAMAN,Prov. Sulawesi Utara,Kota Manado,UNSRAT,"Konservasi Biologi, Konservasi Hewan Liar, Konservasi Hewan Liar dan Hutan, Konservasi Hutan, Konservasi Sumber Daya Alam","Biologi, Matematika",10.0,13.0,25.0,5.0,517.48,84.62,S1
721033.0,UNIVERSITAS SAM RATULANGI,EKONOMI PEMBANGUNAN,Prov. Sulawesi Utara,Kota Manado,UNSRAT,Ekonomi,"Ekonomi, Matematika",33.0,74.0,83.0,120.0,515.42,84.52,S1
721034.0,UNIVERSITAS SAM RATULANGI,MANAJEMEN,Prov. Sulawesi Utara,Kota Manado,UNSRAT,Ilmu atau Sains Manajemen,"Ekonomi, Matematika",92.0,624.0,230.0,781.0,550.54,86.28,S1
721035.0,UNIVERSITAS SAM RATULANGI,AKUNTANSI,Prov. Sulawesi Utara,Kota Manado,UNSRAT,Ilmu atau Sains Akuntansi,"Ekonomi, Matematika",60.0,348.0,150.0,363.0,535.87,85.54,S1
721036.0,UNIVERSITAS SAM RATULANGI,ADMINISTRASI NEGARA,Prov. Sulawesi Utara,Kota Manado,UNSRAT,Administrasi Bisnis,"Ekonomi, Matematika",22.0,183.0,55.0,202.0,514.64,84.48,S1
721037.0,UNIVERSITAS SAM RATULANGI,ADMINISTRASI BISNIS,Prov. Sulawesi Utara,Kota Manado,UNSRAT,Administrasi Bisnis,"Ekonomi, Matematika",22.0,200.0,55.0,217.0,513.95,84.45,S1
721038.0,UNIVERSITAS SAM RATULANGI,ILMU PEMERINTAHAN,Prov. Sulawesi Utara,Kota Manado,UNSRAT,Urusan Publik,"Sosiologi, Pendidikan Pancasila",22.0,159.0,55.0,173.0,514.18,84.46,S1
721039.0,UNIVERSITAS SAM RATULANGI,ILMU POLITIK,Prov. Sulawesi Utara,Kota Manado,UNSRAT,Sosial,"Sosiologi, Sejarah, Antropologi",17.0,74.0,42.0,63.0,525.84,85.04,S1
721040.0,UNIVERSITAS SAM RATULANGI,SOSIOLOGI,Prov. Sulawesi Utara,Kota Manado,UNSRAT,Studi Humanitas,"Sosiologi, Pendidikan Pancasila, Antropologi",11.0,45.0,28.0,61.0,525.17,85.01,S1
721041.0,UNIVERSITAS SAM RATULANGI,ILMU KOMUNIKASI,Prov. Sulawesi Utara,Kota Manado,UNSRAT,Ilmu atau Sains Komunikasi,"Sosiologi, Bahasa Indonesia, Antropologi",22.0,245.0,55.0,304.0,538.16,85.66,S1
721042.0,UNIVERSITAS SAM RATULANGI,PERPUSTAKAAN,Prov. Sulawesi Utara,Kota Manado,UNSRAT,Ilmu atau Sains Komunikasi,"Sosiologi, Bahasa Indonesia, Antropologi",10.0,12.0,25.0,24.0,528.54,85.18,S1
721043.0,UNIVERSITAS SAM RATULANGI,HUKUM,Prov. Sulawesi Utara,Kota Manado,UNSRAT,Hukum,"Sosiologi, Pendidikan Pancasila",160.0,557.0,400.0,730.0,522.61,84.88,S1
721044.0,UNIVERSITAS SAM RATULANGI,SASTRA INDONESIA,Prov. Sulawesi Utara,Kota Manado,UNSRAT,Susastra atau Sastra,"Bahasa Indonesia, Bahasa Inggris, Bahasa Asing Lainnya",8.0,33.0,20.0,30.0,499.89,83.74,S1
721045.0,UNIVERSITAS SAM RATULANGI,SASTRA INGGRIS,Prov. Sulawesi Utara,Kota Manado,UNSRAT,Susastra atau Sastra,"Bahasa Indonesia, Bahasa Inggris, Bahasa Asing Lainnya",44.0,130.0,110.0,148.0,511.56,84.33,S1
721046.0,UNIVERSITAS SAM RATULANGI,SASTRA JERMAN,Prov. Sulawesi Utara,Kota Manado,UNSRAT,Susastra atau Sastra,"Bahasa Indonesia, Bahasa Inggris, Bahasa Asing Lainnya",6.0,14.0,15.0,12.0,507.91,84.15,S1
721047.0,UNIVERSITAS SAM RATULANGI,SEJARAH,Prov. Sulawesi Utara,Kota Manado,UNSRAT,Sejarah,Sejarah,6.0,12.0,15.0,16.0,498.54,83.68,S1
721048.0,UNIVERSITAS SAM RATULANGI,ANTROPOLOGI SOSIAL,Prov. Sulawesi Utara,Kota Manado,UNSRAT,Studi Humanitas,"Sosiologi, Pendidikan Pancasila, Antropologi",10.0,21.0,25.0,28.0,503.91,83.95,S1
722001.0,UNIVERSITAS NEGERI MANADO,PENDIDIKAN BIOLOGI,Prov. Sulawesi Utara,Kab Minahasa,UNIMA,Pendidikan Biologi,Biologi,30.0,33.0,40.0,45.0,489.16,83.21,S1
722002.0,UNIVERSITAS NEGERI MANADO,BIOLOGI,Prov. Sulawesi Utara,Kab Minahasa,UNIMA,Biologi,"Biologi, Matematika",15.0,13.0,20.0,16.0,492.42,83.37,S1
722003.0,UNIVERSITAS NEGERI MANADO,PENDIDIKAN KIMIA,Prov. Sulawesi Utara,Kab Minahasa,UNIMA,Pendidikan Kimia,Kimia,18.0,9.0,24.0,9.0,488.53,83.18,S1
722004.0,UNIVERSITAS NEGERI MANADO,KIMIA,Prov. Sulawesi Utara,Kab Minahasa,UNIMA,Kimia,"Kimia, Matematika",12.0,8.0,16.0,9.0,489.43,83.22,S1
722005.0,UNIVERSITAS NEGERI MANADO,PENDIDIKAN FISIKA,Prov. Sulawesi Utara,Kab Minahasa,UNIMA,Pendidikan Fisika,Fisika,18.0,14.0,24.0,9.0,491.48,83.32,S1
722006.0,UNIVERSITAS NEGERI MANADO,FISIKA,Prov. Sulawesi Utara,Kab Minahasa,UNIMA,Fisika,"Fisika, Matematika",12.0,4.0,16.0,7.0,496.94,83.6,S1
722007.0,UNIVERSITAS NEGERI MANADO,PENDIDIKAN MATEMATIKA,Prov. Sulawesi Utara,Kab Minahasa,UNIMA,Pendidikan Matematika,"Matematika, Matematika Tingkat Lanjut",30.0,60.0,40.0,35.0,506.04,84.05,S1
722008.0,UNIVERSITAS NEGERI MANADO,PENDIDIKAN TEKNIK BANGUNAN,Prov. Sulawesi Utara,Kab Minahasa,UNIMA,Pendidikan Teknik,"Fisika, Matematika Tingkat Lanjut, Matematika",12.0,2.0,16.0,4.0,487.53,83.13,S1
722009.0,UNIVERSITAS NEGERI MANADO,PENDIDIKAN TEKNIK ELEKTRO,Prov. Sulawesi Utara,Kab Minahasa,UNIMA,Pendidikan Teknik,"Fisika, Matematika Tingkat Lanjut, Matematika",24.0,26.0,32.0,15.0,502.58,83.88,S1
722010.0,UNIVERSITAS NEGERI MANADO,PENDIDIKAN INFORMATIKA / KOMPUTER,Prov. Sulawesi Utara,Kab Minahasa,UNIMA,Pendidikan Informatika,"Matematika Tingkat Lanjut, Matematika",60.0,44.0,80.0,65.0,507.72,84.14,S1
722011.0,UNIVERSITAS NEGERI MANADO,PENDIDIKAN TEKNIK MESIN,Prov. Sulawesi Utara,Kab Minahasa,UNIMA,Pendidikan Teknik,"Fisika, Matematika Tingkat Lanjut, Matematika",24.0,8.0,32.0,10.0,504.71,83.99,S1
722012.0,UNIVERSITAS NEGERI MANADO,GEOGRAFI,Prov. Sulawesi Utara,Kab Minahasa,UNIMA,"Geografi, Geografi Lingkungan, Sains Informasi Geografi","Geografi, Matematika, Fisika",12.0,9.0,16.0,10.0,507.66,84.13,S1
722013.0,UNIVERSITAS NEGERI MANADO,ILMU KEOLAHRAGAAN,Prov. Sulawesi Utara,Kab Minahasa,UNIMA,Ilmu atau Sains Keolahragaan,"PJOK, Biologi",12.0,2.0,16.0,18.0,487.76,83.14,S1
722017.0,UNIVERSITAS NEGERI MANADO,PENDIDIKAN IPA,Prov. Sulawesi Utara,Kab Minahasa,UNIMA,Pendidikan IPA,"Matematika, Biologi",18.0,13.0,24.0,11.0,495.61,83.53,S1
722018.0,UNIVERSITAS NEGERI MANADO,ARSITEKTUR,Prov. Sulawesi Utara,Kab Minahasa,UNIMA,Arsitektur,"Matematika, Fisika",36.0,38.0,48.0,32.0,524.66,84.98,S1
722019.0,UNIVERSITAS NEGERI MANADO,TEKNIK INFORMATIKA,Prov. Sulawesi Utara,Kab Minahasa,UNIMA,Ilmu atau Sains Informasi,"Matematika Tingkat Lanjut, Matematika",42.0,178.0,56.0,183.0,603.02,88.9,S1
722020.0,UNIVERSITAS NEGERI MANADO,TEKNIK SIPIL - S1,Prov. Sulawesi Utara,Kab Minahasa,UNIMA,Teknik atau rekayasa,"Fisika, Matematika Tingkat Lanjut, Matematika",36.0,64.0,48.0,63.0,595.8,88.54,S1
722021.0,UNIVERSITAS NEGERI MANADO,KESEHATAN MASYARAKAT,Prov. Sulawesi Utara,Kab Minahasa,UNIMA,Kesehatan Masyarakat,"Biologi, Matematika, Sosiologi",48.0,181.0,64.0,181.0,527.49,85.12,S1
722022.0,UNIVERSITAS NEGERI MANADO,TEKNIK MESIN,Prov. Sulawesi Utara,Kab Minahasa,UNIMA,Teknik atau rekayasa,"Fisika, Matematika Tingkat Lanjut, Matematika",24.0,28.0,32.0,32.0,578.19,87.66,S1
722023.0,UNIVERSITAS NEGERI MANADO,PENDIDIKAN KESEJAHTERAAN KELUARGA,Prov. Sulawesi Utara,Kab Minahasa,UNIMA,Pendidikan Kesejahteraan Keluarga,"Seni Budaya, Biologi",12.0,6.0,16.0,6.0,492.86,83.39,S1
722024.0,UNIVERSITAS NEGERI MANADO,PENDIDIKAN BAHASA INDONESIA,Prov. Sulawesi Utara,Kab Minahasa,UNIMA,Pendidikan Bahasa Indonesia,Bahasa Indonesia,36.0,61.0,48.0,71.0,489.06,83.2,S1
722025.0,UNIVERSITAS NEGERI MANADO,PENDIDIKAN BAHASA INGGRIS,Prov. Sulawesi Utara,Kab Minahasa,UNIMA,Pendidikan Bahasa Inggris,Bahasa Inggris,30.0,72.0,40.0,61.0,498.58,83.68,S1
722026.0,UNIVERSITAS NEGERI MANADO,BAHASA DAN SASTRA INGGRIS,Prov. Sulawesi Utara,Kab Minahasa,UNIMA,Susastra atau Sastra,"Bahasa Indonesia, Bahasa Inggris, Bahasa Asing Lainnya",18.0,57.0,24.0,58.0,501.94,83.85,S1
722027.0,UNIVERSITAS NEGERI MANADO,PENDIDIKAN BAHASA JEPANG,Prov. Sulawesi Utara,Kab Minahasa,UNIMA,Pendidikan Bahsa Jepang,"Bahasa Indonesia, Bahasa Jepang",12.0,22.0,16.0,18.0,501.88,83.84,S1
722028.0,UNIVERSITAS NEGERI MANADO,PENDIDIKAN BAHASA JERMAN,Prov. Sulawesi Utara,Kab Minahasa,UNIMA,Pendidikan Bahasa Jerman,"Bahasa Indoneisa, Bahasa Jerman",9.0,4.0,12.0,5.0,503.25,83.91,S1
722029.0,UNIVERSITAS NEGERI MANADO,PENDIDIKAN BAHASA PERANCIS,Prov. Sulawesi Utara,Kab Minahasa,UNIMA,Pendidikan Bahasa Perancis,"Bahasa Indonesia, Bahasa Prancis",9.0,2.0,12.0,5.0,487.83,83.14,S1
722030.0,UNIVERSITAS NEGERI MANADO,PENDIDIKAN SENI MUSIK,Prov. Sulawesi Utara,Kab Minahasa,UNIMA,Pendidikan Seni,Seni Budaya,36.0,10.0,48.0,11.0,512.9,84.4,S1
722031.0,UNIVERSITAS NEGERI MANADO,PENDIDIKAN SENI RUPA,Prov. Sulawesi Utara,Kab Minahasa,UNIMA,Pendidikan Seni,Seni Budaya,15.0,8.0,20.0,3.0,495.23,83.51,S1
722032.0,UNIVERSITAS NEGERI MANADO,PENDIDIKAN PANCASILA DAN KEWARGANEGARAAN,Prov. Sulawesi Utara,Kab Minahasa,UNIMA,Pendidikan Pancasila,Pendidikan Pancasila,24.0,24.0,32.0,32.0,491.5,83.33,S1
722033.0,UNIVERSITAS NEGERI MANADO,PENDIDIKAN SEJARAH,Prov. Sulawesi Utara,Kab Minahasa,UNIMA,Pendidikan Sejarah,Sejarah,24.0,39.0,32.0,32.0,493.18,83.41,S1
722034.0,UNIVERSITAS NEGERI MANADO,PENDIDIKAN GEOGRAFI,Prov. Sulawesi Utara,Kab Minahasa,UNIMA,Pendidikan Geografi,Geografi,21.0,17.0,28.0,22.0,477.23,82.61,S1
722035.0,UNIVERSITAS NEGERI MANADO,ADMINISTRASI NEGARA,Prov. Sulawesi Utara,Kab Minahasa,UNIMA,Urusan Publik,"Sosiologi, Pendidikan Pancasila",60.0,111.0,80.0,139.0,510.74,84.29,S1
722036.0,UNIVERSITAS NEGERI MANADO,HUKUM,Prov. Sulawesi Utara,Kab Minahasa,UNIMA,Hukum,"Sosiologi, Pendidikan Pancasila",60.0,124.0,80.0,156.0,515.95,84.55,S1
722037.0,UNIVERSITAS NEGERI MANADO,PENDIDIKAN EKONOMI,Prov. Sulawesi Utara,Kab Minahasa,UNIMA,Pendidikan Ekonomi,Ekonomi,72.0,59.0,96.0,59.0,497.65,83.63,S1
722038.0,UNIVERSITAS NEGERI MANADO,MANAJEMEN,Prov. Sulawesi Utara,Kab Minahasa,UNIMA,Ilmu atau Sains Manajemen,"Ekonomi, Matematika",75.0,211.0,100.0,247.0,504.89,83.99,S1
722039.0,UNIVERSITAS NEGERI MANADO,PENDIDIKAN KEPELATIHAN OLAHRAGA,Prov. Sulawesi Utara,Kab Minahasa,UNIMA,Pendidikan Jasmani Kesehatan,"Pendidikan Jasmani, Biologi",36.0,8.0,48.0,14.0,504.04,83.95,S1
722040.0,UNIVERSITAS NEGERI MANADO,PENDIDIKAN JASMANI KESEHATAN DAN REKREASI,Prov. Sulawesi Utara,Kab Minahasa,UNIMA,Pendidikan Jasmani Kesehatan,"Pendidikan Jasmani, Biologi",36.0,8.0,48.0,21.0,507.49,84.12,S1
722041.0,UNIVERSITAS NEGERI MANADO,PENDIDIKAN LUAR SEKOLAH,Prov. Sulawesi Utara,Kab Minahasa,UNIMA,Pendidikan Luar Sekolah,"Bahasa Indonesia, Matematika",24.0,1.0,32.0,8.0,489.12,83.21,S1
722042.0,UNIVERSITAS NEGERI MANADO,PENDIDIKAN LUAR BIASA,Prov. Sulawesi Utara,Kab Minahasa,UNIMA,Pendidikan Luar Sekolah,"Bahasa Indonesia, Matematika",24.0,4.0,32.0,7.0,506.94,84.1,S1
722043.0,UNIVERSITAS NEGERI MANADO,PSIKOLOGI,Prov. Sulawesi Utara,Kab Minahasa,UNIMA,Psikologi,"Sosiologi, Matematika",48.0,177.0,64.0,203.0,589.0,88.2,S1
722044.0,UNIVERSITAS NEGERI MANADO,PENDIDIKAN GURU SD,Prov. Sulawesi Utara,Kab Minahasa,UNIMA,Pendidikan SD,"Matematika, Bahasa Indonesia",96.0,253.0,128.0,221.0,501.15,83.81,S1
722046.0,UNIVERSITAS NEGERI MANADO,AKUNTANSI,Prov. Sulawesi Utara,Kab Minahasa,UNIMA,Ilmu atau Sains Akuntansi,"Ekonomi, Matematika",72.0,110.0,96.0,102.0,586.4,88.07,S1
722047.0,UNIVERSITAS NEGERI MANADO,PENDIDIKAN BIMBINGAN DAN KONSELING,Prov. Sulawesi Utara,Kab Minahasa,UNIMA,Psikologi,"Sosiologi, Matematika",24.0,45.0,32.0,63.0,480.68,82.78,S1
722048.0,UNIVERSITAS NEGERI MANADO,PENDIDIKAN GURU PAUD,Prov. Sulawesi Utara,Kab Minahasa,UNIMA,Pendidikan PAUD,"Matematika, Bahasa Indonesia",36.0,27.0,48.0,22.0,510.68,84.28,S1
722049.0,UNIVERSITAS NEGERI MANADO,PENDIDIKAN SOSIOLOGI,Prov. Sulawesi Utara,Kab Minahasa,UNIMA,Pendidikan Sosiologi,Sosiologi,24.0,61.0,32.0,42.0,499.74,83.74,S1
722051.0,UNIVERSITAS NEGERI MANADO,PENDIDIKAN IPS,Prov. Sulawesi Utara,Kab Minahasa,UNIMA,Pendidikan IPS,"Ekonomi, Sosiologi, Geografi",12.0,11.0,16.0,14.0,497.96,83.65,S1
722052.0,UNIVERSITAS NEGERI MANADO,EKONOMI,Prov. Sulawesi Utara,Kab Minahasa,UNIMA,Ekonomi,"Ekonomi, Matematika",72.0,87.0,96.0,71.0,554.58,86.48,S1
722053.0,UNIVERSITAS NEGERI MANADO,TEKNIK LISTRIK,Prov. Sulawesi Utara,Kab Minahasa,UNIMA,Teknik atau rekayasa,"Fisika, Matematika Tingkat Lanjut, Matematika",9.0,0.0,12.0,0.0,0.0,0.0,D3
722054.0,UNIVERSITAS NEGERI MANADO,TEKNIK SIPIL - D3,Prov. Sulawesi Utara,Kab Minahasa,UNIMA,Teknik atau rekayasa,"Fisika, Matematika Tingkat Lanjut, Matematika",9.0,0.0,12.0,0.0,0.0,0.0,D3
722055.0,UNIVERSITAS NEGERI MANADO,MANAJEMEN PEMASARAN,Prov. Sulawesi Utara,Kab Minahasa,UNIMA,Ilmu atau Sains Manajemen,"Ekonomi, Matematika",18.0,0.0,24.0,0.0,0.0,0.0,D3
722056.0,UNIVERSITAS NEGERI MANADO,TEKNOLOGI KAYU,Prov. Sulawesi Utara,Kab Minahasa,UNIMA,Kehutanan,"Biologi, Matematika",9.0,0.0,12.0,0.0,0.0,0.0,D3
727001.0,POLITEKNIK NEGERI MANADO,KONSTRUKSI BANGUNAN GEDUNG,Prov. Sulawesi Utara,Kota Manado,POLIMDO,Teknik atau rekayasa,"Fisika, Matematika Tingkat Lanjut, Matematika",20.0,34.0,50.0,41.0,496.9,83.6,D4
727002.0,POLITEKNIK NEGERI MANADO,TEKNIK JALAN JEMBATAN,Prov. Sulawesi Utara,Kota Manado,POLIMDO,Teknik atau rekayasa,"Fisika, Matematika Tingkat Lanjut, Matematika",20.0,15.0,50.0,33.0,497.94,83.65,D4
727003.0,POLITEKNIK NEGERI MANADO,TEKNIK LISTRIK - D4,Prov. Sulawesi Utara,Kota Manado,POLIMDO,Teknik atau rekayasa,"Fisika, Matematika Tingkat Lanjut, Matematika",25.0,45.0,63.0,44.0,513.51,84.43,D4
727004.0,POLITEKNIK NEGERI MANADO,TEKNIK INFORMATIKA,Prov. Sulawesi Utara,Kota Manado,POLIMDO,Ilmu atau Sains Informasi,"Matematika Tingkat Lanjut, Matematika",40.0,73.0,100.0,93.0,579.82,87.74,D4
727005.0,POLITEKNIK NEGERI MANADO,TEKNIK MESIN PRODUKSI DAN PERAWATAN,Prov. Sulawesi Utara,Kota Manado,POLIMDO,Teknik atau rekayasa,"Fisika, Matematika Tingkat Lanjut, Matematika",25.0,12.0,63.0,30.0,504.05,83.95,D4
727006.0,POLITEKNIK NEGERI MANADO,AKUNTANSI KEUANGAN,Prov. Sulawesi Utara,Kota Manado,POLIMDO,Ilmu atau Sains Akuntansi,"Ekonomi, Matematika",30.0,70.0,75.0,84.0,505.1,84.01,D4
727007.0,POLITEKNIK NEGERI MANADO,MANAJEMEN BISNIS,Prov. Sulawesi Utara,Kota Manado,POLIMDO,Bisnis,"Ekonomi, Matematika",40.0,75.0,100.0,129.0,501.35,83.82,D4
727008.0,POLITEKNIK NEGERI MANADO,PERHOTELAN,Prov. Sulawesi Utara,Kota Manado,POLIMDO,Ilmu atau Sains Komunikasi,"Sosiologi, Bahasa Indonesia, Antropologi",25.0,41.0,63.0,60.0,506.31,84.07,D4
727009.0,POLITEKNIK NEGERI MANADO,TEKNIK SIPIL,Prov. Sulawesi Utara,Kota Manado,POLIMDO,Teknik atau rekayasa,"Fisika, Matematika Tingkat Lanjut, Matematika",10.0,0.0,25.0,0.0,0.0,0.0,D3
727010.0,POLITEKNIK NEGERI MANADO,PARIWISATA,Prov. Sulawesi Utara,Kota Manado,POLIMDO,Pariwisata,"Ekonomi, Matematika",10.0,0.0,25.0,0.0,0.0,0.0,D3
727011.0,POLITEKNIK NEGERI MANADO,AKUNTANSI PERPAJAKAN,Prov. Sulawesi Utara,Kota Manado,POLIMDO,Ilmu atau Sains Akuntansi,"Ekonomi, Matematika",20.0,0.0,50.0,0.0,0.0,0.0,D4
727012.0,POLITEKNIK NEGERI MANADO,ADMINISTRASI BISNIS,Prov. Sulawesi Utara,Kota Manado,POLIMDO,Administrasi Bisnis,"Ekonomi, Matematika",10.0,0.0,25.0,0.0,0.0,0.0,D3
727013.0,POLITEKNIK NEGERI MANADO,TEKNOLOGI REKAYASA MEKATRONIKA,Prov. Sulawesi Utara,Kota Manado,POLIMDO,Teknik atau rekayasa,"Fisika, Matematika Tingkat Lanjut, Matematika",20.0,0.0,50.0,0.0,0.0,0.0,D4
727014.0,POLITEKNIK NEGERI MANADO,TEKNIK KOMPUTER,Prov. Sulawesi Utara,Kota Manado,POLIMDO,Teknik atau rekayasa,"Fisika, Matematika Tingkat Lanjut, Matematika",15.0,0.0,38.0,0.0,0.0,0.0,D3
727015.0,POLITEKNIK NEGERI MANADO,MANAJEMEN PEMASARAN,Prov. Sulawesi Utara,Kota Manado,POLIMDO,Ilmu atau Sains Manajemen,"Ekonomi, Matematika",10.0,0.0,25.0,0.0,0.0,0.0,D3
727016.0,POLITEKNIK NEGERI MANADO,EKOWISATA BAWAH LAUT,Prov. Sulawesi Utara,Kota Manado,POLIMDO,Pariwisata,"Ekonomi, Matematika",5.0,0.0,13.0,0.0,0.0,0.0,D3
727017.0,POLITEKNIK NEGERI MANADO,USAHA PERJALANAN WISATA,Prov. Sulawesi Utara,Kota Manado,POLIMDO,Pariwisata,"Ekonomi, Matematika",10.0,0.0,25.0,0.0,0.0,0.0,D3
727018.0,POLITEKNIK NEGERI MANADO,TEKNIK LISTRIK - D3,Prov. Sulawesi Utara,Kota Manado,POLIMDO,Teknik atau rekayasa,"Fisika, Matematika Tingkat Lanjut, Matematika",15.0,0.0,38.0,0.0,0.0,0.0,D3
727019.0,POLITEKNIK NEGERI MANADO,AKUNTANSI,Prov. Sulawesi Utara,Kota Manado,POLIMDO,Ilmu atau Sains Akuntansi,"Ekonomi, Matematika",10.0,0.0,25.0,0.0,0.0,0.0,D3
728001.0,POLITEKNIK NEGERI NUSA UTARA,KEPERAWATAN,Prov. Sulawesi Utara,Kab Kepulauan Sangihe,POLNUSTAR,Keperawatan,"Biologi, Matematika",40.0,0.0,70.0,0.0,0.0,0.0,D3
728002.0,POLITEKNIK NEGERI NUSA UTARA,TEKNOLOGI PENANGKAPAN IKAN,Prov. Sulawesi Utara,Kab Kepulauan Sangihe,POLNUSTAR,Ilmu atau Sains Perikanan,"Biologi, Matematika",10.0,0.0,30.0,0.0,0.0,0.0,D3
728003.0,POLITEKNIK NEGERI NUSA UTARA,TEKNOLOGI BUDIDAYA IKAN,Prov. Sulawesi Utara,Kab Kepulauan Sangihe,POLNUSTAR,Ilmu atau Sains Perikanan,"Biologi, Matematika",10.0,0.0,30.0,0.0,0.0,0.0,D3
728004.0,POLITEKNIK NEGERI NUSA UTARA,SISTEM INFORMASI,Prov. Sulawesi Utara,Kab Kepulauan Sangihe,POLNUSTAR,Ilmu atau Sains Informasi,"Matematika Tingkat Lanjut, Matematika",40.0,0.0,70.0,0.0,0.0,0.0,D3
728007.0,POLITEKNIK NEGERI NUSA UTARA,PENGOLAHAN DAN PENYIMPANAN HASIL PERIKANAN,Prov. Sulawesi Utara,Kab Kepulauan Sangihe,POLNUSTAR,"Teknologi Pangan, Teknologi Hasil Pertanian/ Peternakan/ Perikanan","Kimia, Biologi, Matematika",10.0,0.0,30.0,0.0,0.0,0.0,D4
731001.0,UNIVERSITAS TADULAKO,PENDIDIKAN BIOLOGI,Prov. Sulawesi Tengah,Kota Palu,UNTAD,Pendidikan Biologi,Biologi,30.0,132.0,75.0,167.0,487.77,83.14,S1
731002.0,UNIVERSITAS TADULAKO,PENDIDIKAN MATEMATIKA,Prov. Sulawesi Tengah,Kota Palu,UNTAD,Pendidikan Matematika,"Matematika, Matematika Tingkat Lanjut",30.0,129.0,75.0,138.0,508.94,84.2,S1
731003.0,UNIVERSITAS TADULAKO,PENDIDIKAN FISIKA,Prov. Sulawesi Tengah,Kota Palu,UNTAD,Pendidikan Fisika,Fisika,30.0,32.0,75.0,44.0,489.97,83.25,S1
731004.0,UNIVERSITAS TADULAKO,PENDIDIKAN KIMIA,Prov. Sulawesi Tengah,Kota Palu,UNTAD,Pendidikan Kimia,Kimia,30.0,30.0,75.0,40.0,498.11,83.66,S1
731005.0,UNIVERSITAS TADULAKO,AGROTEKNOLOGI,Prov. Sulawesi Tengah,Kota Palu,UNTAD,Ilmu dan Sains Pertanian,"Biologi, Matematika",90.0,180.0,225.0,231.0,495.53,83.53,S1
731006.0,UNIVERSITAS TADULAKO,KEHUTANAN,Prov. Sulawesi Tengah,Kota Palu,UNTAD,Kehutanan,"Biologi, Matematika",80.0,143.0,200.0,236.0,525.84,85.04,S1
731007.0,UNIVERSITAS TADULAKO,AGROBISNIS,Prov. Sulawesi Tengah,Kota Palu,UNTAD,Ilmu dan Sains Pertanian,"Biologi, Matematika",70.0,236.0,175.0,334.0,525.11,85.01,S1
731008.0,UNIVERSITAS TADULAKO,PETERNAKAN,Prov. Sulawesi Tengah,Kota Palu,UNTAD,Peternakan,"Biologi, Matematika",80.0,103.0,200.0,142.0,512.86,84.39,S1
731009.0,UNIVERSITAS TADULAKO,TEKNIK SIPIL - S1,Prov. Sulawesi Tengah,Kota Palu,UNTAD,Teknik atau rekayasa,"Fisika, Matematika Tingkat Lanjut, Matematika",48.0,272.0,64.0,605.0,550.13,86.26,S1
731010.0,UNIVERSITAS TADULAKO,TEKNIK ARSITEKTUR,Prov. Sulawesi Tengah,Kota Palu,UNTAD,Teknik atau rekayasa,"Fisika, Matematika Tingkat Lanjut, Matematika",32.0,138.0,32.0,249.0,556.88,86.59,S1
731011.0,UNIVERSITAS TADULAKO,TEKNIK MESIN,Prov. Sulawesi Tengah,Kota Palu,UNTAD,Teknik atau rekayasa,"Fisika, Matematika Tingkat Lanjut, Matematika",30.0,72.0,60.0,154.0,562.33,86.87,S1
731012.0,UNIVERSITAS TADULAKO,TEKNIK ELEKTRO,Prov. Sulawesi Tengah,Kota Palu,UNTAD,Teknik atau rekayasa,"Fisika, Matematika Tingkat Lanjut, Matematika",24.0,83.0,32.0,163.0,523.85,84.94,S1
731013.0,UNIVERSITAS TADULAKO,FISIKA,Prov. Sulawesi Tengah,Kota Palu,UNTAD,Fisika,"Fisika, Matematika",20.0,25.0,20.0,16.0,506.45,84.07,S1
731014.0,UNIVERSITAS TADULAKO,MATEMATIKA,Prov. Sulawesi Tengah,Kota Palu,UNTAD,Matematika,"Matematika Tingkat Lanjut, Matematika",15.0,52.0,30.0,47.0,506.69,84.08,S1
731015.0,UNIVERSITAS TADULAKO,KIMIA,Prov. Sulawesi Tengah,Kota Palu,UNTAD,Kimia,"Kimia, Matematika",17.0,49.0,51.0,44.0,499.59,83.73,S1
731016.0,UNIVERSITAS TADULAKO,BIOLOGI,Prov. Sulawesi Tengah,Kota Palu,UNTAD,Biologi,"Biologi, Matematika",25.0,79.0,30.0,78.0,499.29,83.71,S1
731017.0,UNIVERSITAS TADULAKO,KEDOKTERAN,Prov. Sulawesi Tengah,Kota Palu,UNTAD,Ilmu atau Sains Kedokteran,"Biologi, Kimia, Matematika",30.0,568.0,75.0,1032.0,623.19,89.91,S1
731018.0,UNIVERSITAS TADULAKO,KESEHATAN MASYARAKAT,Prov. Sulawesi Tengah,Kota Palu,UNTAD,Kesehatan Masyarakat,"Biologi, Matematika, Sosiologi",50.0,633.0,125.0,727.0,529.65,85.23,S1
731019.0,UNIVERSITAS TADULAKO,AKUAKULTUR,Prov. Sulawesi Tengah,Kota Palu,UNTAD,"Bioteknologi, Biokewirausaha an, Bioinformatika","Biologi, Matematika",40.0,60.0,100.0,84.0,506.0,84.05,S1
731020.0,UNIVERSITAS TADULAKO,FARMASI,Prov. Sulawesi Tengah,Kota Palu,UNTAD,Ilmu Farmasi,"Biologi, Kimia, Matematika",25.0,507.0,60.0,804.0,553.28,86.41,S1
731021.0,UNIVERSITAS TADULAKO,TEKNIK INFORMATIKA,Prov. Sulawesi Tengah,Kota Palu,UNTAD,Ilmu atau Sains Informasi,"Matematika Tingkat Lanjut, Matematika",20.0,357.0,50.0,871.0,585.35,88.02,S1
731022.0,UNIVERSITAS TADULAKO,STATISTIK,Prov. Sulawesi Tengah,Kota Palu,UNTAD,Sains Data,"Matematika Tingkat Lanjut, Matematika",15.0,94.0,30.0,125.0,521.89,84.84,S1
731023.0,UNIVERSITAS TADULAKO,TEKNIK GEOLOGI,Prov. Sulawesi Tengah,Kota Palu,UNTAD,Ilmu atau Sains Kebumian,"Fisika, Matematika Tingkat Lanjut, Matematika",24.0,90.0,32.0,201.0,543.74,85.94,S1
731024.0,UNIVERSITAS TADULAKO,PERENCANAAN WILAYAH DAN KOTA,Prov. Sulawesi Tengah,Kota Palu,UNTAD,Perencanaan Wilayah,"Ekonomi, Matematika",32.0,77.0,32.0,237.0,499.98,83.75,S1
731025.0,UNIVERSITAS TADULAKO,ILMU GIZI,Prov. Sulawesi Tengah,Kota Palu,UNTAD,Ilmu atau Sains Gizi,"Biologi, Kimia, Matematika",22.0,322.0,55.0,527.0,507.93,84.15,S1
731026.0,UNIVERSITAS TADULAKO,TEKNIK GEOFISIKA,Prov. Sulawesi Tengah,Kota Palu,UNTAD,Teknik atau rekayasa,"Fisika, Matematika Tingkat Lanjut, Matematika",15.0,20.0,30.0,33.0,510.49,84.27,S1
731027.0,UNIVERSITAS TADULAKO,AGROTEKNOLOGI PSDKU MOROWALI,Prov. Sulawesi Tengah,Kota Palu,UNTAD,Ilmu dan Sains Pertanian,"Biologi, Matematika",12.0,6.0,30.0,10.0,519.74,84.74,S1
731028.0,UNIVERSITAS TADULAKO,TEKNIK SIPIL PSDKU MOROWALI,Prov. Sulawesi Tengah,Kota Palu,UNTAD,Teknik atau rekayasa,"Fisika, Matematika Tingkat Lanjut, Matematika",12.0,12.0,30.0,15.0,525.13,85.01,S1
731029.0,UNIVERSITAS TADULAKO,AGROTEKNOLOGI PSDKU TOUNA,Prov. Sulawesi Tengah,Kota Palu,UNTAD,Ilmu dan Sains Pertanian,"Biologi, Matematika",20.0,16.0,50.0,14.0,523.65,84.93,S1
731030.0,UNIVERSITAS TADULAKO,TEKNIK SIPIL PSDKU TOUNA,Prov. Sulawesi Tengah,Kota Palu,UNTAD,Teknik atau rekayasa,"Fisika, Matematika Tingkat Lanjut, Matematika",10.0,3.0,25.0,6.0,530.7,85.29,S1
731031.0,UNIVERSITAS TADULAKO,TEKNIK LINGKUNGAN,Prov. Sulawesi Tengah,Kota Palu,UNTAD,Ilmu atau Sains Lingkungan,"Biologi, Matematika",24.0,50.0,32.0,98.0,511.69,84.33,S1
731032.0,UNIVERSITAS TADULAKO,SISTEM INFORMASI,Prov. Sulawesi Tengah,Kota Palu,UNTAD,Ilmu atau Sains Informasi,"Matematika Tingkat Lanjut, Matematika",20.0,62.0,50.0,185.0,512.92,84.4,S1
731033.0,UNIVERSITAS TADULAKO,PENDIDIKAN BAHASA INDONESIA,Prov. Sulawesi Tengah,Kota Palu,UNTAD,Pendidikan Bahasa Indonesia,Bahasa Indonesia,40.0,236.0,100.0,388.0,494.34,83.47,S1
731034.0,UNIVERSITAS TADULAKO,PENDIDIKAN BAHASA INGGRIS,Prov. Sulawesi Tengah,Kota Palu,UNTAD,Pendidikan Bahasa Inggris,Bahasa Inggris,50.0,282.0,125.0,352.0,507.05,84.1,S1
731035.0,UNIVERSITAS TADULAKO,PENDIDIKAN PANCASILA DAN KEWARGANEGARAAN,Prov. Sulawesi Tengah,Kota Palu,UNTAD,Pendidikan Pancasila,Pendidikan Pancasila,20.0,72.0,50.0,107.0,489.99,83.25,S1
731036.0,UNIVERSITAS TADULAKO,PENDIDIKAN SEJARAH,Prov. Sulawesi Tengah,Kota Palu,UNTAD,Pendidikan Sejarah,Sejarah,20.0,73.0,50.0,129.0,489.29,83.21,S1
731037.0,UNIVERSITAS TADULAKO,PENDIDIKAN BIMBINGAN DAN KONSELING,Prov. Sulawesi Tengah,Kota Palu,UNTAD,Psikologi,"Sosiologi, Matematika",16.0,154.0,40.0,218.0,497.79,83.64,S1
731038.0,UNIVERSITAS TADULAKO,PENDIDIKAN GURU SD,Prov. Sulawesi Tengah,Kota Palu,UNTAD,Pendidikan SD,"Matematika, Bahasa Indonesia",50.0,684.0,125.0,1051.0,508.92,84.2,S1
731039.0,UNIVERSITAS TADULAKO,PENDIDIKAN GURU PAUD,Prov. Sulawesi Tengah,Kota Palu,UNTAD,Pendidikan PAUD,"Matematika, Bahasa Indonesia",20.0,98.0,50.0,178.0,506.57,84.08,S1
731040.0,UNIVERSITAS TADULAKO,ADMINISTRASI NEGARA,Prov. Sulawesi Tengah,Kota Palu,UNTAD,Urusan Publik,"Sosiologi, Pendidikan Pancasila",60.0,280.0,80.0,578.0,516.12,84.56,S1
731041.0,UNIVERSITAS TADULAKO,SOSIOLOGI,Prov. Sulawesi Tengah,Kota Palu,UNTAD,Studi Humanitas,"Sosiologi, Pendidikan Pancasila, Antropologi",45.0,117.0,60.0,258.0,515.37,84.52,S1
731042.0,UNIVERSITAS TADULAKO,ANTROPOLOGI,Prov. Sulawesi Tengah,Kota Palu,UNTAD,Studi Humanitas,"Sosiologi, Pendidikan Pancasila, Antropologi",30.0,37.0,40.0,82.0,514.43,84.47,S1
731043.0,UNIVERSITAS TADULAKO,ILMU PEMERINTAHAN,Prov. Sulawesi Tengah,Kota Palu,UNTAD,Urusan Publik,"Sosiologi, Pendidikan Pancasila",60.0,258.0,80.0,578.0,500.62,83.78,S1
731044.0,UNIVERSITAS TADULAKO,ILMU KOMUNIKASI,Prov. Sulawesi Tengah,Kota Palu,UNTAD,Ilmu atau Sains Komunikasi,"Sosiologi, Bahasa Indonesia, Antropologi",45.0,386.0,60.0,765.0,581.56,87.83,S1
731045.0,UNIVERSITAS TADULAKO,EKONOMI PEMBANGUNAN,Prov. Sulawesi Tengah,Kota Palu,UNTAD,Ekonomi,"Ekonomi, Matematika",24.0,98.0,60.0,154.0,571.28,87.31,S1
731046.0,UNIVERSITAS TADULAKO,EKONOMI MANAJEMEN,Prov. Sulawesi Tengah,Kota Palu,UNTAD,Ekonomi,"Ekonomi, Matematika",32.0,846.0,80.0,1362.0,582.6,87.88,S1
731047.0,UNIVERSITAS TADULAKO,EKONOMI AKUNTANSI,Prov. Sulawesi Tengah,Kota Palu,UNTAD,Ilmu atau Sains Akuntansi,"Ekonomi, Matematika",32.0,492.0,80.0,698.0,575.24,87.51,S1
731048.0,UNIVERSITAS TADULAKO,HUKUM,Prov. Sulawesi Tengah,Kota Palu,UNTAD,Hukum,"Sosiologi, Pendidikan Pancasila",130.0,461.0,325.0,822.0,520.77,84.79,S1
731049.0,UNIVERSITAS TADULAKO,PENDIDIKAN JASMANI KESEHATAN DAN REKREASI,Prov. Sulawesi Tengah,Kota Palu,UNTAD,Pendidikan Jasmani Kesehatan,"Pendidikan Jasmani, Biologi",40.0,37.0,100.0,153.0,499.47,83.72,S1
731050.0,UNIVERSITAS TADULAKO,PENDIDIKAN GEOGRAFI,Prov. Sulawesi Tengah,Kota Palu,UNTAD,Pendidikan Geografi,Geografi,20.0,60.0,50.0,96.0,502.05,83.85,S1
731051.0,UNIVERSITAS TADULAKO,MANAJEMEN PSDKU MOROWALI,Prov. Sulawesi Tengah,Kota Palu,UNTAD,Ilmu atau Sains Manajemen,"Ekonomi, Matematika",24.0,24.0,60.0,24.0,551.86,86.34,S1
731052.0,UNIVERSITAS TADULAKO,MANAJEMEN PSDKU TOUNA,Prov. Sulawesi Tengah,Kota Palu,UNTAD,Ilmu atau Sains Manajemen,"Ekonomi, Matematika",50.0,42.0,125.0,25.0,551.75,86.34,S1
731053.0,UNIVERSITAS TADULAKO,TEKNIK SIPIL - D3,Prov. Sulawesi Tengah,Kota Palu,UNTAD,Teknik atau rekayasa,"Fisika, Matematika Tingkat Lanjut, Matematika",24.0,0.0,32.0,0.0,0.0,0.0,D3
731054.0,UNIVERSITAS TADULAKO,KEPERAWATAN,Prov. Sulawesi Tengah,Kota Palu,UNTAD,Keperawatan,"Biologi, Matematika",26.0,0.0,65.0,0.0,0.0,0.0,D3
731055.0,UNIVERSITAS TADULAKO,MANAJEMEN PEMASARAN,Prov. Sulawesi Tengah,Kota Palu,UNTAD,Ilmu atau Sains Manajemen,"Ekonomi, Matematika",8.0,0.0,20.0,0.0,0.0,0.0,D3
731058.0,UNIVERSITAS TADULAKO,TEKNOLOGI REKAYASA MANUFAKTUR,Prov. Sulawesi Tengah,Kota Palu,UNTAD,Teknik atau rekayasa,"Fisika, Matematika Tingkat Lanjut, Matematika",18.0,0.0,36.0,0.0,0.0,0.0,D4
731059.0,UNIVERSITAS TADULAKO,TEKNOLOGI REKAYASA INSTALASI LISTRIK,Prov. Sulawesi Tengah,Kota Palu,UNTAD,Teknik atau rekayasa,"Fisika, Matematika Tingkat Lanjut, Matematika",18.0,0.0,24.0,0.0,0.0,0.0,D4
731060.0,UNIVERSITAS TADULAKO,AKUNTANSI SEKTOR PUBLIK,Prov. Sulawesi Tengah,Kota Palu,UNTAD,Ilmu atau Sains Akuntansi,"Ekonomi, Matematika",16.0,0.0,40.0,0.0,0.0,0.0,D4
731061.0,UNIVERSITAS TADULAKO,PENDIDIKAN IPA,Prov. Sulawesi Tengah,Kota Palu,UNTAD,Pendidikan IPA,"Matematika, Biologi",14.0,0.0,35.0,0.0,0.0,0.0,S1
732001.0,UNIVERSITAS ISLAM NEGERI DATOKARAMA PALU,INFORMATIKA,Prov. Sulawesi Tengah,Kota Palu,UINDK,Ilmu atau Sains Informasi,"Matematika Tingkat Lanjut, Matematika",15.0,0.0,27.0,0.0,0.0,0.0,S1
732002.0,UNIVERSITAS ISLAM NEGERI DATOKARAMA PALU,ARSITEKTUR,Prov. Sulawesi Tengah,Kota Palu,UINDK,Arsitektur,"Matematika, Fisika",15.0,0.0,27.0,0.0,0.0,0.0,S1
732003.0,UNIVERSITAS ISLAM NEGERI DATOKARAMA PALU,SISTEM INFORMASI,Prov. Sulawesi Tengah,Kota Palu,UINDK,Ilmu atau Sains Informasi,"Matematika Tingkat Lanjut, Matematika",15.0,0.0,27.0,0.0,0.0,0.0,S1
741001.0,UNIVERSITAS SULAWESI BARAT,AGROBISNIS,Prov. Sulawesi Barat,Kab Majene,UNSULBAR,Ilmu dan Sains Pertanian,"Biologi, Matematika",50.0,281.0,125.0,360.0,496.64,83.58,S1
741002.0,UNIVERSITAS SULAWESI BARAT,KEHUTANAN,Prov. Sulawesi Barat,Kab Majene,UNSULBAR,Kehutanan,"Biologi, Matematika",24.0,66.0,60.0,127.0,506.67,84.08,S1
741003.0,UNIVERSITAS SULAWESI BARAT,KEPERAWATAN,Prov. Sulawesi Barat,Kab Majene,UNSULBAR,Keperawatan,"Biologi, Matematika",20.0,122.0,50.0,328.0,492.2,83.36,S1
741004.0,UNIVERSITAS SULAWESI BARAT,TEKNIK SIPIL,Prov. Sulawesi Barat,Kab Majene,UNSULBAR,Teknik atau rekayasa,"Fisika, Matematika Tingkat Lanjut, Matematika",25.0,150.0,63.0,322.0,486.08,83.05,S1
741005.0,UNIVERSITAS SULAWESI BARAT,TEKNIK INFORMATIKA,Prov. Sulawesi Barat,Kab Majene,UNSULBAR,Ilmu atau Sains Informasi,"Matematika Tingkat Lanjut, Matematika",26.0,307.0,65.0,510.0,498.92,83.7,S1
741006.0,UNIVERSITAS SULAWESI BARAT,MATEMATIKA,Prov. Sulawesi Barat,Kab Majene,UNSULBAR,Matematika,"Matematika Tingkat Lanjut, Matematika",16.0,23.0,40.0,19.0,507.12,84.11,S1
741007.0,UNIVERSITAS SULAWESI BARAT,PENDIDIKAN MATEMATIKA,Prov. Sulawesi Barat,Kab Majene,UNSULBAR,Pendidikan Matematika,"Matematika, Matematika Tingkat Lanjut",28.0,77.0,70.0,81.0,504.47,83.97,S1
741008.0,UNIVERSITAS SULAWESI BARAT,PENDIDIKAN BIOLOGI,Prov. Sulawesi Barat,Kab Majene,UNSULBAR,Pendidikan Biologi,Biologi,40.0,107.0,100.0,145.0,476.69,82.58,S1
741009.0,UNIVERSITAS SULAWESI BARAT,PENDIDIKAN FISIKA,Prov. Sulawesi Barat,Kab Majene,UNSULBAR,Pendidikan Fisika,Fisika,24.0,32.0,60.0,24.0,482.17,82.86,S1
741010.0,UNIVERSITAS SULAWESI BARAT,PETERNAKAN,Prov. Sulawesi Barat,Kab Majene,UNSULBAR,Peternakan,"Biologi, Matematika",30.0,48.0,75.0,108.0,508.05,84.15,S1
741011.0,UNIVERSITAS SULAWESI BARAT,BUDIDAYA PERAIRAN,Prov. Sulawesi Barat,Kab Majene,UNSULBAR,"Bioteknologi, Biokewirausaha an, Bioinformatika","Biologi, Matematika",20.0,39.0,50.0,28.0,502.04,83.85,S1
741012.0,UNIVERSITAS SULAWESI BARAT,PERIKANAN TANGKAP,Prov. Sulawesi Barat,Kab Majene,UNSULBAR,Ilmu atau Sains Perikanan,"Biologi, Matematika",20.0,15.0,50.0,64.0,494.37,83.47,S1
741013.0,UNIVERSITAS SULAWESI BARAT,AGROEKOTEKNOLOGI,Prov. Sulawesi Barat,Kab Majene,UNSULBAR,Ilmu dan Sains Pertanian,"Biologi, Matematika",20.0,72.0,50.0,79.0,501.92,83.85,S1
741014.0,UNIVERSITAS SULAWESI BARAT,PERENCANAAN WILAYAH DAN KOTA,Prov. Sulawesi Barat,Kab Majene,UNSULBAR,Perencanaan Wilayah,"Ekonomi, Matematika",24.0,53.0,60.0,103.0,492.03,83.35,S1
741015.0,UNIVERSITAS SULAWESI BARAT,STATISTIK,Prov. Sulawesi Barat,Kab Majene,UNSULBAR,Sains Data,"Matematika Tingkat Lanjut, Matematika",24.0,20.0,60.0,20.0,487.89,83.14,S1
741016.0,UNIVERSITAS SULAWESI BARAT,ILMU GIZI,Prov. Sulawesi Barat,Kab Majene,UNSULBAR,Ilmu atau Sains Gizi,"Biologi, Kimia, Matematika",20.0,191.0,50.0,290.0,502.12,83.86,S1
741017.0,UNIVERSITAS SULAWESI BARAT,ADMINISTRASI KESEHATAN,Prov. Sulawesi Barat,Kab Majene,UNSULBAR,Informatika Medis atau Informatika Kesehatan,"Biologi, Matematika Tingkat Lanjut, Matematika",16.0,184.0,40.0,244.0,501.85,83.84,S1
741018.0,UNIVERSITAS SULAWESI BARAT,TEKNOLOGI HASIL PERTANIAN,Prov. Sulawesi Barat,Kab Majene,UNSULBAR,"Teknologi Pangan, Teknologi Hasil Pertanian/ Peternakan/ Perikanan","Kimia, Biologi, Matematika",20.0,54.0,50.0,105.0,499.09,83.7,S1
741019.0,UNIVERSITAS SULAWESI BARAT,MANAJEMEN,Prov. Sulawesi Barat,Kab Majene,UNSULBAR,Ilmu atau Sains Manajemen,"Ekonomi, Matematika",56.0,476.0,140.0,638.0,508.87,84.19,S1
741020.0,UNIVERSITAS SULAWESI BARAT,AKUNTANSI,Prov. Sulawesi Barat,Kab Majene,UNSULBAR,Ilmu atau Sains Akuntansi,"Ekonomi, Matematika",49.0,322.0,123.0,289.0,513.83,84.44,S1
741021.0,UNIVERSITAS SULAWESI BARAT,ILMU POLITIK,Prov. Sulawesi Barat,Kab Majene,UNSULBAR,Sosial,"Sosiologi, Sejarah, Antropologi",30.0,49.0,75.0,84.0,514.51,84.48,S1
741022.0,UNIVERSITAS SULAWESI BARAT,HUBUNGAN INTERNASIONAL,Prov. Sulawesi Barat,Kab Majene,UNSULBAR,Ilmu atau Sains Komunikasi,"Sosiologi, Bahasa Indonesia, Antropologi",30.0,59.0,75.0,72.0,505.58,84.03,S1
741023.0,UNIVERSITAS SULAWESI BARAT,HUKUM,Prov. Sulawesi Barat,Kab Majene,UNSULBAR,Hukum,"Sosiologi, Pendidikan Pancasila",30.0,118.0,75.0,223.0,510.35,84.27,S1
741024.0,UNIVERSITAS SULAWESI BARAT,PENDIDIKAN BAHASA INGGRIS,Prov. Sulawesi Barat,Kab Majene,UNSULBAR,Pendidikan Bahasa Inggris,Bahasa Inggris,38.0,91.0,95.0,129.0,468.22,82.16,S1
741026.0,UNIVERSITAS SULAWESI BARAT,PENDIDIKAN GURU SD,Prov. Sulawesi Barat,Kab Majene,UNSULBAR,Pendidikan SD,"Matematika, Bahasa Indonesia",40.0,0.0,100.0,0.0,0.0,0.0,S1
741027.0,UNIVERSITAS SULAWESI BARAT,PENDIDIKAN IPA,Prov. Sulawesi Barat,Kab Majene,UNSULBAR,Pendidikan IPA,"Matematika, Biologi",16.0,0.0,40.0,0.0,0.0,0.0,S1
751001.0,UNIVERSITAS HALUOLEO,AGROBISNIS,Prov. Sulawesi Tenggara,Kota Kendari,UNHALU,Ilmu dan Sains Pertanian,"Biologi, Matematika",30.0,115.0,40.0,155.0,509.14,84.21,S1
751002.0,UNIVERSITAS HALUOLEO,AGROTEKNOLOGI,Prov. Sulawesi Tenggara,Kota Kendari,UNHALU,Ilmu dan Sains Pertanian,"Biologi, Matematika",24.0,54.0,32.0,70.0,504.05,83.95,S1
751003.0,UNIVERSITAS HALUOLEO,PETERNAKAN,Prov. Sulawesi Tenggara,Kota Kendari,UNHALU,Peternakan,"Biologi, Matematika",75.0,47.0,100.0,83.0,484.25,82.96,S1
751004.0,UNIVERSITAS HALUOLEO,MANAJEMEN SUMBERDAYA PERAIRAN,Prov. Sulawesi Tenggara,Kota Kendari,UNHALU,"Bioteknologi, Biokewirausaha an, Bioinformatika","Biologi, Matematika",18.0,12.0,24.0,33.0,473.75,82.44,S1
751005.0,UNIVERSITAS HALUOLEO,BUDIDAYA PERAIRAN,Prov. Sulawesi Tenggara,Kota Kendari,UNHALU,"Bioteknologi, Biokewirausaha an, Bioinformatika","Biologi, Matematika",18.0,13.0,24.0,15.0,476.37,82.57,S1
751006.0,UNIVERSITAS HALUOLEO,MATEMATIKA,Prov. Sulawesi Tenggara,Kota Kendari,UNHALU,Matematika,"Matematika Tingkat Lanjut, Matematika",18.0,66.0,24.0,48.0,512.3,84.37,S1
751007.0,UNIVERSITAS HALUOLEO,FISIKA,Prov. Sulawesi Tenggara,Kota Kendari,UNHALU,Fisika,"Fisika, Matematika",18.0,25.0,24.0,10.0,510.75,84.29,S1
751008.0,UNIVERSITAS HALUOLEO,KIMIA,Prov. Sulawesi Tenggara,Kota Kendari,UNHALU,Kimia,"Kimia, Matematika",24.0,37.0,32.0,50.0,502.77,83.89,S1
751009.0,UNIVERSITAS HALUOLEO,BIOLOGI,Prov. Sulawesi Tenggara,Kota Kendari,UNHALU,Biologi,"Biologi, Matematika",24.0,47.0,32.0,41.0,505.42,84.02,S1
751010.0,UNIVERSITAS HALUOLEO,KESEHATAN MASYARAKAT,Prov. Sulawesi Tenggara,Kota Kendari,UNHALU,Kesehatan Masyarakat,"Biologi, Matematika, Sosiologi",105.0,450.0,140.0,763.0,553.33,86.42,S1
751011.0,UNIVERSITAS HALUOLEO,PENDIDIKAN MATEMATIKA,Prov. Sulawesi Tenggara,Kota Kendari,UNHALU,Pendidikan Matematika,"Matematika, Matematika Tingkat Lanjut",36.0,168.0,48.0,149.0,493.07,83.4,S1
751012.0,UNIVERSITAS HALUOLEO,PENDIDIKAN BIOLOGI,Prov. Sulawesi Tenggara,Kota Kendari,UNHALU,Pendidikan Biologi,Biologi,30.0,133.0,40.0,171.0,498.61,83.68,S1
751013.0,UNIVERSITAS HALUOLEO,PENDIDIKAN FISIKA,Prov. Sulawesi Tenggara,Kota Kendari,UNHALU,Pendidikan Fisika,Fisika,30.0,37.0,40.0,26.0,502.56,83.88,S1
751014.0,UNIVERSITAS HALUOLEO,PENDIDIKAN KIMIA,Prov. Sulawesi Tenggara,Kota Kendari,UNHALU,Pendidikan Kimia,Kimia,30.0,33.0,40.0,35.0,485.98,83.05,S1
751015.0,UNIVERSITAS HALUOLEO,TEKNIK SIPIL - S1,Prov. Sulawesi Tenggara,Kota Kendari,UNHALU,Teknik atau rekayasa,"Fisika, Matematika Tingkat Lanjut, Matematika",42.0,283.0,56.0,685.0,511.41,84.32,S1
751016.0,UNIVERSITAS HALUOLEO,TEKNIK ARSITEKTUR - S1,Prov. Sulawesi Tenggara,Kota Kendari,UNHALU,Teknik atau rekayasa,"Fisika, Matematika Tingkat Lanjut, Matematika",24.0,135.0,32.0,239.0,513.1,84.41,S1
751017.0,UNIVERSITAS HALUOLEO,TEKNIK MESIN - S1,Prov. Sulawesi Tenggara,Kota Kendari,UNHALU,Teknik atau rekayasa,"Fisika, Matematika Tingkat Lanjut, Matematika",24.0,49.0,32.0,174.0,517.15,84.61,S1
751018.0,UNIVERSITAS HALUOLEO,TEKNIK ELEKTRO,Prov. Sulawesi Tenggara,Kota Kendari,UNHALU,Teknik atau rekayasa,"Fisika, Matematika Tingkat Lanjut, Matematika",36.0,87.0,48.0,199.0,516.96,84.6,S1
751019.0,UNIVERSITAS HALUOLEO,TEKNIK INFORMATIKA,Prov. Sulawesi Tenggara,Kota Kendari,UNHALU,Ilmu atau Sains Informasi,"Matematika Tingkat Lanjut, Matematika",24.0,614.0,32.0,1099.0,565.54,87.03,S1
751020.0,UNIVERSITAS HALUOLEO,KEDOKTERAN,Prov. Sulawesi Tenggara,Kota Kendari,UNHALU,Ilmu atau Sains Kedokteran,"Biologi, Kimia, Matematika",36.0,751.0,48.0,971.0,609.1,89.21,S1
751021.0,UNIVERSITAS HALUOLEO,KEHUTANAN,Prov. Sulawesi Tenggara,Kota Kendari,UNHALU,Kehutanan,"Biologi, Matematika",45.0,62.0,60.0,80.0,508.77,84.19,S1
751022.0,UNIVERSITAS HALUOLEO,ILMU DAN TEKNOLOGI PANGAN,Prov. Sulawesi Tenggara,Kota Kendari,UNHALU,"Teknologi Pangan, Teknologi Hasil Pertanian/ Peternakan/ Perikanan","Kimia, Biologi, Matematika",24.0,31.0,32.0,43.0,499.88,83.74,S1
751023.0,UNIVERSITAS HALUOLEO,FARMASI,Prov. Sulawesi Tenggara,Kota Kendari,UNHALU,Ilmu Farmasi,"Biologi, Kimia, Matematika",90.0,744.0,120.0,1013.0,518.9,84.7,S1
751024.0,UNIVERSITAS HALUOLEO,AGROBISNIS PERIKANAN,Prov. Sulawesi Tenggara,Kota Kendari,UNHALU,Ilmu atau Sains Perikanan,"Biologi, Matematika",18.0,35.0,24.0,35.0,503.88,83.94,S1
751025.0,UNIVERSITAS HALUOLEO,TEKNIK GEOFISIKA,Prov. Sulawesi Tenggara,Kota Kendari,UNHALU,Teknik atau rekayasa,"Fisika, Matematika Tingkat Lanjut, Matematika",18.0,18.0,24.0,38.0,509.17,84.21,S1
751026.0,UNIVERSITAS HALUOLEO,TEKNIK GEOLOGI,Prov. Sulawesi Tenggara,Kota Kendari,UNHALU,Ilmu atau Sains Kebumian,"Fisika, Matematika Tingkat Lanjut, Matematika",24.0,95.0,32.0,289.0,503.6,83.93,S1
751027.0,UNIVERSITAS HALUOLEO,ILMU KELAUTAN,Prov. Sulawesi Tenggara,Kota Kendari,UNHALU,Ilmu atau Sains Kelautan,"Biologi, Matematika, Geografi",18.0,11.0,24.0,24.0,500.82,83.79,S1
751028.0,UNIVERSITAS HALUOLEO,ILMU LINGKUNGAN,Prov. Sulawesi Tenggara,Kota Kendari,UNHALU,Ilmu atau Sains Lingkungan,"Biologi, Matematika",36.0,31.0,48.0,34.0,502.46,83.87,S1
751029.0,UNIVERSITAS HALUOLEO,TEKNIK PERTAMBANGAN,Prov. Sulawesi Tenggara,Kota Kendari,UNHALU,Teknik atau rekayasa,"Fisika, Matematika Tingkat Lanjut, Matematika",30.0,441.0,40.0,119.0,518.93,84.7,S1
751030.0,UNIVERSITAS HALUOLEO,TEKNOLOGI HASIL PERIKANAN,Prov. Sulawesi Tenggara,Kota Kendari,UNHALU,"Teknologi Pangan, Teknologi Hasil Pertanian/ Peternakan/ Perikanan","Kimia, Biologi, Matematika",12.0,5.0,16.0,11.0,507.38,84.12,S1
751031.0,UNIVERSITAS HALUOLEO,GEOGRAFI,Prov. Sulawesi Tenggara,Kota Kendari,UNHALU,"Geografi, Geografi Lingkungan, Sains Informasi Geografi","Geografi, Matematika, Fisika",24.0,19.0,32.0,71.0,511.69,84.33,S1
751032.0,UNIVERSITAS HALUOLEO,ILMU TANAH,Prov. Sulawesi Tenggara,Kota Kendari,UNHALU,Ilmu atau Sains Lingkungan,"Biologi, Matematika",18.0,37.0,24.0,36.0,501.54,83.83,S1
751033.0,UNIVERSITAS HALUOLEO,PROTEKSI TANAMAN,Prov. Sulawesi Tenggara,Kota Kendari,UNHALU,"Konservasi Biologi, Konservasi Hewan Liar, Konservasi Hewan Liar dan Hutan, Konservasi Hutan, Konservasi Sumber Daya Alam","Biologi, Matematika",18.0,11.0,24.0,17.0,496.66,83.58,S1
751034.0,UNIVERSITAS HALUOLEO,PENYULUHAN PERTANIAN,Prov. Sulawesi Tenggara,Kota Kendari,UNHALU,Ilmu dan Sains Pertanian,"Biologi, Matematika",24.0,54.0,32.0,86.0,498.37,83.67,S1
751035.0,UNIVERSITAS HALUOLEO,BIOTEKNOLOGI,Prov. Sulawesi Tenggara,Kota Kendari,UNHALU,"Bioteknologi, Biokewirausaha an, Bioinformatika","Biologi, Matematika",24.0,20.0,32.0,42.0,504.5,83.98,S1
751036.0,UNIVERSITAS HALUOLEO,ILMU KEOLAHRAGAAN,Prov. Sulawesi Tenggara,Kota Kendari,UNHALU,Ilmu atau Sains Keolahragaan,"PJOK, Biologi",30.0,50.0,40.0,94.0,490.0,83.25,S1
751037.0,UNIVERSITAS HALUOLEO,OSEANOGRAFI,Prov. Sulawesi Tenggara,Kota Kendari,UNHALU,Ilmu atau Sains Kelautan,"Biologi, Matematika, Geografi",18.0,12.0,24.0,14.0,492.15,83.36,S1
751038.0,UNIVERSITAS HALUOLEO,PERIKANAN TANGKAP,Prov. Sulawesi Tenggara,Kota Kendari,UNHALU,Ilmu atau Sains Perikanan,"Biologi, Matematika",12.0,2.0,16.0,5.0,497.54,83.63,S1
751039.0,UNIVERSITAS HALUOLEO,STATISTIK - S1,Prov. Sulawesi Tenggara,Kota Kendari,UNHALU,Sains Data,"Matematika Tingkat Lanjut, Matematika",24.0,109.0,32.0,108.0,505.67,84.03,S1
751040.0,UNIVERSITAS HALUOLEO,ILMU KOMPUTER,Prov. Sulawesi Tenggara,Kota Kendari,UNHALU,Komputer,"Matematika Tingkat Lanjut, Matematika",18.0,289.0,24.0,692.0,511.18,84.31,S1
751041.0,UNIVERSITAS HALUOLEO,REKAYASA INFRASTRUKTUR DAN LINGKUNGAN,Prov. Sulawesi Tenggara,Kota Kendari,UNHALU,Ilmu atau Sains Lingkungan,"Biologi, Matematika",24.0,19.0,32.0,39.0,483.82,82.94,S1
751042.0,UNIVERSITAS HALUOLEO,TEKNIK KELAUTAN,Prov. Sulawesi Tenggara,Kota Kendari,UNHALU,Teknik atau rekayasa,"Fisika, Matematika Tingkat Lanjut, Matematika",30.0,18.0,40.0,20.0,478.81,82.69,S1
751043.0,UNIVERSITAS HALUOLEO,ILMU GIZI,Prov. Sulawesi Tenggara,Kota Kendari,UNHALU,Ilmu atau Sains Gizi,"Biologi, Kimia, Matematika",24.0,204.0,32.0,321.0,515.59,84.53,S1
751044.0,UNIVERSITAS HALUOLEO,PENDIDIKAN VOKASIONAL TEKNIK,Prov. Sulawesi Tenggara,Kota Kendari,UNHALU,Pendidikan Teknik,"Fisika, Matematika Tingkat Lanjut, Matematika",18.0,2.0,24.0,21.0,504.38,83.97,S1
751045.0,UNIVERSITAS HALUOLEO,KEPERAWATAN,Prov. Sulawesi Tenggara,Kota Kendari,UNHALU,Keperawatan,"Biologi, Matematika",15.0,147.0,20.0,250.0,490.73,83.29,S1
751046.0,UNIVERSITAS HALUOLEO,EKONOMI PEMBANGUNAN,Prov. Sulawesi Tenggara,Kota Kendari,UNHALU,Ekonomi,"Ekonomi, Matematika",75.0,244.0,100.0,274.0,508.19,84.16,S1
751047.0,UNIVERSITAS HALUOLEO,MANAJEMEN,Prov. Sulawesi Tenggara,Kota Kendari,UNHALU,Ilmu atau Sains Manajemen,"Ekonomi, Matematika",75.0,1003.0,100.0,1483.0,525.86,85.04,S1
751048.0,UNIVERSITAS HALUOLEO,AKUNTANSI,Prov. Sulawesi Tenggara,Kota Kendari,UNHALU,Ilmu atau Sains Akuntansi,"Ekonomi, Matematika",60.0,650.0,80.0,811.0,521.24,84.81,S1
751049.0,UNIVERSITAS HALUOLEO,ADMINISTRASI NEGARA,Prov. Sulawesi Tenggara,Kota Kendari,UNHALU,Administrasi Bisnis,"Ekonomi, Matematika",51.0,217.0,68.0,379.0,516.52,84.58,S1
751050.0,UNIVERSITAS HALUOLEO,SOSIOLOGI,Prov. Sulawesi Tenggara,Kota Kendari,UNHALU,Studi Humanitas,"Sosiologi, Pendidikan Pancasila, Antropologi",39.0,130.0,52.0,127.0,514.86,84.49,S1
751051.0,UNIVERSITAS HALUOLEO,ANTROPOLOGI SOSIAL,Prov. Sulawesi Tenggara,Kota Kendari,UNHALU,Studi Humanitas,"Sosiologi, Pendidikan Pancasila, Antropologi",36.0,22.0,48.0,35.0,499.21,83.71,S1
751052.0,UNIVERSITAS HALUOLEO,ILMU KOMUNIKASI,Prov. Sulawesi Tenggara,Kota Kendari,UNHALU,Ilmu atau Sains Komunikasi,"Sosiologi, Bahasa Indonesia, Antropologi",51.0,385.0,68.0,547.0,528.96,85.2,S1
751053.0,UNIVERSITAS HALUOLEO,HUKUM,Prov. Sulawesi Tenggara,Kota Kendari,UNHALU,Hukum,"Sosiologi, Pendidikan Pancasila",120.0,544.0,160.0,825.0,512.44,84.37,S1
751054.0,UNIVERSITAS HALUOLEO,PENDIDIKAN SEJARAH,Prov. Sulawesi Tenggara,Kota Kendari,UNHALU,Pendidikan Sejarah,Sejarah,36.0,92.0,48.0,122.0,512.57,84.38,S1
751055.0,UNIVERSITAS HALUOLEO,PENDIDIKAN EKONOMI,Prov. Sulawesi Tenggara,Kota Kendari,UNHALU,Pendidikan Ekonomi,Ekonomi,36.0,126.0,48.0,126.0,506.61,84.08,S1
751056.0,UNIVERSITAS HALUOLEO,PENDIDIKAN PANCASILA DAN KEWARGANEGARAAN,Prov. Sulawesi Tenggara,Kota Kendari,UNHALU,Pendidikan Pancasila,Pendidikan Pancasila,30.0,95.0,40.0,143.0,505.06,84.0,S1
751057.0,UNIVERSITAS HALUOLEO,PENDIDIKAN JASMANI KESEHATAN DAN REKREASI,Prov. Sulawesi Tenggara,Kota Kendari,UNHALU,Pendidikan Jasmani Kesehatan,"Pendidikan Jasmani, Biologi",18.0,67.0,24.0,236.0,472.51,82.38,S1
751058.0,UNIVERSITAS HALUOLEO,"PENDIDIKAN BAHASA, SASTRA INDONESIA DAN DAERAH",Prov. Sulawesi Tenggara,Kota Kendari,UNHALU,Pendidikan Bahasa Indonesia,Bahasa Indonesia,36.0,156.0,48.0,223.0,514.85,84.49,S1
751059.0,UNIVERSITAS HALUOLEO,PENDIDIKAN BAHASA INGGRIS,Prov. Sulawesi Tenggara,Kota Kendari,UNHALU,Pendidikan Bahasa Inggris,Bahasa Inggris,36.0,173.0,48.0,213.0,507.49,84.12,S1
751060.0,UNIVERSITAS HALUOLEO,PENDIDIKAN GURU SD,Prov. Sulawesi Tenggara,Kota Kendari,UNHALU,Pendidikan SD,"Matematika, Bahasa Indonesia",45.0,753.0,60.0,1164.0,505.65,84.03,S1
751061.0,UNIVERSITAS HALUOLEO,PENDIDIKAN GURU PAUD,Prov. Sulawesi Tenggara,Kota Kendari,UNHALU,Pendidikan PAUD,"Matematika, Bahasa Indonesia",30.0,143.0,40.0,191.0,463.62,81.93,S1
751062.0,UNIVERSITAS HALUOLEO,PENDIDIKAN BIMBINGAN DAN KONSELING,Prov. Sulawesi Tenggara,Kota Kendari,UNHALU,Psikologi,"Sosiologi, Matematika",30.0,180.0,40.0,260.0,508.44,84.17,S1
751063.0,UNIVERSITAS HALUOLEO,ADMINISTRASI BISNIS,Prov. Sulawesi Tenggara,Kota Kendari,UNHALU,Administrasi Bisnis,"Ekonomi, Matematika",51.0,384.0,68.0,527.0,463.83,81.94,S1
751064.0,UNIVERSITAS HALUOLEO,ARKEOLOGI,Prov. Sulawesi Tenggara,Kota Kendari,UNHALU,Sejarah,Sejarah,18.0,16.0,24.0,32.0,509.78,84.24,S1
751066.0,UNIVERSITAS HALUOLEO,ILMU KESEJAHTERAAN SOSIAL,Prov. Sulawesi Tenggara,Kota Kendari,UNHALU,Studi Humanitas,"Sosiologi, Pendidikan Pancasila, Antropologi",39.0,44.0,52.0,62.0,505.06,84.0,S1
751067.0,UNIVERSITAS HALUOLEO,SEJARAH,Prov. Sulawesi Tenggara,Kota Kendari,UNHALU,Sejarah,Sejarah,36.0,19.0,48.0,33.0,503.13,83.91,S1
751068.0,UNIVERSITAS HALUOLEO,JURNALISTIK,Prov. Sulawesi Tenggara,Kota Kendari,UNHALU,Ilmu atau Sains Komunikasi,"Sosiologi, Bahasa Indonesia, Antropologi",39.0,68.0,52.0,86.0,468.32,82.17,S1
751069.0,UNIVERSITAS HALUOLEO,PENDIDIKAN GEOGRAFI,Prov. Sulawesi Tenggara,Kota Kendari,UNHALU,Pendidikan Geografi,Geografi,36.0,114.0,48.0,93.0,505.62,84.03,S1
751070.0,UNIVERSITAS HALUOLEO,SASTRA INDONESIA,Prov. Sulawesi Tenggara,Kota Kendari,UNHALU,Susastra atau Sastra,"Bahasa Indonesia, Bahasa Inggris, Bahasa Asing Lainnya",48.0,39.0,64.0,59.0,472.3,82.37,S1
751071.0,UNIVERSITAS HALUOLEO,SASTRA INGGRIS,Prov. Sulawesi Tenggara,Kota Kendari,UNHALU,Susastra atau Sastra,"Bahasa Indonesia, Bahasa Inggris, Bahasa Asing Lainnya",48.0,122.0,64.0,146.0,512.26,84.36,S1
751072.0,UNIVERSITAS HALUOLEO,TRADISI LISAN,Prov. Sulawesi Tenggara,Kota Kendari,UNHALU,Ilmu atau Sains Komunikasi,"Sosiologi, Bahasa Indonesia, Antropologi",18.0,2.0,24.0,18.0,470.95,82.3,S1
751073.0,UNIVERSITAS HALUOLEO,PSIKOLOGI,Prov. Sulawesi Tenggara,Kota Kendari,UNHALU,Psikologi,"Sosiologi, Matematika",30.0,189.0,40.0,232.0,536.89,85.59,S1
751074.0,UNIVERSITAS HALUOLEO,ILMU POLITIK,Prov. Sulawesi Tenggara,Kota Kendari,UNHALU,Sosial,"Sosiologi, Sejarah, Antropologi",39.0,77.0,52.0,135.0,516.08,84.55,S1
751075.0,UNIVERSITAS HALUOLEO,PENDIDIKAN AKUNTANSI,Prov. Sulawesi Tenggara,Kota Kendari,UNHALU,Pendidikan Ekonomi,Ekonomi,30.0,63.0,40.0,80.0,497.03,83.6,S1
751076.0,UNIVERSITAS HALUOLEO,SASTRA PERANCIS,Prov. Sulawesi Tenggara,Kota Kendari,UNHALU,Susastra atau Sastra,"Bahasa Indonesia, Bahasa Inggris, Bahasa Asing Lainnya",9.0,5.0,12.0,7.0,503.52,83.93,S1
751077.0,UNIVERSITAS HALUOLEO,PERPUSTAKAAN DAN ILMU INFORMASI,Prov. Sulawesi Tenggara,Kota Kendari,UNHALU,Ilmu atau Sains Komunikasi,"Sosiologi, Bahasa Indonesia, Antropologi",39.0,45.0,52.0,65.0,493.53,83.43,S1
751078.0,UNIVERSITAS HALUOLEO,ILMU PEMERINTAHAN,Prov. Sulawesi Tenggara,Kota Kendari,UNHALU,Urusan Publik,"Sosiologi, Pendidikan Pancasila",39.0,86.0,52.0,176.0,514.65,84.48,S1
751079.0,UNIVERSITAS HALUOLEO,TEKNIK SIPIL - D3,Prov. Sulawesi Tenggara,Kota Kendari,UNHALU,Teknik atau rekayasa,"Fisika, Matematika Tingkat Lanjut, Matematika",24.0,0.0,32.0,0.0,0.0,0.0,D3
751080.0,UNIVERSITAS HALUOLEO,TEKNIK ELEKTRONIKA,Prov. Sulawesi Tenggara,Kota Kendari,UNHALU,Teknik atau rekayasa,"Fisika, Matematika Tingkat Lanjut, Matematika",24.0,0.0,32.0,0.0,0.0,0.0,D3
751081.0,UNIVERSITAS HALUOLEO,STATISTIK - D3,Prov. Sulawesi Tenggara,Kota Kendari,UNHALU,Sains Data,"Matematika Tingkat Lanjut, Matematika",24.0,0.0,32.0,0.0,0.0,0.0,D3
751082.0,UNIVERSITAS HALUOLEO,TEKNIK ARSITEKTUR - D3,Prov. Sulawesi Tenggara,Kota Kendari,UNHALU,Teknik atau rekayasa,"Fisika, Matematika Tingkat Lanjut, Matematika",24.0,0.0,32.0,0.0,0.0,0.0,D3
751083.0,UNIVERSITAS HALUOLEO,TEKNIK MESIN - D3,Prov. Sulawesi Tenggara,Kota Kendari,UNHALU,Teknik atau rekayasa,"Fisika, Matematika Tingkat Lanjut, Matematika",24.0,0.0,32.0,0.0,0.0,0.0,D3
752001.0,UNIVERSITAS NEGERI GORONTALO,PENDIDIKAN MATEMATIKA,Prov. Gorontalo,Kota Gorontalo,UNG,Pendidikan Matematika,"Matematika, Matematika Tingkat Lanjut",40.0,94.0,55.0,68.0,503.58,83.93,S1
752002.0,UNIVERSITAS NEGERI GORONTALO,PENDIDIKAN FISIKA,Prov. Gorontalo,Kota Gorontalo,UNG,Pendidikan Fisika,Fisika,9.0,18.0,15.0,18.0,494.67,83.48,S1
752003.0,UNIVERSITAS NEGERI GORONTALO,PENDIDIKAN BIOLOGI,Prov. Gorontalo,Kota Gorontalo,UNG,Pendidikan Biologi,Biologi,27.0,63.0,27.0,85.0,498.54,83.68,S1
752004.0,UNIVERSITAS NEGERI GORONTALO,PENDIDIKAN KIMIA,Prov. Gorontalo,Kota Gorontalo,UNG,Pendidikan Kimia,Kimia,9.0,18.0,15.0,25.0,499.48,83.72,S1
752007.0,UNIVERSITAS NEGERI GORONTALO,AGROTEKNOLOGI,Prov. Gorontalo,Kota Gorontalo,UNG,Ilmu dan Sains Pertanian,"Biologi, Matematika",36.0,79.0,54.0,93.0,510.6,84.28,S1
752008.0,UNIVERSITAS NEGERI GORONTALO,SISTEM INFORMASI,Prov. Gorontalo,Kota Gorontalo,UNG,Ilmu atau Sains Informasi,"Matematika Tingkat Lanjut, Matematika",50.0,242.0,50.0,327.0,515.72,84.54,S1
752009.0,UNIVERSITAS NEGERI GORONTALO,TEKNIK ELEKTRO,Prov. Gorontalo,Kota Gorontalo,UNG,Teknik atau rekayasa,"Fisika, Matematika Tingkat Lanjut, Matematika",36.0,55.0,45.0,73.0,513.72,84.44,S1
752010.0,UNIVERSITAS NEGERI GORONTALO,AGROBISNIS,Prov. Gorontalo,Kota Gorontalo,UNG,Ilmu dan Sains Pertanian,"Biologi, Matematika",40.0,109.0,50.0,187.0,499.76,83.74,S1
752011.0,UNIVERSITAS NEGERI GORONTALO,KESEHATAN MASYARAKAT,Prov. Gorontalo,Kota Gorontalo,UNG,Kesehatan Masyarakat,"Biologi, Matematika, Sosiologi",60.0,403.0,80.0,894.0,522.26,84.86,S1
752012.0,UNIVERSITAS NEGERI GORONTALO,MANAJEMEN SUMBERDAYA PERAIRAN,Prov. Gorontalo,Kota Gorontalo,UNG,"Bioteknologi, Biokewirausaha an, Bioinformatika","Biologi, Matematika",49.0,43.0,56.0,52.0,499.6,83.73,S1
752013.0,UNIVERSITAS NEGERI GORONTALO,PETERNAKAN,Prov. Gorontalo,Kota Gorontalo,UNG,Peternakan,"Biologi, Matematika",26.0,27.0,40.0,46.0,504.33,83.97,S1
752014.0,UNIVERSITAS NEGERI GORONTALO,BUDIDAYA PERAIRAN,Prov. Gorontalo,Kota Gorontalo,UNG,"Bioteknologi, Biokewirausaha an, Bioinformatika","Biologi, Matematika",49.0,29.0,56.0,27.0,497.2,83.61,S1
752015.0,UNIVERSITAS NEGERI GORONTALO,KEPERAWATAN,Prov. Gorontalo,Kota Gorontalo,UNG,Keperawatan,"Biologi, Matematika",45.0,665.0,60.0,1206.0,506.24,84.06,S1
752016.0,UNIVERSITAS NEGERI GORONTALO,TEKNOLOGI HASIL PERIKANAN,Prov. Gorontalo,Kota Gorontalo,UNG,"Teknologi Pangan, Teknologi Hasil Pertanian/ Peternakan/ Perikanan","Kimia, Biologi, Matematika",49.0,24.0,56.0,41.0,505.0,84.0,S1
752017.0,UNIVERSITAS NEGERI GORONTALO,TEKNIK SIPIL,Prov. Gorontalo,Kota Gorontalo,UNG,Teknik atau rekayasa,"Fisika, Matematika Tingkat Lanjut, Matematika",25.0,127.0,55.0,266.0,543.94,85.95,S1
752018.0,UNIVERSITAS NEGERI GORONTALO,TEKNIK ARSITEKTUR,Prov. Gorontalo,Kota Gorontalo,UNG,Teknik atau rekayasa,"Fisika, Matematika Tingkat Lanjut, Matematika",30.0,78.0,60.0,134.0,530.72,85.29,S1
752019.0,UNIVERSITAS NEGERI GORONTALO,FARMASI - S1,Prov. Gorontalo,Kota Gorontalo,UNG,Ilmu Farmasi,"Biologi, Kimia, Matematika",27.0,473.0,36.0,891.0,545.96,86.05,S1
752020.0,UNIVERSITAS NEGERI GORONTALO,TEKNIK GEOLOGI,Prov. Gorontalo,Kota Gorontalo,UNG,Ilmu atau Sains Kebumian,"Fisika, Matematika Tingkat Lanjut, Matematika",30.0,51.0,24.0,105.0,520.68,84.78,S1
752021.0,UNIVERSITAS NEGERI GORONTALO,PENDIDIKAN VOKASIONAL KONSTRUKSI BANGUNAN,Prov. Gorontalo,Kota Gorontalo,UNG,Pendidikan Teknik,"Fisika, Matematika Tingkat Lanjut, Matematika",11.0,0.0,13.0,4.0,486.88,83.09,S1
752022.0,UNIVERSITAS NEGERI GORONTALO,PENDIDIKAN TEKNOLOGI INFORMASI,Prov. Gorontalo,Kota Gorontalo,UNG,Pendidikan Informatika,"Matematika Tingkat Lanjut, Matematika",50.0,106.0,50.0,175.0,493.64,83.43,S1
752023.0,UNIVERSITAS NEGERI GORONTALO,TEKNIK INDUSTRI,Prov. Gorontalo,Kota Gorontalo,UNG,Teknik atau rekayasa,"Fisika, Matematika Tingkat Lanjut, Matematika",30.0,69.0,24.0,85.0,517.69,84.63,S1
752024.0,UNIVERSITAS NEGERI GORONTALO,TEKNOLOGI PANGAN,Prov. Gorontalo,Kota Gorontalo,UNG,"Teknologi Pangan, Teknologi Hasil Pertanian/ Peternakan/ Perikanan","Kimia, Biologi, Matematika",30.0,29.0,38.0,32.0,504.83,83.99,S1
752026.0,UNIVERSITAS NEGERI GORONTALO,PENDIDIKAN TEKNIK MESIN,Prov. Gorontalo,Kota Gorontalo,UNG,Pendidikan Teknik,"Fisika, Matematika Tingkat Lanjut, Matematika",30.0,23.0,24.0,51.0,505.12,84.01,S1
752027.0,UNIVERSITAS NEGERI GORONTALO,KIMIA,Prov. Gorontalo,Kota Gorontalo,UNG,Kimia,"Kimia, Matematika",22.0,30.0,23.0,36.0,480.13,82.76,S1
752028.0,UNIVERSITAS NEGERI GORONTALO,BIOLOGI,Prov. Gorontalo,Kota Gorontalo,UNG,Biologi,"Biologi, Matematika",27.0,47.0,27.0,61.0,473.63,82.43,S1
752029.0,UNIVERSITAS NEGERI GORONTALO,FISIKA,Prov. Gorontalo,Kota Gorontalo,UNG,Fisika,"Fisika, Matematika",4.0,13.0,8.0,7.0,507.21,84.11,S1
752030.0,UNIVERSITAS NEGERI GORONTALO,MATEMATIKA,Prov. Gorontalo,Kota Gorontalo,UNG,Matematika,"Matematika Tingkat Lanjut, Matematika",19.0,27.0,19.0,26.0,504.28,83.96,S1
752031.0,UNIVERSITAS NEGERI GORONTALO,STATISTIK,Prov. Gorontalo,Kota Gorontalo,UNG,Sains Data,"Matematika Tingkat Lanjut, Matematika",29.0,75.0,31.0,67.0,495.97,83.55,S1
752032.0,UNIVERSITAS NEGERI GORONTALO,PENDIDIKAN IPA,Prov. Gorontalo,Kota Gorontalo,UNG,Pendidikan IPA,"Matematika, Biologi",18.0,18.0,18.0,39.0,504.71,83.99,S1
752033.0,UNIVERSITAS NEGERI GORONTALO,KEDOKTERAN,Prov. Gorontalo,Kota Gorontalo,UNG,Ilmu atau Sains Kedokteran,"Biologi, Kimia, Matematika",12.0,293.0,30.0,411.0,638.63,90.68,S1
752034.0,UNIVERSITAS NEGERI GORONTALO,TEKNOLOGI REKAYASA PERANGKAT LUNAK,Prov. Gorontalo,Kota Gorontalo,UNG,Teknik atau rekayasa,"Fisika, Matematika Tingkat Lanjut, Matematika",8.0,7.0,18.0,25.0,489.79,83.24,D4
752035.0,UNIVERSITAS NEGERI GORONTALO,TEKNOLOGI REKAYASA ENERGI TERBARUKAN,Prov. Gorontalo,Kota Gorontalo,UNG,Teknik atau rekayasa,"Fisika, Matematika Tingkat Lanjut, Matematika",6.0,0.0,13.0,6.0,502.41,83.87,D4
752036.0,UNIVERSITAS NEGERI GORONTALO,ARSITEKTUR BANGUNAN GEDUNG,Prov. Gorontalo,Kota Gorontalo,UNG,Arsitektur,"Matematika, Fisika",6.0,0.0,13.0,12.0,500.64,83.78,D4
752037.0,UNIVERSITAS NEGERI GORONTALO,PERENCANAAN WILAYAH DAN KOTA,Prov. Gorontalo,Kota Gorontalo,UNG,Perencanaan Wilayah,"Ekonomi, Matematika",25.0,0.0,60.0,43.0,499.19,83.71,S1
752038.0,UNIVERSITAS NEGERI GORONTALO,PENDIDIKAN SEJARAH,Prov. Gorontalo,Kota Gorontalo,UNG,Pendidikan Sejarah,Sejarah,57.0,50.0,60.0,80.0,476.67,82.58,S1
752039.0,UNIVERSITAS NEGERI GORONTALO,PENDIDIKAN PANCASILA DAN KEWARGANEGARAAN,Prov. Gorontalo,Kota Gorontalo,UNG,Pendidikan Pancasila,Pendidikan Pancasila,48.0,36.0,60.0,75.0,477.69,82.63,S1
752040.0,UNIVERSITAS NEGERI GORONTALO,PENDIDIKAN EKONOMI,Prov. Gorontalo,Kota Gorontalo,UNG,Pendidikan Ekonomi,Ekonomi,97.0,136.0,110.0,206.0,481.62,82.83,S1
752041.0,UNIVERSITAS NEGERI GORONTALO,PENDIDIKAN JASMANI KESEHATAN DAN REKREASI,Prov. Gorontalo,Kota Gorontalo,UNG,Pendidikan Jasmani Kesehatan,"Pendidikan Jasmani, Biologi",45.0,24.0,40.0,82.0,479.08,82.7,S1
752042.0,UNIVERSITAS NEGERI GORONTALO,PENDIDIKAN BAHASA DAN SASTRA INDONESIA,Prov. Gorontalo,Kota Gorontalo,UNG,Pendidikan Bahasa Indonesia,Bahasa Indonesia,60.0,148.0,60.0,215.0,497.45,83.62,S1
752043.0,UNIVERSITAS NEGERI GORONTALO,PENDIDIKAN BAHASA INGGRIS,Prov. Gorontalo,Kota Gorontalo,UNG,Pendidikan Bahasa Inggris,Bahasa Inggris,65.0,142.0,80.0,189.0,497.79,83.64,S1
752044.0,UNIVERSITAS NEGERI GORONTALO,PENDIDIKAN GURU SD,Prov. Gorontalo,Kota Gorontalo,UNG,Pendidikan SD,"Matematika, Bahasa Indonesia",100.0,709.0,140.0,940.0,501.97,83.85,S1
752045.0,UNIVERSITAS NEGERI GORONTALO,PENDIDIKAN GURU PAUD,Prov. Gorontalo,Kota Gorontalo,UNG,Pendidikan PAUD,"Matematika, Bahasa Indonesia",40.0,70.0,60.0,116.0,489.11,83.21,S1
752046.0,UNIVERSITAS NEGERI GORONTALO,PENDIDIKAN SENDRATASIK,Prov. Gorontalo,Kota Gorontalo,UNG,Pendidikan Seni,Seni Budaya,20.0,12.0,20.0,22.0,481.15,82.81,S1
752047.0,UNIVERSITAS NEGERI GORONTALO,PENDIDIKAN BIMBINGAN DAN KONSELING,Prov. Gorontalo,Kota Gorontalo,UNG,Psikologi,"Sosiologi, Matematika",30.0,101.0,90.0,186.0,474.19,82.46,S1
752048.0,UNIVERSITAS NEGERI GORONTALO,PENDIDIKAN LUAR SEKOLAH,Prov. Gorontalo,Kota Gorontalo,UNG,Pendidikan Luar Sekolah,"Bahasa Indonesia, Matematika",25.0,5.0,30.0,17.0,485.08,83.0,S1
752049.0,UNIVERSITAS NEGERI GORONTALO,MANAJEMEN PENDIDIKAN,Prov. Gorontalo,Kota Gorontalo,UNG,Manajemen Pendidikan,"Ekonomi, Sosiologi",40.0,109.0,80.0,195.0,481.07,82.8,S1
752050.0,UNIVERSITAS NEGERI GORONTALO,HUKUM,Prov. Gorontalo,Kota Gorontalo,UNG,Hukum,"Sosiologi, Pendidikan Pancasila",103.0,455.0,190.0,600.0,494.16,83.46,S1
752051.0,UNIVERSITAS NEGERI GORONTALO,AKUNTANSI,Prov. Gorontalo,Kota Gorontalo,UNG,Ilmu atau Sains Akuntansi,"Ekonomi, Matematika",60.0,358.0,100.0,412.0,512.96,84.4,S1
752052.0,UNIVERSITAS NEGERI GORONTALO,MANAJEMEN,Prov. Gorontalo,Kota Gorontalo,UNG,Ilmu atau Sains Manajemen,"Ekonomi, Matematika",74.0,658.0,133.0,825.0,550.86,86.29,S1
752053.0,UNIVERSITAS NEGERI GORONTALO,PENDIDIKAN KEPELATIHAN OLAHRAGA,Prov. Gorontalo,Kota Gorontalo,UNG,Pendidikan Jasmani Kesehatan,"Pendidikan Jasmani, Biologi",31.0,15.0,50.0,65.0,493.68,83.43,S1
752054.0,UNIVERSITAS NEGERI GORONTALO,SOSIOLOGI,Prov. Gorontalo,Kota Gorontalo,UNG,Studi Humanitas,"Sosiologi, Pendidikan Pancasila, Antropologi",48.0,98.0,60.0,144.0,504.56,83.98,S1
752055.0,UNIVERSITAS NEGERI GORONTALO,ILMU KOMUNIKASI,Prov. Gorontalo,Kota Gorontalo,UNG,Ilmu atau Sains Komunikasi,"Sosiologi, Bahasa Indonesia, Antropologi",45.0,242.0,65.0,412.0,537.41,85.62,S1
752056.0,UNIVERSITAS NEGERI GORONTALO,EKONOMI PEMBANGUNAN,Prov. Gorontalo,Kota Gorontalo,UNG,Ekonomi,"Ekonomi, Matematika",40.0,48.0,60.0,121.0,499.91,83.75,S1
752057.0,UNIVERSITAS NEGERI GORONTALO,ADMINISTRASI PUBLIK,Prov. Gorontalo,Kota Gorontalo,UNG,Administrasi Bisnis,"Ekonomi, Matematika",45.0,211.0,65.0,368.0,509.47,84.22,S1
752058.0,UNIVERSITAS NEGERI GORONTALO,PENDIDIKAN GEOGRAFI,Prov. Gorontalo,Kota Gorontalo,UNG,Pendidikan Geografi,Geografi,24.0,39.0,30.0,44.0,500.84,83.79,S1
752059.0,UNIVERSITAS NEGERI GORONTALO,PENDIDIKAN SENI RUPA,Prov. Gorontalo,Kota Gorontalo,UNG,Pendidikan Seni,Seni Budaya,20.0,26.0,25.0,36.0,483.57,82.93,S1
752060.0,UNIVERSITAS NEGERI GORONTALO,FARMASI - D3,Prov. Gorontalo,Kota Gorontalo,UNG,Ilmu Farmasi,"Biologi, Kimia, Matematika",12.0,0.0,30.0,0.0,0.0,0.0,D3
752061.0,UNIVERSITAS NEGERI GORONTALO,PARIWISATA,Prov. Gorontalo,Kota Gorontalo,UNG,Pariwisata,"Ekonomi, Matematika",20.0,0.0,20.0,0.0,0.0,0.0,D3
752062.0,UNIVERSITAS NEGERI GORONTALO,PSIKOLOGI,Prov. Gorontalo,Kota Gorontalo,UNG,Psikologi,"Sosiologi, Matematika",10.0,0.0,30.0,0.0,0.0,0.0,S1
752063.0,UNIVERSITAS NEGERI GORONTALO,AGROBISNIS PERIKANAN,Prov. Gorontalo,Kota Gorontalo,UNG,"Bioteknologi, Biokewirausaha an, Bioinformatika","Biologi, Matematika",6.0,0.0,13.0,0.0,0.0,0.0,D4
753001.0,UNIVERSITAS SEMBILAN BELAS NOVEMBER KOLAKA,PENDIDIKAN MATEMATIKA,Prov. Sulawesi Tenggara,Kab Kolaka,USN KOLAKA,Pendidikan Matematika,"Matematika, Matematika Tingkat Lanjut",20.0,12.0,36.0,7.0,505.6,84.03,S1
753002.0,UNIVERSITAS SEMBILAN BELAS NOVEMBER KOLAKA,SISTEM INFORMASI,Prov. Sulawesi Tenggara,Kab Kolaka,USN KOLAKA,Ilmu atau Sains Informasi,"Matematika Tingkat Lanjut, Matematika",45.0,67.0,78.0,84.0,506.83,84.09,S1
753003.0,UNIVERSITAS SEMBILAN BELAS NOVEMBER KOLAKA,TEKNIK SIPIL,Prov. Sulawesi Tenggara,Kab Kolaka,USN KOLAKA,Teknik atau rekayasa,"Fisika, Matematika Tingkat Lanjut, Matematika",27.0,14.0,47.0,34.0,516.5,84.58,S1
753004.0,UNIVERSITAS SEMBILAN BELAS NOVEMBER KOLAKA,TEKNIK PERTAMBANGAN,Prov. Sulawesi Tenggara,Kab Kolaka,USN KOLAKA,Teknik atau rekayasa,"Fisika, Matematika Tingkat Lanjut, Matematika",27.0,62.0,47.0,72.0,533.96,85.45,S1
753005.0,UNIVERSITAS SEMBILAN BELAS NOVEMBER KOLAKA,AGROBISNIS,Prov. Sulawesi Tenggara,Kab Kolaka,USN KOLAKA,Ilmu dan Sains Pertanian,"Biologi, Matematika",20.0,17.0,36.0,22.0,507.46,84.12,S1
753006.0,UNIVERSITAS SEMBILAN BELAS NOVEMBER KOLAKA,AGROTEKNOLOGI,Prov. Sulawesi Tenggara,Kab Kolaka,USN KOLAKA,Ilmu dan Sains Pertanian,"Biologi, Matematika",12.0,10.0,20.0,12.0,479.24,82.71,S1
753007.0,UNIVERSITAS SEMBILAN BELAS NOVEMBER KOLAKA,PETERNAKAN,Prov. Sulawesi Tenggara,Kab Kolaka,USN KOLAKA,Peternakan,"Biologi, Matematika",10.0,16.0,15.0,27.0,470.81,82.29,S1
753008.0,UNIVERSITAS SEMBILAN BELAS NOVEMBER KOLAKA,PERIKANAN,Prov. Sulawesi Tenggara,Kab Kolaka,USN KOLAKA,Ilmu atau Sains Perikanan,"Biologi, Matematika",18.0,13.0,31.0,30.0,509.54,84.23,S1
753009.0,UNIVERSITAS SEMBILAN BELAS NOVEMBER KOLAKA,PENDIDIKAN BIOLOGI,Prov. Sulawesi Tenggara,Kab Kolaka,USN KOLAKA,Pendidikan Biologi,Biologi,18.0,12.0,31.0,20.0,507.49,84.12,S1
753010.0,UNIVERSITAS SEMBILAN BELAS NOVEMBER KOLAKA,PENDIDIKAN KIMIA,Prov. Sulawesi Tenggara,Kab Kolaka,USN KOLAKA,Pendidikan Kimia,Kimia,10.0,6.0,15.0,3.0,491.84,83.34,S1
753011.0,UNIVERSITAS SEMBILAN BELAS NOVEMBER KOLAKA,TEKNOLOGI HASIL PERTANIAN,Prov. Sulawesi Tenggara,Kab Kolaka,USN KOLAKA,"Teknologi Pangan, Teknologi Hasil Pertanian/ Peternakan/ Perikanan","Kimia, Biologi, Matematika",10.0,8.0,15.0,4.0,501.97,83.85,S1
753012.0,UNIVERSITAS SEMBILAN BELAS NOVEMBER KOLAKA,KIMIA,Prov. Sulawesi Tenggara,Kab Kolaka,USN KOLAKA,Kimia,"Kimia, Matematika",10.0,1.0,15.0,4.0,487.61,83.13,S1
753013.0,UNIVERSITAS SEMBILAN BELAS NOVEMBER KOLAKA,ILMU KOMPUTER,Prov. Sulawesi Tenggara,Kab Kolaka,USN KOLAKA,Komputer,"Matematika Tingkat Lanjut, Matematika",30.0,77.0,54.0,92.0,527.76,85.14,S1
753014.0,UNIVERSITAS SEMBILAN BELAS NOVEMBER KOLAKA,FARMASI,Prov. Sulawesi Tenggara,Kab Kolaka,USN KOLAKA,Ilmu Farmasi,"Biologi, Kimia, Matematika",18.0,48.0,31.0,103.0,520.57,84.78,S1
753015.0,UNIVERSITAS SEMBILAN BELAS NOVEMBER KOLAKA,PENDIDIKAN FISIKA,Prov. Sulawesi Tenggara,Kab Kolaka,USN KOLAKA,Pendidikan Fisika,Fisika,10.0,4.0,15.0,4.0,500.05,83.75,S1
753016.0,UNIVERSITAS SEMBILAN BELAS NOVEMBER KOLAKA,ILMU KELAUTAN,Prov. Sulawesi Tenggara,Kab Kolaka,USN KOLAKA,Ilmu atau Sains Kelautan,"Biologi, Matematika, Geografi",18.0,8.0,31.0,6.0,500.14,83.76,S1
753017.0,UNIVERSITAS SEMBILAN BELAS NOVEMBER KOLAKA,TEKNIK MESIN,Prov. Sulawesi Tenggara,Kab Kolaka,USN KOLAKA,Teknik atau rekayasa,"Fisika, Matematika Tingkat Lanjut, Matematika",18.0,9.0,31.0,26.0,513.47,84.42,S1
753018.0,UNIVERSITAS SEMBILAN BELAS NOVEMBER KOLAKA,TEKNIK PERKAPALAN,Prov. Sulawesi Tenggara,Kab Kolaka,USN KOLAKA,Teknik atau rekayasa,"Fisika, Matematika Tingkat Lanjut, Matematika",18.0,10.0,31.0,24.0,507.63,84.13,S1
753019.0,UNIVERSITAS SEMBILAN BELAS NOVEMBER KOLAKA,MATEMATIKA,Prov. Sulawesi Tenggara,Kab Kolaka,USN KOLAKA,Matematika,"Matematika Tingkat Lanjut, Matematika",10.0,5.0,15.0,4.0,513.4,84.42,S1
753020.0,UNIVERSITAS SEMBILAN BELAS NOVEMBER KOLAKA,HUKUM,Prov. Sulawesi Tenggara,Kab Kolaka,USN KOLAKA,Hukum,"Sosiologi, Pendidikan Pancasila",43.0,34.0,76.0,52.0,503.15,83.91,S1
753021.0,UNIVERSITAS SEMBILAN BELAS NOVEMBER KOLAKA,ADMINISTRASI PUBLIK,Prov. Sulawesi Tenggara,Kab Kolaka,USN KOLAKA,Administrasi Bisnis,"Ekonomi, Matematika",35.0,46.0,60.0,63.0,511.53,84.33,S1
753022.0,UNIVERSITAS SEMBILAN BELAS NOVEMBER KOLAKA,PENDIDIKAN BAHASA INDONESIA,Prov. Sulawesi Tenggara,Kab Kolaka,USN KOLAKA,Pendidikan Bahasa Indonesia,Bahasa Indonesia,30.0,12.0,54.0,24.0,464.71,81.99,S1
753023.0,UNIVERSITAS SEMBILAN BELAS NOVEMBER KOLAKA,PENDIDIKAN BAHASA INGGRIS,Prov. Sulawesi Tenggara,Kab Kolaka,USN KOLAKA,Pendidikan Bahasa Inggris,Bahasa Inggris,30.0,21.0,54.0,24.0,507.42,84.12,S1
753024.0,UNIVERSITAS SEMBILAN BELAS NOVEMBER KOLAKA,PENDIDIKAN GEOGRAFI,Prov. Sulawesi Tenggara,Kab Kolaka,USN KOLAKA,Pendidikan Geografi,Geografi,27.0,27.0,47.0,24.0,499.09,83.7,S1
753025.0,UNIVERSITAS SEMBILAN BELAS NOVEMBER KOLAKA,AKUNTANSI,Prov. Sulawesi Tenggara,Kab Kolaka,USN KOLAKA,Ilmu atau Sains Akuntansi,"Ekonomi, Matematika",23.0,52.0,40.0,48.0,540.36,85.77,S1
753026.0,UNIVERSITAS SEMBILAN BELAS NOVEMBER KOLAKA,PENDIDIKAN PANCASILA DAN KEWARGANEGARAAN,Prov. Sulawesi Tenggara,Kab Kolaka,USN KOLAKA,Pendidikan Pancasila,Pendidikan Pancasila,10.0,13.0,18.0,22.0,470.59,82.28,S1
753027.0,UNIVERSITAS SEMBILAN BELAS NOVEMBER KOLAKA,MANAJEMEN,Prov. Sulawesi Tenggara,Kab Kolaka,USN KOLAKA,Ilmu atau Sains Manajemen,"Ekonomi, Matematika",23.0,109.0,40.0,134.0,539.99,85.75,S1
753028.0,UNIVERSITAS SEMBILAN BELAS NOVEMBER KOLAKA,PENDIDIKAN JASMANI KESEHATAN DAN REKREASI,Prov. Sulawesi Tenggara,Kab Kolaka,USN KOLAKA,Pendidikan Jasmani Kesehatan,"Pendidikan Jasmani, Biologi",20.0,9.0,36.0,19.0,505.69,84.03,S1
753029.0,UNIVERSITAS SEMBILAN BELAS NOVEMBER KOLAKA,EKONOMI PEMBANGUNAN,Prov. Sulawesi Tenggara,Kab Kolaka,USN KOLAKA,Ekonomi,"Ekonomi, Matematika",12.0,15.0,20.0,30.0,493.99,83.45,S1
753030.0,UNIVERSITAS SEMBILAN BELAS NOVEMBER KOLAKA,KEPERAWATAN,Prov. Sulawesi Tenggara,Kab Kolaka,USN KOLAKA,Keperawatan,"Biologi, Matematika",15.0,0.0,27.0,0.0,0.0,0.0,D3
811001.0,UNIVERSITAS PATTIMURA,PENDIDIKAN BIOLOGI,Prov. Maluku,Kota Ambon,UNPATTI,Pendidikan Biologi,Biologi,36.0,47.0,48.0,45.0,503.83,83.94,S1
811002.0,UNIVERSITAS PATTIMURA,PENDIDIKAN FISIKA,Prov. Maluku,Kota Ambon,UNPATTI,Pendidikan Fisika,Fisika,10.0,16.0,25.0,7.0,493.1,83.41,S1
811003.0,UNIVERSITAS PATTIMURA,PENDIDIKAN MATEMATIKA,Prov. Maluku,Kota Ambon,UNPATTI,Pendidikan Matematika,"Matematika, Matematika Tingkat Lanjut",27.0,32.0,36.0,24.0,490.08,83.25,S1
811004.0,UNIVERSITAS PATTIMURA,PENDIDIKAN KIMIA,Prov. Maluku,Kota Ambon,UNPATTI,Pendidikan Kimia,Kimia,10.0,11.0,25.0,11.0,500.49,83.77,S1
811005.0,UNIVERSITAS PATTIMURA,AGROBISNIS,Prov. Maluku,Kota Ambon,UNPATTI,Ilmu dan Sains Pertanian,"Biologi, Matematika",24.0,39.0,32.0,36.0,508.56,84.18,S1
811006.0,UNIVERSITAS PATTIMURA,AGROTEKNOLOGI,Prov. Maluku,Kota Ambon,UNPATTI,Ilmu dan Sains Pertanian,"Biologi, Matematika",12.0,14.0,16.0,24.0,501.96,83.85,S1
811007.0,UNIVERSITAS PATTIMURA,TEKNOLOGI HASIL PERTANIAN,Prov. Maluku,Kota Ambon,UNPATTI,"Teknologi Pangan, Teknologi Hasil Pertanian/ Peternakan/ Perikanan","Kimia, Biologi, Matematika",12.0,10.0,16.0,12.0,510.46,84.27,S1
811008.0,UNIVERSITAS PATTIMURA,KEHUTANAN,Prov. Maluku,Kota Ambon,UNPATTI,Kehutanan,"Biologi, Matematika",16.0,23.0,40.0,46.0,508.06,84.15,S1
811009.0,UNIVERSITAS PATTIMURA,PETERNAKAN,Prov. Maluku,Kota Ambon,UNPATTI,Peternakan,"Biologi, Matematika",6.0,10.0,8.0,13.0,513.64,84.43,S1
811010.0,UNIVERSITAS PATTIMURA,TEKNIK PERKAPALAN,Prov. Maluku,Kota Ambon,UNPATTI,Teknik atau rekayasa,"Fisika, Matematika Tingkat Lanjut, Matematika",16.0,21.0,40.0,19.0,500.44,83.77,S1
811011.0,UNIVERSITAS PATTIMURA,TEKNIK SISTEM PERKAPALAN,Prov. Maluku,Kota Ambon,UNPATTI,Teknik atau rekayasa,"Fisika, Matematika Tingkat Lanjut, Matematika",14.0,2.0,35.0,12.0,504.59,83.98,S1
811012.0,UNIVERSITAS PATTIMURA,TEKNIK MESIN,Prov. Maluku,Kota Ambon,UNPATTI,Teknik atau rekayasa,"Fisika, Matematika Tingkat Lanjut, Matematika",32.0,29.0,80.0,49.0,570.82,87.29,S1
811013.0,UNIVERSITAS PATTIMURA,TEKNIK INDUSTRI,Prov. Maluku,Kota Ambon,UNPATTI,Teknik atau rekayasa,"Fisika, Matematika Tingkat Lanjut, Matematika",48.0,41.0,64.0,76.0,611.09,89.3,S1
811014.0,UNIVERSITAS PATTIMURA,MANAJEMEN SUMBERDAYA PERAIRAN,Prov. Maluku,Kota Ambon,UNPATTI,"Bioteknologi, Biokewirausaha an, Bioinformatika","Biologi, Matematika",16.0,6.0,40.0,18.0,499.92,83.75,S1
811015.0,UNIVERSITAS PATTIMURA,ILMU KELAUTAN,Prov. Maluku,Kota Ambon,UNPATTI,Ilmu atau Sains Kelautan,"Biologi, Matematika, Geografi",20.0,19.0,50.0,36.0,475.53,82.53,S1
811016.0,UNIVERSITAS PATTIMURA,BUDIDAYA PERAIRAN,Prov. Maluku,Kota Ambon,UNPATTI,"Bioteknologi, Biokewirausaha an, Bioinformatika","Biologi, Matematika",10.0,4.0,25.0,9.0,472.4,82.37,S1
811017.0,UNIVERSITAS PATTIMURA,PEMANFAATAN SUMBERDAYA PERIKANAN,Prov. Maluku,Kota Ambon,UNPATTI,"Bioteknologi, Biokewirausaha an, Bioinformatika","Biologi, Matematika",20.0,16.0,48.0,17.0,514.33,84.47,S1
811018.0,UNIVERSITAS PATTIMURA,TEKNOLOGI HASIL PERIKANAN,Prov. Maluku,Kota Ambon,UNPATTI,"Teknologi Pangan, Teknologi Hasil Pertanian/ Peternakan/ Perikanan","Kimia, Biologi, Matematika",20.0,12.0,50.0,18.0,503.26,83.91,S1
811019.0,UNIVERSITAS PATTIMURA,AGROBISNIS PERIKANAN,Prov. Maluku,Kota Ambon,UNPATTI,Ilmu atau Sains Perikanan,"Biologi, Matematika",20.0,11.0,50.0,26.0,493.2,83.41,S1
811020.0,UNIVERSITAS PATTIMURA,MATEMATIKA,Prov. Maluku,Kota Ambon,UNPATTI,Matematika,"Matematika Tingkat Lanjut, Matematika",30.0,21.0,40.0,18.0,510.16,84.26,S1
811021.0,UNIVERSITAS PATTIMURA,FISIKA,Prov. Maluku,Kota Ambon,UNPATTI,Fisika,"Fisika, Matematika",10.0,7.0,25.0,7.0,489.69,83.23,S1
811022.0,UNIVERSITAS PATTIMURA,KIMIA,Prov. Maluku,Kota Ambon,UNPATTI,Kimia,"Kimia, Matematika",10.0,13.0,25.0,13.0,489.27,83.21,S1
811023.0,UNIVERSITAS PATTIMURA,BIOLOGI,Prov. Maluku,Kota Ambon,UNPATTI,Biologi,"Biologi, Matematika",24.0,33.0,60.0,43.0,500.61,83.78,S1
811024.0,UNIVERSITAS PATTIMURA,KEDOKTERAN,Prov. Maluku,Kota Ambon,UNPATTI,Ilmu atau Sains Kedokteran,"Biologi, Kimia, Matematika",45.0,522.0,60.0,880.0,632.9,90.4,S1
811025.0,UNIVERSITAS PATTIMURA,PERENCANAAN WILAYAH DAN KOTA,Prov. Maluku,Kota Ambon,UNPATTI,Perencanaan Wilayah,"Ekonomi, Matematika",40.0,51.0,100.0,72.0,507.94,84.15,S1
811026.0,UNIVERSITAS PATTIMURA,TEKNIK SIPIL,Prov. Maluku,Kota Ambon,UNPATTI,Teknik atau rekayasa,"Fisika, Matematika Tingkat Lanjut, Matematika",66.0,149.0,88.0,177.0,512.14,84.36,S1
811027.0,UNIVERSITAS PATTIMURA,PEMULIAAN TANAMAN,Prov. Maluku,Kota Ambon,UNPATTI,"Konservasi Biologi, Konservasi Hewan Liar, Konservasi Hewan Liar dan Hutan, Konservasi Hutan, Konservasi Sumber Daya Alam","Biologi, Matematika",4.0,2.0,10.0,4.0,499.13,83.71,S1
811028.0,UNIVERSITAS PATTIMURA,ILMU TANAH,Prov. Maluku,Kota Ambon,UNPATTI,Ilmu atau Sains Lingkungan,"Biologi, Matematika",4.0,3.0,10.0,6.0,499.17,83.71,S1
811029.0,UNIVERSITAS PATTIMURA,TEKNIK GEOLOGI,Prov. Maluku,Kota Ambon,UNPATTI,Ilmu atau Sains Kebumian,"Fisika, Matematika Tingkat Lanjut, Matematika",12.0,45.0,16.0,52.0,520.99,84.8,S1
811030.0,UNIVERSITAS PATTIMURA,STATISTIK,Prov. Maluku,Kota Ambon,UNPATTI,Sains Data,"Matematika Tingkat Lanjut, Matematika",45.0,47.0,60.0,61.0,505.95,84.05,S1
811031.0,UNIVERSITAS PATTIMURA,PETERNAKAN PSDKU KAB. MBD,Prov. Maluku,Kota Ambon,UNPATTI,Peternakan,"Biologi, Matematika",5.0,1.0,13.0,1.0,466.7,82.09,S1
811032.0,UNIVERSITAS PATTIMURA,PENDIDIKAN MATEMATIKA PSDKU KAB. MBD,Prov. Maluku,Kota Ambon,UNPATTI,Pendidikan Matematika,"Matematika, Matematika Tingkat Lanjut",5.0,0.0,13.0,0.0,514.1,84.46,S1
811033.0,UNIVERSITAS PATTIMURA,PENDIDIKAN MATEMATIKA PSDKU KAB. ARU,Prov. Maluku,Kota Ambon,UNPATTI,Pendidikan Matematika,"Matematika, Matematika Tingkat Lanjut",5.0,0.0,13.0,0.0,501.67,83.83,S1
811034.0,UNIVERSITAS PATTIMURA,TEKNIK GEOFISIKA,Prov. Maluku,Kota Ambon,UNPATTI,Teknik atau rekayasa,"Fisika, Matematika Tingkat Lanjut, Matematika",12.0,8.0,16.0,10.0,482.36,82.87,S1
811035.0,UNIVERSITAS PATTIMURA,TEKNIK PERMINYAKAN,Prov. Maluku,Kota Ambon,UNPATTI,Teknik atau rekayasa,"Fisika, Matematika Tingkat Lanjut, Matematika",12.0,113.0,16.0,158.0,470.44,82.27,S1
811036.0,UNIVERSITAS PATTIMURA,TEKNIK KIMIA,Prov. Maluku,Kota Ambon,UNPATTI,Teknik atau rekayasa,"Fisika, Matematika Tingkat Lanjut, Matematika",4.0,4.0,10.0,8.0,532.79,85.39,S1
811037.0,UNIVERSITAS PATTIMURA,TEKNIK TRANSPORTASI LAUT,Prov. Maluku,Kota Ambon,UNPATTI,Teknik atau rekayasa,"Fisika, Matematika Tingkat Lanjut, Matematika",16.0,1.0,40.0,6.0,505.24,84.01,S1
811038.0,UNIVERSITAS PATTIMURA,HUKUM,Prov. Maluku,Kota Ambon,UNPATTI,Hukum,"Sosiologi, Pendidikan Pancasila",165.0,279.0,220.0,367.0,497.33,83.62,S1
811039.0,UNIVERSITAS PATTIMURA,ADMINISTRASI NEGARA,Prov. Maluku,Kota Ambon,UNPATTI,Urusan Publik,"Sosiologi, Pendidikan Pancasila",40.0,43.0,100.0,99.0,505.75,84.04,S1
811040.0,UNIVERSITAS PATTIMURA,ILMU PEMERINTAHAN,Prov. Maluku,Kota Ambon,UNPATTI,Urusan Publik,"Sosiologi, Pendidikan Pancasila",40.0,61.0,100.0,89.0,490.94,83.3,S1
811041.0,UNIVERSITAS PATTIMURA,SOSIOLOGI,Prov. Maluku,Kota Ambon,UNPATTI,Studi Humanitas,"Sosiologi, Pendidikan Pancasila, Antropologi",40.0,52.0,100.0,50.0,492.05,83.35,S1
811042.0,UNIVERSITAS PATTIMURA,MANAJEMEN,Prov. Maluku,Kota Ambon,UNPATTI,Ilmu atau Sains Manajemen,"Ekonomi, Matematika",120.0,311.0,160.0,313.0,544.77,85.99,S1
811043.0,UNIVERSITAS PATTIMURA,EKONOMI PEMBANGUNAN,Prov. Maluku,Kota Ambon,UNPATTI,Ekonomi,"Ekonomi, Matematika",76.0,61.0,190.0,76.0,505.0,84.0,S1
811044.0,UNIVERSITAS PATTIMURA,AKUNTANSI,Prov. Maluku,Kota Ambon,UNPATTI,Ilmu atau Sains Akuntansi,"Ekonomi, Matematika",120.0,259.0,160.0,277.0,604.02,88.95,S1
811045.0,UNIVERSITAS PATTIMURA,PENDIDIKAN SEJARAH,Prov. Maluku,Kota Ambon,UNPATTI,Pendidikan Sejarah,Sejarah,16.0,40.0,40.0,48.0,501.81,83.84,S1
811046.0,UNIVERSITAS PATTIMURA,PENDIDIKAN GEOGRAFI,Prov. Maluku,Kota Ambon,UNPATTI,Pendidikan Geografi,Geografi,30.0,50.0,40.0,23.0,516.48,84.57,S1
811047.0,UNIVERSITAS PATTIMURA,PENDIDIKAN EKONOMI,Prov. Maluku,Kota Ambon,UNPATTI,Pendidikan Ekonomi,Ekonomi,27.0,31.0,36.0,26.0,513.81,84.44,S1
811048.0,UNIVERSITAS PATTIMURA,PENDIDIKAN PANCASILA DAN KEWARGANEGARAAN,Prov. Maluku,Kota Ambon,UNPATTI,Pendidikan Pancasila,Pendidikan Pancasila,24.0,33.0,32.0,21.0,504.45,83.97,S1
811049.0,UNIVERSITAS PATTIMURA,PENDIDIKAN BAHASA INDONESIA,Prov. Maluku,Kota Ambon,UNPATTI,Pendidikan Bahasa Indonesia,Bahasa Indonesia,27.0,62.0,36.0,56.0,504.68,83.98,S1
811050.0,UNIVERSITAS PATTIMURA,PENDIDIKAN BAHASA INGGRIS,Prov. Maluku,Kota Ambon,UNPATTI,Pendidikan Bahasa Inggris,Bahasa Inggris,36.0,83.0,48.0,84.0,466.91,82.1,S1
811051.0,UNIVERSITAS PATTIMURA,PENDIDIKAN BAHASA JERMAN,Prov. Maluku,Kota Ambon,UNPATTI,Pendidikan Bahasa Jerman,"Bahasa Indoneisa, Bahasa Jerman",8.0,10.0,20.0,15.0,510.62,84.28,S1
811052.0,UNIVERSITAS PATTIMURA,PENDIDIKAN JASMANI KESEHATAN DAN REKREASI,Prov. Maluku,Kota Ambon,UNPATTI,Pendidikan Jasmani Kesehatan,"Pendidikan Jasmani, Biologi",30.0,15.0,75.0,17.0,499.25,83.71,S1
811053.0,UNIVERSITAS PATTIMURA,PENDIDIKAN BIMBINGAN DAN KONSELING,Prov. Maluku,Kota Ambon,UNPATTI,Psikologi,"Sosiologi, Matematika",18.0,46.0,24.0,36.0,479.62,82.73,S1
811054.0,UNIVERSITAS PATTIMURA,PENDIDIKAN LUAR SEKOLAH,Prov. Maluku,Kota Ambon,UNPATTI,Pendidikan Luar Sekolah,"Bahasa Indonesia, Matematika",10.0,3.0,25.0,6.0,474.45,82.47,S1
811055.0,UNIVERSITAS PATTIMURA,PENDIDIKAN GURU SD,Prov. Maluku,Kota Ambon,UNPATTI,Pendidikan SD,"Matematika, Bahasa Indonesia",54.0,70.0,72.0,98.0,513.93,84.45,S1
811056.0,UNIVERSITAS PATTIMURA,ILMU KOMUNIKASI,Prov. Maluku,Kota Ambon,UNPATTI,Ilmu atau Sains Komunikasi,"Sosiologi, Bahasa Indonesia, Antropologi",60.0,96.0,80.0,114.0,529.32,85.22,S1
811057.0,UNIVERSITAS PATTIMURA,PENYULUHAN PERTANIAN,Prov. Maluku,Kota Ambon,UNPATTI,Ilmu dan Sains Pertanian,"Biologi, Matematika",8.0,13.0,20.0,8.0,492.99,83.4,S1
811058.0,UNIVERSITAS PATTIMURA,HUKUM PSDKU KAB. MBD,Prov. Maluku,Kota Ambon,UNPATTI,Hukum,"Sosiologi, Pendidikan Pancasila",10.0,1.0,25.0,1.0,509.08,84.2,S1
811059.0,UNIVERSITAS PATTIMURA,AKUNTANSI PSDKU KAB. MBD,Prov. Maluku,Kota Ambon,UNPATTI,Ilmu atau Sains Akuntansi,"Ekonomi, Matematika",10.0,1.0,25.0,0.0,487.67,83.13,S1
811060.0,UNIVERSITAS PATTIMURA,PENDIDIKAN GURU SD PSDKU KAB. MBD,Prov. Maluku,Kota Ambon,UNPATTI,Pendidikan SD,"Matematika, Bahasa Indonesia",10.0,3.0,25.0,3.0,492.08,83.35,S1
811061.0,UNIVERSITAS PATTIMURA,PENDIDIKAN BAHASA INGGRIS PSDKU KAB. MBD,Prov. Maluku,Kota Ambon,UNPATTI,Pendidikan Bahasa Inggris,Bahasa Inggris,5.0,0.0,13.0,1.0,501.16,83.81,S1
811062.0,UNIVERSITAS PATTIMURA,HUKUM PSDKU KAB. ARU,Prov. Maluku,Kota Ambon,UNPATTI,Hukum,"Sosiologi, Pendidikan Pancasila",10.0,3.0,25.0,3.0,503.0,83.9,S1
811063.0,UNIVERSITAS PATTIMURA,AKUNTANSI PSDKU KAB. ARU,Prov. Maluku,Kota Ambon,UNPATTI,Ilmu atau Sains Akuntansi,"Ekonomi, Matematika",10.0,3.0,25.0,0.0,505.4,84.02,S1
811064.0,UNIVERSITAS PATTIMURA,PENDIDIKAN GURU SD PSDKU KAB. ARU,Prov. Maluku,Kota Ambon,UNPATTI,Pendidikan SD,"Matematika, Bahasa Indonesia",10.0,3.0,25.0,3.0,515.97,84.55,S1
811065.0,UNIVERSITAS PATTIMURA,PENDIDIKAN BAHASA INGGRIS PSDKU KAB. ARU,Prov. Maluku,Kota Ambon,UNPATTI,Pendidikan Bahasa Inggris,Bahasa Inggris,5.0,2.0,13.0,1.0,515.56,84.53,S1
811066.0,UNIVERSITAS PATTIMURA,PENDIDIKAN JASMANI KESEHATAN DAN REKREASI PSDKU KAB. ARU,Prov. Maluku,Kota Ambon,UNPATTI,Pendidikan Jasmani Kesehatan,"Pendidikan Jasmani, Biologi",12.0,0.0,30.0,2.0,509.42,84.22,S1
811067.0,UNIVERSITAS PATTIMURA,ADMINISTRASI PENDIDIKAN,Prov. Maluku,Kota Ambon,UNPATTI,Manajemen Pendidikan,"Ekonomi, Sosiologi",15.0,18.0,20.0,15.0,503.21,83.91,S1
811068.0,UNIVERSITAS PATTIMURA,ILMU LINGKUNGAN,Prov. Maluku,Kota Ambon,UNPATTI,Ilmu atau Sains Lingkungan,"Biologi, Matematika",4.0,0.0,10.0,0.0,0.0,0.0,S1
811069.0,UNIVERSITAS PATTIMURA,BIOTEKNOLOGI,Prov. Maluku,Kota Ambon,UNPATTI,"Bioteknologi, Biokewirausaha an, Bioinformatika","Biologi, Matematika",10.0,0.0,25.0,0.0,0.0,0.0,S1
811070.0,UNIVERSITAS PATTIMURA,PENDIDIKAN AKUNTANSI,Prov. Maluku,Kota Ambon,UNPATTI,Pendidikan Ekonomi,Ekonomi,10.0,0.0,25.0,0.0,0.0,0.0,S1
811071.0,UNIVERSITAS PATTIMURA,ILMU KOMPUTER,Prov. Maluku,Kota Ambon,UNPATTI,Komputer,"Matematika Tingkat Lanjut, Matematika",15.0,0.0,38.0,0.0,0.0,0.0,S1
811072.0,UNIVERSITAS PATTIMURA,PENGELOLAAN HUTAN,Prov. Maluku,Kota Ambon,UNPATTI,Kehutanan,"Biologi, Matematika",4.0,0.0,10.0,0.0,0.0,0.0,S1
811073.0,UNIVERSITAS PATTIMURA,FARMASI,Prov. Maluku,Kota Ambon,UNPATTI,Ilmu Farmasi,"Biologi, Kimia, Matematika",10.0,0.0,25.0,0.0,0.0,0.0,S1
821001.0,UNIVERSITAS KHAIRUN,TEKNIK SIPIL,Prov. Maluku Utara,Kota Ternate,UNKHAIR,Teknik atau rekayasa,"Fisika, Matematika Tingkat Lanjut, Matematika",36.0,113.0,48.0,209.0,531.1,85.31,S1
821002.0,UNIVERSITAS KHAIRUN,TEKNIK MESIN,Prov. Maluku Utara,Kota Ternate,UNKHAIR,Teknik atau rekayasa,"Fisika, Matematika Tingkat Lanjut, Matematika",36.0,18.0,48.0,34.0,530.52,85.28,S1
821003.0,UNIVERSITAS KHAIRUN,TEKNIK ELEKTRO,Prov. Maluku Utara,Kota Ternate,UNKHAIR,Teknik atau rekayasa,"Fisika, Matematika Tingkat Lanjut, Matematika",36.0,11.0,48.0,34.0,532.37,85.37,S1
821004.0,UNIVERSITAS KHAIRUN,ARSITEKTUR,Prov. Maluku Utara,Kota Ternate,UNKHAIR,Arsitektur,"Matematika, Fisika",36.0,52.0,48.0,65.0,532.96,85.4,S1
821005.0,UNIVERSITAS KHAIRUN,TEKNOLOGI PERTANIAN,Prov. Maluku Utara,Kota Ternate,UNKHAIR,Ilmu dan Sains Pertanian,"Biologi, Matematika",15.0,17.0,20.0,26.0,481.14,82.81,S1
821006.0,UNIVERSITAS KHAIRUN,PETERNAKAN,Prov. Maluku Utara,Kota Ternate,UNKHAIR,Peternakan,"Biologi, Matematika",12.0,5.0,16.0,9.0,474.54,82.48,S1
821007.0,UNIVERSITAS KHAIRUN,MANAJEMEN SUMBERDAYA PERAIRAN,Prov. Maluku Utara,Kota Ternate,UNKHAIR,"Bioteknologi, Biokewirausaha an, Bioinformatika","Biologi, Matematika",36.0,11.0,48.0,10.0,511.2,84.31,S1
821008.0,UNIVERSITAS KHAIRUN,ILMU KELAUTAN,Prov. Maluku Utara,Kota Ternate,UNKHAIR,Ilmu atau Sains Kelautan,"Biologi, Matematika, Geografi",36.0,18.0,48.0,17.0,507.72,84.14,S1
821009.0,UNIVERSITAS KHAIRUN,PEMANFAATAN SUMBERDAYA PERAIRAN,Prov. Maluku Utara,Kota Ternate,UNKHAIR,"Bioteknologi, Biokewirausaha an, Bioinformatika","Biologi, Matematika",36.0,1.0,48.0,6.0,497.51,83.63,S1
821010.0,UNIVERSITAS KHAIRUN,BUDIDAYA PERAIRAN,Prov. Maluku Utara,Kota Ternate,UNKHAIR,"Bioteknologi, Biokewirausaha an, Bioinformatika","Biologi, Matematika",36.0,7.0,48.0,10.0,504.06,83.95,S1
821011.0,UNIVERSITAS KHAIRUN,PENDIDIKAN MATEMATIKA,Prov. Maluku Utara,Kota Ternate,UNKHAIR,Pendidikan Matematika,"Matematika, Matematika Tingkat Lanjut",36.0,30.0,48.0,27.0,492.31,83.37,S1
821012.0,UNIVERSITAS KHAIRUN,PENDIDIKAN BIOLOGI,Prov. Maluku Utara,Kota Ternate,UNKHAIR,Pendidikan Biologi,Biologi,30.0,30.0,40.0,40.0,486.66,83.08,S1
821013.0,UNIVERSITAS KHAIRUN,PENDIDIKAN FISIKA,Prov. Maluku Utara,Kota Ternate,UNKHAIR,Pendidikan Fisika,Fisika,24.0,14.0,32.0,17.0,499.06,83.7,S1
821014.0,UNIVERSITAS KHAIRUN,PENDIDIKAN KIMIA,Prov. Maluku Utara,Kota Ternate,UNKHAIR,Pendidikan Kimia,Kimia,48.0,18.0,64.0,19.0,503.6,83.93,S1
821015.0,UNIVERSITAS KHAIRUN,AGROTEKNOLOGI,Prov. Maluku Utara,Kota Ternate,UNKHAIR,Ilmu dan Sains Pertanian,"Biologi, Matematika",15.0,5.0,20.0,13.0,502.55,83.88,S1
821016.0,UNIVERSITAS KHAIRUN,TEKNIK INFORMATIKA,Prov. Maluku Utara,Kota Ternate,UNKHAIR,Ilmu atau Sains Informasi,"Matematika Tingkat Lanjut, Matematika",36.0,211.0,48.0,335.0,540.96,85.8,S1
821017.0,UNIVERSITAS KHAIRUN,KEHUTANAN,Prov. Maluku Utara,Kota Ternate,UNKHAIR,Kehutanan,"Biologi, Matematika",21.0,22.0,28.0,26.0,515.67,84.53,S1
821018.0,UNIVERSITAS KHAIRUN,TEKNIK PERTAMBANGAN,Prov. Maluku Utara,Kota Ternate,UNKHAIR,Teknik atau rekayasa,"Fisika, Matematika Tingkat Lanjut, Matematika",24.0,92.0,32.0,145.0,518.71,84.69,S1
821019.0,UNIVERSITAS KHAIRUN,AGROBISNIS,Prov. Maluku Utara,Kota Ternate,UNKHAIR,Ilmu dan Sains Pertanian,"Biologi, Matematika",21.0,25.0,28.0,36.0,504.91,84.0,S1
821020.0,UNIVERSITAS KHAIRUN,KEDOKTERAN,Prov. Maluku Utara,Kota Ternate,UNKHAIR,Ilmu atau Sains Kedokteran,"Biologi, Kimia, Matematika",15.0,198.0,20.0,328.0,628.19,90.16,S1
821021.0,UNIVERSITAS KHAIRUN,ILMU TANAH,Prov. Maluku Utara,Kota Ternate,UNKHAIR,Ilmu atau Sains Lingkungan,"Biologi, Matematika",18.0,6.0,24.0,25.0,469.91,82.25,S1
821022.0,UNIVERSITAS KHAIRUN,FARMASI,Prov. Maluku Utara,Kota Ternate,UNKHAIR,Ilmu Farmasi,"Biologi, Kimia, Matematika",15.0,178.0,20.0,202.0,543.65,85.93,S1
821023.0,UNIVERSITAS KHAIRUN,HUKUM,Prov. Maluku Utara,Kota Ternate,UNKHAIR,Hukum,"Sosiologi, Pendidikan Pancasila",113.0,155.0,150.0,194.0,513.4,84.42,S1
821024.0,UNIVERSITAS KHAIRUN,EKONOMI PEMBANGUNAN,Prov. Maluku Utara,Kota Ternate,UNKHAIR,Ekonomi,"Ekonomi, Matematika",60.0,52.0,80.0,61.0,529.26,85.21,S1
821025.0,UNIVERSITAS KHAIRUN,MANAJEMEN,Prov. Maluku Utara,Kota Ternate,UNKHAIR,Ilmu atau Sains Manajemen,"Ekonomi, Matematika",72.0,228.0,96.0,292.0,543.48,85.92,S1
821026.0,UNIVERSITAS KHAIRUN,SEJARAH,Prov. Maluku Utara,Kota Ternate,UNKHAIR,Sejarah,Sejarah,12.0,5.0,16.0,14.0,505.73,84.04,S1
821027.0,UNIVERSITAS KHAIRUN,SASTRA INDONESIA,Prov. Maluku Utara,Kota Ternate,UNKHAIR,Susastra atau Sastra,"Bahasa Indonesia, Bahasa Inggris, Bahasa Asing Lainnya",9.0,13.0,12.0,11.0,505.14,84.01,S1
821028.0,UNIVERSITAS KHAIRUN,SASTRA INGGRIS,Prov. Maluku Utara,Kota Ternate,UNKHAIR,Susastra atau Sastra,"Bahasa Indonesia, Bahasa Inggris, Bahasa Asing Lainnya",36.0,55.0,48.0,65.0,512.16,84.36,S1
821029.0,UNIVERSITAS KHAIRUN,PENDIDIKAN PANCASILA DAN KEWARGANEGARAAN,Prov. Maluku Utara,Kota Ternate,UNKHAIR,Pendidikan Pancasila,Pendidikan Pancasila,30.0,19.0,40.0,23.0,505.51,84.03,S1
821030.0,UNIVERSITAS KHAIRUN,PENDIDIKAN BAHASA INDONESIA,Prov. Maluku Utara,Kota Ternate,UNKHAIR,Pendidikan Bahasa Indonesia,Bahasa Indonesia,30.0,31.0,40.0,45.0,501.64,83.83,S1
821031.0,UNIVERSITAS KHAIRUN,PENDIDIKAN BAHASA INGGRIS,Prov. Maluku Utara,Kota Ternate,UNKHAIR,Pendidikan Bahasa Inggris,Bahasa Inggris,48.0,58.0,64.0,56.0,505.67,84.03,S1
821032.0,UNIVERSITAS KHAIRUN,AKUNTANSI,Prov. Maluku Utara,Kota Ternate,UNKHAIR,Ilmu atau Sains Akuntansi,"Ekonomi, Matematika",72.0,144.0,96.0,209.0,534.18,85.46,S1
821033.0,UNIVERSITAS KHAIRUN,PENDIDIKAN GEOGRAFI,Prov. Maluku Utara,Kota Ternate,UNKHAIR,Pendidikan Geografi,Geografi,30.0,14.0,40.0,16.0,464.82,81.99,S1
821034.0,UNIVERSITAS KHAIRUN,PENDIDIKAN GURU SD,Prov. Maluku Utara,Kota Ternate,UNKHAIR,Pendidikan SD,"Matematika, Bahasa Indonesia",48.0,79.0,64.0,119.0,515.19,84.51,S1
821035.0,UNIVERSITAS KHAIRUN,ANTROPOLOGI SOSIAL,Prov. Maluku Utara,Kota Ternate,UNKHAIR,Studi Humanitas,"Sosiologi, Pendidikan Pancasila, Antropologi",12.0,7.0,16.0,16.0,506.44,84.07,S1
821036.0,UNIVERSITAS KHAIRUN,PENDIDIKAN GURU PAUD,Prov. Maluku Utara,Kota Ternate,UNKHAIR,Pendidikan PAUD,"Matematika, Bahasa Indonesia",48.0,54.0,64.0,73.0,482.55,82.88,S1
821037.0,UNIVERSITAS KHAIRUN,USAHA PERJALANAN WISATA,Prov. Maluku Utara,Kota Ternate,UNKHAIR,Pariwisata,"Ekonomi, Matematika",9.0,0.0,12.0,0.0,0.0,0.0,D3
821038.0,UNIVERSITAS KHAIRUN,PSIKOLOGI,Prov. Maluku Utara,Kota Ternate,UNKHAIR,Psikologi,"Sosiologi, Matematika",15.0,0.0,20.0,0.0,0.0,0.0,S1
821039.0,UNIVERSITAS KHAIRUN,TEKNIK INDUSTRI,Prov. Maluku Utara,Kota Ternate,UNKHAIR,Teknik atau rekayasa,"Fisika, Matematika Tingkat Lanjut, Matematika",24.0,0.0,32.0,0.0,0.0,0.0,S1
831001.0,POLITEKNIK NEGERI AMBON,TEKNIK INFORMATIKA,Prov. Maluku,Kota Ambon,POLNAM,Ilmu atau Sains Informasi,"Matematika Tingkat Lanjut, Matematika",30.0,51.0,30.0,74.0,471.23,82.31,D4
831002.0,POLITEKNIK NEGERI AMBON,MANAJEMEN PROYEK KONSTRUKSI,Prov. Maluku,Kota Ambon,POLNAM,Teknik atau rekayasa,"Fisika, Matematika Tingkat Lanjut, Matematika",30.0,10.0,30.0,11.0,480.72,82.79,D4
831003.0,POLITEKNIK NEGERI AMBON,TEKNIK KONSTRUKSI JALAN DAN JEMBATAN,Prov. Maluku,Kota Ambon,POLNAM,Teknik atau rekayasa,"Fisika, Matematika Tingkat Lanjut, Matematika",30.0,16.0,30.0,25.0,472.24,82.36,D4
831004.0,POLITEKNIK NEGERI AMBON,TEKNIK PRODUKSI MIGAS,Prov. Maluku,Kota Ambon,POLNAM,Teknik atau rekayasa,"Fisika, Matematika Tingkat Lanjut, Matematika",20.0,39.0,20.0,40.0,509.24,84.21,D4
831005.0,POLITEKNIK NEGERI AMBON,TEKNOLOGI REKAYASA SISTEM KELISTRIKAN MINYAK DAN GAS,Prov. Maluku,Kota Ambon,POLNAM,Teknik atau rekayasa,"Fisika, Matematika Tingkat Lanjut, Matematika",20.0,12.0,20.0,10.0,505.96,84.05,D4
831006.0,POLITEKNIK NEGERI AMBON,TEKNOLOGI REKAYASA SISTEM MEKANIKAL MINYAK DAN GAS,Prov. Maluku,Kota Ambon,POLNAM,Teknik atau rekayasa,"Fisika, Matematika Tingkat Lanjut, Matematika",30.0,12.0,30.0,9.0,498.51,83.68,D4
831007.0,POLITEKNIK NEGERI AMBON,ADMINISTRASI BISNIS - D4,Prov. Maluku,Kota Ambon,POLNAM,Administrasi Bisnis,"Ekonomi, Matematika",50.0,24.0,50.0,11.0,504.53,83.98,D4
831008.0,POLITEKNIK NEGERI AMBON,AKUNTANSI,Prov. Maluku,Kota Ambon,POLNAM,Ilmu atau Sains Akuntansi,"Ekonomi, Matematika",80.0,0.0,80.0,0.0,0.0,0.0,D3
831009.0,POLITEKNIK NEGERI AMBON,ADMINISTRASI BISNIS - D3,Prov. Maluku,Kota Ambon,POLNAM,Administrasi Bisnis,"Ekonomi, Matematika",30.0,0.0,30.0,0.0,0.0,0.0,D3
831010.0,POLITEKNIK NEGERI AMBON,TEKNIK SIPIL,Prov. Maluku,Kota Ambon,POLNAM,Teknik atau rekayasa,"Fisika, Matematika Tingkat Lanjut, Matematika",30.0,0.0,30.0,0.0,0.0,0.0,D3
831011.0,POLITEKNIK NEGERI AMBON,TEKNIK MESIN,Prov. Maluku,Kota Ambon,POLNAM,Teknik atau rekayasa,"Fisika, Matematika Tingkat Lanjut, Matematika",30.0,0.0,30.0,0.0,0.0,0.0,D3
831012.0,POLITEKNIK NEGERI AMBON,TEKNIK LISTRIK,Prov. Maluku,Kota Ambon,POLNAM,Teknik atau rekayasa,"Fisika, Matematika Tingkat Lanjut, Matematika",30.0,0.0,30.0,0.0,0.0,0.0,D3
831013.0,POLITEKNIK NEGERI AMBON,AKUNTANSI SEKTOR PUBLIK,Prov. Maluku,Kota Ambon,POLNAM,Ilmu atau Sains Akuntansi,"Ekonomi, Matematika",20.0,0.0,20.0,0.0,0.0,0.0,D4
832001.0,POLITEKNIK PERIKANAN NEGERI TUAL,TEKNOLOGI KELAUTAN,Prov. Maluku,Kabupaten Maluku,POLIKANT,Ilmu atau Sains Kelautan,"Biologi, Matematika, Geografi",10.0,2.0,25.0,1.0,487.79,83.14,D4
832002.0,POLITEKNIK PERIKANAN NEGERI TUAL,BIOTEKNOLOGI PERIKANAN,Prov. Maluku,Kabupaten Maluku,POLIKANT,"Bioteknologi, Biokewirausaha an, Bioinformatika","Biologi, Matematika",8.0,0.0,20.0,0.0,489.9,83.25,D4
832003.0,POLITEKNIK PERIKANAN NEGERI TUAL,MANAJEMEN REKAYASA PERIKANAN TANGKAP,Prov. Maluku,Kabupaten Maluku,POLIKANT,Ilmu atau Sains Perikanan,"Biologi, Matematika",8.0,1.0,20.0,1.0,499.42,83.72,D4
832004.0,POLITEKNIK PERIKANAN NEGERI TUAL,REKAYASA BUDIDAYA LAUT,Prov. Maluku,Kabupaten Maluku,POLIKANT,Ilmu atau Sains Kelautan,"Biologi, Matematika, Geografi",10.0,0.0,25.0,1.0,503.51,83.93,D4
832005.0,POLITEKNIK PERIKANAN NEGERI TUAL,MANAJEMEN REKAYASA PENGOLAHAN HASIL PERIKANAN,Prov. Maluku,Kabupaten Maluku,POLIKANT,"Teknologi Pangan, Teknologi Hasil Pertanian/ Peternakan/ Perikanan","Kimia, Biologi, Matematika",8.0,2.0,20.0,2.0,496.32,83.57,D4
832006.0,POLITEKNIK PERIKANAN NEGERI TUAL,AGROWISATA BAHARI,Prov. Maluku,Kabupaten Maluku,POLIKANT,"Bioteknologi, Biokewirausaha an, Bioinformatika","Biologi, Matematika",12.0,3.0,30.0,1.0,497.86,83.64,D4
832007.0,POLITEKNIK PERIKANAN NEGERI TUAL,AGROBISNIS PERIKANAN,Prov. Maluku,Kabupaten Maluku,POLIKANT,"Bioteknologi, Biokewirausaha an, Bioinformatika","Biologi, Matematika",12.0,0.0,30.0,0.0,0.0,0.0,D3
832008.0,POLITEKNIK PERIKANAN NEGERI TUAL,TEKNOLOGI PENANGKAPAN IKAN,Prov. Maluku,Kabupaten Maluku,POLIKANT,Ilmu atau Sains Perikanan,"Biologi, Matematika",10.0,0.0,25.0,0.0,0.0,0.0,D3
832009.0,POLITEKNIK PERIKANAN NEGERI TUAL,TEKNOLOGI BUDIDAYA PERIKANAN,Prov. Maluku,Kabupaten Maluku,POLIKANT,Ilmu atau Sains Perikanan,"Biologi, Matematika",12.0,0.0,30.0,0.0,0.0,0.0,D3
832010.0,POLITEKNIK PERIKANAN NEGERI TUAL,TEKNOLOGI HASIL PERIKANAN,Prov. Maluku,Kabupaten Maluku,POLIKANT,"Teknologi Pangan, Teknologi Hasil Pertanian/ Peternakan/ Perikanan","Kimia, Biologi, Matematika",10.0,0.0,25.0,0.0,0.0,0.0,D3
911001.0,UNIVERSITAS CENDERAWASIH,MATEMATIKA,Prov. Papua,Kota Jayapura,UNCEN,Matematika,"Matematika Tingkat Lanjut, Matematika",10.0,6.0,18.0,3.0,498.24,83.66,S1
911002.0,UNIVERSITAS CENDERAWASIH,BIOLOGI,Prov. Papua,Kota Jayapura,UNCEN,Biologi,"Biologi, Matematika",10.0,15.0,18.0,13.0,501.17,83.81,S1
911003.0,UNIVERSITAS CENDERAWASIH,KIMIA,Prov. Papua,Kota Jayapura,UNCEN,Kimia,"Kimia, Matematika",10.0,4.0,18.0,2.0,496.33,83.57,S1
911004.0,UNIVERSITAS CENDERAWASIH,FISIKA,Prov. Papua,Kota Jayapura,UNCEN,Fisika,"Fisika, Matematika",10.0,3.0,18.0,1.0,485.47,83.02,S1
911005.0,UNIVERSITAS CENDERAWASIH,KESEHATAN MASYARAKAT,Prov. Papua,Kota Jayapura,UNCEN,Kesehatan Masyarakat,"Biologi, Matematika, Sosiologi",150.0,115.0,270.0,121.0,503.47,83.92,S1
911006.0,UNIVERSITAS CENDERAWASIH,PENDIDIKAN MATEMATIKA,Prov. Papua,Kota Jayapura,UNCEN,Pendidikan Matematika,"Matematika, Matematika Tingkat Lanjut",25.0,18.0,45.0,10.0,502.04,83.85,S1
911007.0,UNIVERSITAS CENDERAWASIH,PENDIDIKAN BIOLOGI,Prov. Papua,Kota Jayapura,UNCEN,Pendidikan Biologi,Biologi,25.0,14.0,45.0,9.0,497.92,83.65,S1
911008.0,UNIVERSITAS CENDERAWASIH,PENDIDIKAN KIMIA,Prov. Papua,Kota Jayapura,UNCEN,Pendidikan Kimia,Kimia,25.0,9.0,45.0,4.0,488.85,83.19,S1
911009.0,UNIVERSITAS CENDERAWASIH,PENDIDIKAN FISIKA,Prov. Papua,Kota Jayapura,UNCEN,Pendidikan Fisika,Fisika,25.0,5.0,45.0,3.0,489.21,83.21,S1
911010.0,UNIVERSITAS CENDERAWASIH,TEKNIK SIPIL - S1,Prov. Papua,Kota Jayapura,UNCEN,Teknik atau rekayasa,"Fisika, Matematika Tingkat Lanjut, Matematika",10.0,92.0,18.0,107.0,505.63,84.03,S1
911011.0,UNIVERSITAS CENDERAWASIH,TEKNIK ELEKTRO,Prov. Papua,Kota Jayapura,UNCEN,Teknik atau rekayasa,"Fisika, Matematika Tingkat Lanjut, Matematika",13.0,25.0,23.0,31.0,506.82,84.09,S1
911012.0,UNIVERSITAS CENDERAWASIH,KEDOKTERAN,Prov. Papua,Kota Jayapura,UNCEN,Ilmu atau Sains Kedokteran,"Biologi, Kimia, Matematika",35.0,396.0,65.0,411.0,607.87,89.14,S1
911013.0,UNIVERSITAS CENDERAWASIH,KEPERAWATAN,Prov. Papua,Kota Jayapura,UNCEN,Keperawatan,"Biologi, Matematika",13.0,134.0,23.0,140.0,510.41,84.27,S1
911014.0,UNIVERSITAS CENDERAWASIH,TEKNIK MESIN - S1,Prov. Papua,Kota Jayapura,UNCEN,Teknik atau rekayasa,"Fisika, Matematika Tingkat Lanjut, Matematika",13.0,9.0,23.0,23.0,512.6,84.38,S1
911015.0,UNIVERSITAS CENDERAWASIH,TEKNIK PERTAMBANGAN,Prov. Papua,Kota Jayapura,UNCEN,Teknik atau rekayasa,"Fisika, Matematika Tingkat Lanjut, Matematika",13.0,51.0,23.0,81.0,499.71,83.74,S1
911016.0,UNIVERSITAS CENDERAWASIH,ILMU KELAUTAN,Prov. Papua,Kota Jayapura,UNCEN,Ilmu atau Sains Kelautan,"Biologi, Matematika, Geografi",10.0,5.0,18.0,6.0,498.76,83.69,S1
911017.0,UNIVERSITAS CENDERAWASIH,FARMASI,Prov. Papua,Kota Jayapura,UNCEN,Ilmu Farmasi,"Biologi, Kimia, Matematika",13.0,247.0,23.0,244.0,511.11,84.31,S1
911018.0,UNIVERSITAS CENDERAWASIH,SISTEM INFORMASI,Prov. Papua,Kota Jayapura,UNCEN,Ilmu atau Sains Informasi,"Matematika Tingkat Lanjut, Matematika",13.0,75.0,23.0,73.0,501.59,83.83,S1
911019.0,UNIVERSITAS CENDERAWASIH,TEKNIK GEOFISIKA,Prov. Papua,Kota Jayapura,UNCEN,Teknik atau rekayasa,"Fisika, Matematika Tingkat Lanjut, Matematika",10.0,5.0,18.0,2.0,493.02,83.4,S1
911020.0,UNIVERSITAS CENDERAWASIH,PERENCANAAN WILAYAH DAN KOTA,Prov. Papua,Kota Jayapura,UNCEN,Perencanaan Wilayah,"Ekonomi, Matematika",10.0,18.0,18.0,18.0,500.81,83.79,S1
911021.0,UNIVERSITAS CENDERAWASIH,ILMU KEOLAHRAGAAN,Prov. Papua,Kota Jayapura,UNCEN,Ilmu atau Sains Keolahragaan,"PJOK, Biologi",50.0,0.0,90.0,4.0,480.17,82.76,S1
911022.0,UNIVERSITAS CENDERAWASIH,PERIKANAN,Prov. Papua,Kota Jayapura,UNCEN,Ilmu atau Sains Perikanan,"Biologi, Matematika",10.0,1.0,18.0,7.0,480.74,82.79,S1
911023.0,UNIVERSITAS CENDERAWASIH,STATISTIK,Prov. Papua,Kota Jayapura,UNCEN,Sains Data,"Matematika Tingkat Lanjut, Matematika",10.0,17.0,18.0,7.0,494.99,83.5,S1
911024.0,UNIVERSITAS CENDERAWASIH,EKONOMI,Prov. Papua,Kota Jayapura,UNCEN,Ekonomi,"Ekonomi, Matematika",60.0,52.0,108.0,20.0,508.53,84.18,S1
911025.0,UNIVERSITAS CENDERAWASIH,ADMINISTRASI NEGARA,Prov. Papua,Kota Jayapura,UNCEN,Administrasi Bisnis,"Ekonomi, Matematika",20.0,30.0,36.0,21.0,494.86,83.49,S1
911026.0,UNIVERSITAS CENDERAWASIH,ANTROPOLOGI SOSIAL,Prov. Papua,Kota Jayapura,UNCEN,Studi Humanitas,"Sosiologi, Pendidikan Pancasila, Antropologi",20.0,11.0,36.0,3.0,503.82,83.94,S1
911027.0,UNIVERSITAS CENDERAWASIH,HUKUM,Prov. Papua,Kota Jayapura,UNCEN,Hukum,"Sosiologi, Pendidikan Pancasila",100.0,135.0,180.0,79.0,510.74,84.29,S1
911028.0,UNIVERSITAS CENDERAWASIH,MANAJEMEN,Prov. Papua,Kota Jayapura,UNCEN,Ilmu atau Sains Manajemen,"Ekonomi, Matematika",60.0,149.0,108.0,74.0,508.2,84.16,S1
911029.0,UNIVERSITAS CENDERAWASIH,ILMU KESEJAHTERAAN SOSIAL,Prov. Papua,Kota Jayapura,UNCEN,Studi Humanitas,"Sosiologi, Pendidikan Pancasila, Antropologi",20.0,7.0,36.0,4.0,494.62,83.48,S1
911030.0,UNIVERSITAS CENDERAWASIH,PENDIDIKAN PANCASILA DAN KEWARGANEGARAAN,Prov. Papua,Kota Jayapura,UNCEN,Pendidikan Pancasila,Pendidikan Pancasila,25.0,8.0,45.0,10.0,472.25,82.36,S1
911031.0,UNIVERSITAS CENDERAWASIH,AKUNTANSI,Prov. Papua,Kota Jayapura,UNCEN,Ilmu atau Sains Akuntansi,"Ekonomi, Matematika",58.0,145.0,104.0,76.0,510.4,84.27,S1
911032.0,UNIVERSITAS CENDERAWASIH,ILMU PEMERINTAHAN,Prov. Papua,Kota Jayapura,UNCEN,Urusan Publik,"Sosiologi, Pendidikan Pancasila",20.0,44.0,36.0,26.0,504.7,83.99,S1
911033.0,UNIVERSITAS CENDERAWASIH,PENDIDIKAN BIMBINGAN DAN KONSELING,Prov. Papua,Kota Jayapura,UNCEN,Psikologi,"Sosiologi, Matematika",25.0,22.0,45.0,11.0,488.92,83.2,S1
911035.0,UNIVERSITAS CENDERAWASIH,PENDIDIKAN GEOGRAFI,Prov. Papua,Kota Jayapura,UNCEN,Pendidikan Geografi,Geografi,25.0,15.0,45.0,14.0,477.71,82.64,S1
911036.0,UNIVERSITAS CENDERAWASIH,PENDIDIKAN SEJARAH,Prov. Papua,Kota Jayapura,UNCEN,Pendidikan Sejarah,Sejarah,25.0,14.0,45.0,4.0,479.78,82.74,S1
911037.0,UNIVERSITAS CENDERAWASIH,"PENDIDIKAN BAHASA, SASTRA INDONESIA DAN DAERAH",Prov. Papua,Kota Jayapura,UNCEN,Pendidikan Bahasa Indonesia,Bahasa Indonesia,25.0,22.0,45.0,19.0,513.99,84.45,S1
911038.0,UNIVERSITAS CENDERAWASIH,PENDIDIKAN BAHASA INGGRIS,Prov. Papua,Kota Jayapura,UNCEN,Pendidikan Bahasa Inggris,Bahasa Inggris,25.0,39.0,45.0,28.0,499.14,83.71,S1
911039.0,UNIVERSITAS CENDERAWASIH,HUBUNGAN INTERNASIONAL,Prov. Papua,Kota Jayapura,UNCEN,Ilmu atau Sains Komunikasi,"Sosiologi, Bahasa Indonesia, Antropologi",20.0,80.0,36.0,50.0,519.5,84.73,S1
911040.0,UNIVERSITAS CENDERAWASIH,PENDIDIKAN GURU SD,Prov. Papua,Kota Jayapura,UNCEN,Pendidikan SD,"Matematika, Bahasa Indonesia",25.0,81.0,45.0,52.0,500.06,83.75,S1
911041.0,UNIVERSITAS CENDERAWASIH,PENDIDIKAN JASMANI KESEHATAN DAN REKREASI,Prov. Papua,Kota Jayapura,UNCEN,Pendidikan Jasmani Kesehatan,"Pendidikan Jasmani, Biologi",25.0,1.0,45.0,5.0,505.39,84.02,S1
911042.0,UNIVERSITAS CENDERAWASIH,PENDIDIKAN GURU PAUD,Prov. Papua,Kota Jayapura,UNCEN,Pendidikan PAUD,"Matematika, Bahasa Indonesia",25.0,13.0,45.0,3.0,498.99,83.7,S1
911043.0,UNIVERSITAS CENDERAWASIH,PERPUSTAKAAN,Prov. Papua,Kota Jayapura,UNCEN,Ilmu atau Sains Komunikasi,"Sosiologi, Bahasa Indonesia, Antropologi",10.0,13.0,18.0,4.0,471.26,82.31,S1
911044.0,UNIVERSITAS CENDERAWASIH,MANAJEMEN ADMINISTRASI PERKANTORAN,Prov. Papua,Kota Jayapura,UNCEN,Administrasi Bisnis,"Ekonomi, Matematika",20.0,67.0,36.0,37.0,510.07,84.25,S1
911045.0,UNIVERSITAS CENDERAWASIH,MANAJEMEN PENDIDIKAN,Prov. Papua,Kota Jayapura,UNCEN,Manajemen Pendidikan,"Ekonomi, Sosiologi",25.0,14.0,45.0,14.0,512.81,84.39,S1
911046.0,UNIVERSITAS CENDERAWASIH,PENDIDIKAN KEPELATIHAN OLAHRAGA,Prov. Papua,Kota Jayapura,UNCEN,Pendidikan Jasmani Kesehatan,"Pendidikan Jasmani, Biologi",50.0,1.0,90.0,2.0,487.2,83.11,S1
911048.0,UNIVERSITAS CENDERAWASIH,TEKNIK MINERAL,Prov. Papua,Kota Jayapura,UNCEN,Teknik atau rekayasa,"Fisika, Matematika Tingkat Lanjut, Matematika",10.0,0.0,18.0,0.0,0.0,0.0,D3
911049.0,UNIVERSITAS CENDERAWASIH,TEKNIK ELEKTRONIKA,Prov. Papua,Kota Jayapura,UNCEN,Teknik atau rekayasa,"Fisika, Matematika Tingkat Lanjut, Matematika",10.0,0.0,18.0,0.0,0.0,0.0,D3
911051.0,UNIVERSITAS CENDERAWASIH,TEKNIK SIPIL - D3,Prov. Papua,Kota Jayapura,UNCEN,Teknik atau rekayasa,"Fisika, Matematika Tingkat Lanjut, Matematika",10.0,0.0,18.0,0.0,0.0,0.0,D3
911053.0,UNIVERSITAS CENDERAWASIH,TEKNIK MESIN - D3,Prov. Papua,Kota Jayapura,UNCEN,Teknik atau rekayasa,"Fisika, Matematika Tingkat Lanjut, Matematika",10.0,0.0,18.0,0.0,0.0,0.0,D3
911054.0,UNIVERSITAS CENDERAWASIH,TEKNIK GEOLOGI,Prov. Papua,Kota Jayapura,UNCEN,Ilmu atau Sains Kebumian,"Fisika, Matematika Tingkat Lanjut, Matematika",13.0,0.0,23.0,0.0,0.0,0.0,S1
912001.0,UNIVERSITAS MUSAMUS MERAUKE,TEKNIK ELEKTRO,Prov. Papua Barat,Kab Merauke,UNMUS,Teknik atau rekayasa,"Fisika, Matematika Tingkat Lanjut, Matematika",15.0,10.0,27.0,7.0,520.14,84.76,S1
912002.0,UNIVERSITAS MUSAMUS MERAUKE,TEKNIK MESIN,Prov. Papua Barat,Kab Merauke,UNMUS,Teknik atau rekayasa,"Fisika, Matematika Tingkat Lanjut, Matematika",15.0,7.0,27.0,7.0,520.28,84.76,S1
912003.0,UNIVERSITAS MUSAMUS MERAUKE,TEKNIK SIPIL,Prov. Papua Barat,Kab Merauke,UNMUS,Teknik atau rekayasa,"Fisika, Matematika Tingkat Lanjut, Matematika",20.0,17.0,36.0,16.0,525.73,85.04,S1
912004.0,UNIVERSITAS MUSAMUS MERAUKE,ARSITEKTUR,Prov. Papua Barat,Kab Merauke,UNMUS,Arsitektur,"Matematika, Fisika",12.0,10.0,23.0,5.0,508.65,84.18,S1
912005.0,UNIVERSITAS MUSAMUS MERAUKE,KETEKNIKAN PERTANIAN,Prov. Papua Barat,Kab Merauke,UNMUS,Ilmu dan Sains Pertanian,"Biologi, Matematika",12.0,6.0,23.0,5.0,488.93,83.2,S1
912006.0,UNIVERSITAS MUSAMUS MERAUKE,AGROBISNIS,Prov. Papua Barat,Kab Merauke,UNMUS,Ilmu dan Sains Pertanian,"Biologi, Matematika",15.0,21.0,27.0,9.0,471.73,82.34,S1
912007.0,UNIVERSITAS MUSAMUS MERAUKE,AGROTEKNOLOGI,Prov. Papua Barat,Kab Merauke,UNMUS,Ilmu dan Sains Pertanian,"Biologi, Matematika",15.0,16.0,27.0,4.0,482.71,82.89,S1
912008.0,UNIVERSITAS MUSAMUS MERAUKE,PETERNAKAN,Prov. Papua Barat,Kab Merauke,UNMUS,Peternakan,"Biologi, Matematika",10.0,6.0,18.0,2.0,509.55,84.23,S1
912009.0,UNIVERSITAS MUSAMUS MERAUKE,MANAJEMEN SUMBERDAYA PERAIRAN,Prov. Papua Barat,Kab Merauke,UNMUS,"Konservasi Biologi, Konservasi Hewan Liar, Konservasi Hewan Liar dan Hutan, Konservasi Hutan, Konservasi Sumber Daya Alam","Biologi, Matematika",10.0,6.0,18.0,6.0,496.15,83.56,S1
912010.0,UNIVERSITAS MUSAMUS MERAUKE,TEKNIK INFORMATIKA,Prov. Papua Barat,Kab Merauke,UNMUS,Ilmu atau Sains Informasi,"Matematika Tingkat Lanjut, Matematika",30.0,64.0,54.0,47.0,516.51,84.58,S1
912011.0,UNIVERSITAS MUSAMUS MERAUKE,SISTEM INFORMASI,Prov. Papua Barat,Kab Merauke,UNMUS,Ilmu atau Sains Informasi,"Matematika Tingkat Lanjut, Matematika",22.0,52.0,41.0,29.0,498.42,83.67,S1
912012.0,UNIVERSITAS MUSAMUS MERAUKE,PENDIDIKAN MATEMATIKA,Prov. Papua Barat,Kab Merauke,UNMUS,Pendidikan Matematika,"Matematika, Matematika Tingkat Lanjut",7.0,8.0,14.0,4.0,501.25,83.81,S1
912013.0,UNIVERSITAS MUSAMUS MERAUKE,PENDIDIKAN FISIKA,Prov. Papua Barat,Kab Merauke,UNMUS,Pendidikan Fisika,Fisika,7.0,3.0,14.0,6.0,502.59,83.88,S1
912014.0,UNIVERSITAS MUSAMUS MERAUKE,PENDIDIKAN KIMIA,Prov. Papua Barat,Kab Merauke,UNMUS,Pendidikan Kimia,Kimia,7.0,4.0,14.0,2.0,473.92,82.45,S1
912015.0,UNIVERSITAS MUSAMUS MERAUKE,PENDIDIKAN KOMPUTER,Prov. Papua Barat,Kab Merauke,UNMUS,Pendidikan Informatika,"Matematika Tingkat Lanjut, Matematika",15.0,12.0,27.0,9.0,503.7,83.94,S1
912016.0,UNIVERSITAS MUSAMUS MERAUKE,EKONOMI PEMBANGUNAN,Prov. Papua Barat,Kab Merauke,UNMUS,Ekonomi,"Ekonomi, Matematika",27.0,25.0,50.0,6.0,498.87,83.69,S1
912017.0,UNIVERSITAS MUSAMUS MERAUKE,MANAJEMEN,Prov. Papua Barat,Kab Merauke,UNMUS,Ilmu atau Sains Manajemen,"Ekonomi, Matematika",50.0,136.0,90.0,71.0,478.48,82.67,S1
912018.0,UNIVERSITAS MUSAMUS MERAUKE,AKUNTANSI,Prov. Papua Barat,Kab Merauke,UNMUS,Ilmu atau Sains Akuntansi,"Ekonomi, Matematika",27.0,53.0,50.0,32.0,511.57,84.33,S1
912019.0,UNIVERSITAS MUSAMUS MERAUKE,ADMINISTRASI NEGARA,Prov. Papua Barat,Kab Merauke,UNMUS,Administrasi Bisnis,"Ekonomi, Matematika",50.0,56.0,90.0,40.0,504.92,84.0,S1
912020.0,UNIVERSITAS MUSAMUS MERAUKE,PENDIDIKAN JASMANI KESEHATAN DAN REKREASI,Prov. Papua Barat,Kab Merauke,UNMUS,Pendidikan Jasmani Kesehatan,"Pendidikan Jasmani, Biologi",32.0,2.0,59.0,6.0,490.33,83.27,S1
912021.0,UNIVERSITAS MUSAMUS MERAUKE,PENDIDIKAN BAHASA DAN SASTRA INDONESIA,Prov. Papua Barat,Kab Merauke,UNMUS,Pendidikan Bahasa Indonesia,Bahasa Indonesia,25.0,25.0,45.0,10.0,478.74,82.69,S1
912022.0,UNIVERSITAS MUSAMUS MERAUKE,PENDIDIKAN BAHASA INGGRIS,Prov. Papua Barat,Kab Merauke,UNMUS,Pendidikan Bahasa Inggris,Bahasa Inggris,10.0,13.0,18.0,5.0,485.0,83.0,S1
912023.0,UNIVERSITAS MUSAMUS MERAUKE,PENDIDIKAN GURU SD,Prov. Papua Barat,Kab Merauke,UNMUS,Pendidikan SD,"Matematika, Bahasa Indonesia",37.0,41.0,68.0,25.0,511.42,84.32,S1
912024.0,UNIVERSITAS MUSAMUS MERAUKE,PENDIDIKAN GURU PAUD,Prov. Papua Barat,Kab Merauke,UNMUS,Pendidikan PAUD,"Matematika, Bahasa Indonesia",12.0,11.0,23.0,4.0,502.56,83.88,S1
912025.0,UNIVERSITAS MUSAMUS MERAUKE,HUKUM,Prov. Papua Barat,Kab Merauke,UNMUS,Hukum,"Sosiologi, Pendidikan Pancasila",50.0,58.0,90.0,33.0,493.89,83.44,S1
912026.0,UNIVERSITAS MUSAMUS MERAUKE,SASTRA INGGRIS,Prov. Papua Barat,Kab Merauke,UNMUS,Susastra atau Sastra,"Bahasa Indonesia, Bahasa Inggris, Bahasa Asing Lainnya",12.0,21.0,23.0,4.0,472.4,82.37,S1
912027.0,UNIVERSITAS MUSAMUS MERAUKE,PENDIDIKAN EKONOMI,Prov. Papua Barat,Kab Merauke,UNMUS,Pendidikan Ekonomi,Ekonomi,12.0,7.0,23.0,4.0,502.36,83.87,S1
913001.0,ISBI TANAH PAPUA,DESAIN KOMUNIKASI VISUAL (DKV),Prov. Papua,Kota Jayapura,ISBI TANAH PAPUA,Desain,"Seni Budaya, Matematika",8.0,0.0,14.0,4.0,481.2,82.81,S1
913002.0,ISBI TANAH PAPUA,SENI RUPA MURNI,Prov. Papua,Kota Jayapura,ISBI TANAH PAPUA,Seni,Seni Budaya,8.0,0.0,14.0,0.0,463.95,81.95,S1
913003.0,ISBI TANAH PAPUA,SENI KRIYA,Prov. Papua,Kota Jayapura,ISBI TANAH PAPUA,Desain,"Seni Budaya, Matematika",8.0,0.0,14.0,0.0,469.7,82.24,S1
913004.0,ISBI TANAH PAPUA,SENI MUSIK,Prov. Papua,Kota Jayapura,ISBI TANAH PAPUA,Seni,Seni Budaya,8.0,0.0,14.0,1.0,491.44,83.32,S1
913005.0,ISBI TANAH PAPUA,SENI TARI,Prov. Papua,Kota Jayapura,ISBI TANAH PAPUA,Seni,Seni Budaya,8.0,0.0,14.0,1.0,484.97,83.0,S1
921001.0,UNIVERSITAS PAPUA,TEKNOLOGI HASIL PERTANIAN,Prov. Papua Barat,Kab Manokwari,UNIPA,"Teknologi Pangan, Teknologi Hasil Pertanian/ Peternakan/ Perikanan","Kimia, Biologi, Matematika",36.0,6.0,48.0,3.0,499.21,83.71,S1
921002.0,UNIVERSITAS PAPUA,MANAJEMEN SUMBERDAYA PERAIRAN,Prov. Papua Barat,Kab Manokwari,UNIPA,Ilmu atau Sains Lingkungan,"Biologi, Matematika",36.0,10.0,48.0,5.0,497.78,83.64,S1
921003.0,UNIVERSITAS PAPUA,ILMU KELAUTAN,Prov. Papua Barat,Kab Manokwari,UNIPA,Ilmu atau Sains Kelautan,"Biologi, Matematika, Geografi",36.0,10.0,48.0,3.0,499.91,83.75,S1
921004.0,UNIVERSITAS PAPUA,MATEMATIKA,Prov. Papua Barat,Kab Manokwari,UNIPA,Matematika,"Matematika Tingkat Lanjut, Matematika",36.0,4.0,48.0,2.0,492.6,83.38,S1
921005.0,UNIVERSITAS PAPUA,FISIKA,Prov. Papua Barat,Kab Manokwari,UNIPA,Fisika,"Fisika, Matematika",36.0,0.0,48.0,0.0,501.4,83.82,S1
921006.0,UNIVERSITAS PAPUA,BIOLOGI,Prov. Papua Barat,Kab Manokwari,UNIPA,Biologi,"Biologi, Matematika",36.0,8.0,48.0,12.0,498.27,83.66,S1
921007.0,UNIVERSITAS PAPUA,KIMIA,Prov. Papua Barat,Kab Manokwari,UNIPA,Kimia,"Kimia, Matematika",36.0,2.0,48.0,0.0,497.39,83.62,S1
921008.0,UNIVERSITAS PAPUA,AGROBISNIS,Prov. Papua Barat,Kab Manokwari,UNIPA,Ilmu dan Sains Pertanian,"Biologi, Matematika",36.0,9.0,48.0,9.0,489.6,83.23,S1
921009.0,UNIVERSITAS PAPUA,AGROTEKNOLOGI,Prov. Papua Barat,Kab Manokwari,UNIPA,Ilmu dan Sains Pertanian,"Biologi, Matematika",36.0,4.0,48.0,3.0,489.95,83.25,S1
921010.0,UNIVERSITAS PAPUA,PETERNAKAN,Prov. Papua Barat,Kab Manokwari,UNIPA,Peternakan,"Biologi, Matematika",36.0,3.0,48.0,4.0,495.67,83.53,S1
921011.0,UNIVERSITAS PAPUA,KEHUTANAN,Prov. Papua Barat,Kab Manokwari,UNIPA,Kehutanan,"Biologi, Matematika",36.0,21.0,48.0,20.0,499.8,83.74,S1
921012.0,UNIVERSITAS PAPUA,TEKNIK INFORMATIKA,Prov. Papua Barat,Kab Manokwari,UNIPA,Ilmu atau Sains Informasi,"Matematika Tingkat Lanjut, Matematika",36.0,70.0,48.0,49.0,513.75,84.44,S1
921013.0,UNIVERSITAS PAPUA,TEKNIK PERTAMBANGAN - S1,Prov. Papua Barat,Kab Manokwari,UNIPA,Teknik atau rekayasa,"Fisika, Matematika Tingkat Lanjut, Matematika",36.0,42.0,48.0,25.0,509.41,84.22,S1
921014.0,UNIVERSITAS PAPUA,TEKNIK ELEKTRO,Prov. Papua Barat,Kab Manokwari,UNIPA,Teknik atau rekayasa,"Fisika, Matematika Tingkat Lanjut, Matematika",36.0,8.0,48.0,6.0,507.79,84.14,S1
921015.0,UNIVERSITAS PAPUA,PENDIDIKAN BIOLOGI,Prov. Papua Barat,Kab Manokwari,UNIPA,Pendidikan Biologi,Biologi,36.0,9.0,48.0,13.0,495.36,83.52,S1
921016.0,UNIVERSITAS PAPUA,PENDIDIKAN MATEMATIKA,Prov. Papua Barat,Kab Manokwari,UNIPA,Pendidikan Matematika,"Matematika, Matematika Tingkat Lanjut",36.0,6.0,48.0,2.0,503.71,83.94,S1
921017.0,UNIVERSITAS PAPUA,PENDIDIKAN KIMIA,Prov. Papua Barat,Kab Manokwari,UNIPA,Pendidikan Kimia,Kimia,36.0,2.0,48.0,0.0,492.31,83.37,S1
921018.0,UNIVERSITAS PAPUA,TEKNIK GEOLOGI,Prov. Papua Barat,Kab Manokwari,UNIPA,Ilmu atau Sains Kebumian,"Fisika, Matematika Tingkat Lanjut, Matematika",36.0,4.0,48.0,5.0,505.66,84.03,S1
921019.0,UNIVERSITAS PAPUA,PENDIDIKAN FISIKA,Prov. Papua Barat,Kab Manokwari,UNIPA,Pendidikan Fisika,Fisika,36.0,0.0,48.0,0.0,487.5,83.13,S1
921020.0,UNIVERSITAS PAPUA,ILMU TANAH,Prov. Papua Barat,Kab Manokwari,UNIPA,Ilmu atau Sains Lingkungan,"Biologi, Matematika",36.0,1.0,48.0,3.0,497.38,83.62,S1
921021.0,UNIVERSITAS PAPUA,NUTRISI DAN TEKNOLOGI PAKAN,Prov. Papua Barat,Kab Manokwari,UNIPA,Ilmu atau Sains Veteriner,"Biologi, Kimia, Matematika",36.0,1.0,48.0,0.0,501.43,83.82,S1
921022.0,UNIVERSITAS PAPUA,TEKNIK PERTANIAN DAN BIOSISTEM,Prov. Papua Barat,Kab Manokwari,UNIPA,Teknik atau rekayasa,"Fisika, Matematika Tingkat Lanjut, Matematika",36.0,6.0,48.0,4.0,489.79,83.24,S1
921023.0,UNIVERSITAS PAPUA,TEKNIK SIPIL,Prov. Papua Barat,Kab Manokwari,UNIPA,Teknik atau rekayasa,"Fisika, Matematika Tingkat Lanjut, Matematika",36.0,36.0,48.0,23.0,508.35,84.17,S1
921024.0,UNIVERSITAS PAPUA,EKONOMI PEMBANGUNAN,Prov. Papua Barat,Kab Manokwari,UNIPA,Ekonomi,"Ekonomi, Matematika",36.0,22.0,48.0,20.0,512.51,84.38,S1
921025.0,UNIVERSITAS PAPUA,SASTRA INGGRIS,Prov. Papua Barat,Kab Manokwari,UNIPA,Susastra atau Sastra,"Bahasa Indonesia, Bahasa Inggris, Bahasa Asing Lainnya",36.0,14.0,48.0,8.0,502.27,83.86,S1
921026.0,UNIVERSITAS PAPUA,ANTROPOLOGI,Prov. Papua Barat,Kab Manokwari,UNIPA,Studi Humanitas,"Sosiologi, Pendidikan Pancasila, Antropologi",36.0,6.0,48.0,4.0,502.88,83.89,S1
921027.0,UNIVERSITAS PAPUA,MANAJEMEN,Prov. Papua Barat,Kab Manokwari,UNIPA,Ilmu atau Sains Manajemen,"Ekonomi, Matematika",36.0,84.0,48.0,32.0,509.86,84.24,S1
921028.0,UNIVERSITAS PAPUA,AKUNTANSI,Prov. Papua Barat,Kab Manokwari,UNIPA,Ilmu atau Sains Akuntansi,"Ekonomi, Matematika",36.0,61.0,48.0,22.0,512.65,84.38,S1
921029.0,UNIVERSITAS PAPUA,SASTRA INDONESIA,Prov. Papua Barat,Kab Manokwari,UNIPA,Susastra atau Sastra,"Bahasa Indonesia, Bahasa Inggris, Bahasa Asing Lainnya",36.0,12.0,48.0,12.0,502.09,83.85,S1
921030.0,UNIVERSITAS PAPUA,PENDIDIKAN BAHASA INGGRIS,Prov. Papua Barat,Kab Manokwari,UNIPA,Pendidikan Bahasa Inggris,Bahasa Inggris,36.0,20.0,48.0,7.0,496.46,83.57,S1
921032.0,UNIVERSITAS PAPUA,TEKNIK PERMINYAKAN DAN GAS BUMI,Prov. Papua Barat,Kab Manokwari,UNIPA,Teknik atau rekayasa,"Fisika, Matematika Tingkat Lanjut, Matematika",24.0,0.0,32.0,0.0,0.0,0.0,D3
921033.0,UNIVERSITAS PAPUA,KESEHATAN HEWAN,Prov. Papua Barat,Kab Manokwari,UNIPA,Ilmu atau Sains Veteriner,"Biologi, Kimia, Matematika",24.0,0.0,32.0,0.0,0.0,0.0,D3
921034.0,UNIVERSITAS PAPUA,TEKNIK KOMPUTER,Prov. Papua Barat,Kab Manokwari,UNIPA,Teknik atau rekayasa,"Fisika, Matematika Tingkat Lanjut, Matematika",24.0,0.0,32.0,0.0,0.0,0.0,D3
921035.0,UNIVERSITAS PAPUA,EKOWISATA,Prov. Papua Barat,Kab Manokwari,UNIPA,Pariwisata,"Ekonomi, Matematika",24.0,0.0,32.0,0.0,0.0,0.0,D3
921036.0,UNIVERSITAS PAPUA,MANAJEMEN HUTAN ALAM PRODUKSI,Prov. Papua Barat,Kab Manokwari,UNIPA,Kehutanan,"Biologi, Matematika",24.0,0.0,32.0,0.0,0.0,0.0,D3
921037.0,UNIVERSITAS PAPUA,TEKNIK LISTRIK,Prov. Papua Barat,Kab Manokwari,UNIPA,Teknik atau rekayasa,"Fisika, Matematika Tingkat Lanjut, Matematika",24.0,0.0,32.0,0.0,0.0,0.0,D3
921038.0,UNIVERSITAS PAPUA,TEKNIK GEOLOGI TERAPAN,Prov. Papua Barat,Kab Manokwari,UNIPA,Ilmu atau Sains Kebumian,"Fisika, Matematika Tingkat Lanjut, Matematika",24.0,0.0,32.0,0.0,0.0,0.0,D3
921039.0,UNIVERSITAS PAPUA,BUDIDAYA TANAMAN PANGAN,Prov. Papua Barat,Kab Manokwari,UNIPA,"Bioteknologi, Biokewirausaha an, Bioinformatika","Biologi, Matematika",24.0,0.0,32.0,0.0,0.0,0.0,D3
921040.0,UNIVERSITAS PAPUA,BUDIDAYA HUTAN,Prov. Papua Barat,Kab Manokwari,UNIPA,Kehutanan,"Biologi, Matematika",24.0,0.0,32.0,0.0,0.0,0.0,D3
921041.0,UNIVERSITAS PAPUA,KONSERVASI SUMBERDAYA HUTAN,Prov. Papua Barat,Kab Manokwari,UNIPA,"Konservasi Biologi, Konservasi Hewan Liar, Konservasi Hewan Liar dan Hutan, Konservasi Hutan, Konservasi Sumber Daya Alam","Biologi, Matematika",24.0,0.0,32.0,0.0,0.0,0.0,D3
921042.0,UNIVERSITAS PAPUA,TEKNIK PERTAMBANGAN - D3,Prov. Papua Barat,Kab Manokwari,UNIPA,Ilmu atau Sains Kebumian,"Fisika, Matematika Tingkat Lanjut, Matematika",24.0,0.0,32.0,0.0,0.0,0.0,D3
921043.0,UNIVERSITAS PAPUA,BUDIDAYA PERIKANAN,Prov. Papua Barat,Kab Manokwari,UNIPA,Ilmu atau Sains Perikanan,"Biologi, Matematika",24.0,0.0,32.0,0.0,0.0,0.0,D3
921044.0,UNIVERSITAS PAPUA,BUDIDAYA TANAMAN PERKEBUNAN,Prov. Papua Barat,Kab Manokwari,UNIPA,Ilmu dan Sains Pertanian,"Biologi, Matematika",24.0,0.0,32.0,0.0,0.0,0.0,D3
921045.0,UNIVERSITAS PAPUA,BUDIDAYA TERNAK,Prov. Papua Barat,Kab Manokwari,UNIPA,Peternakan,"Biologi, Matematika",24.0,0.0,32.0,0.0,0.0,0.0,D3
921046.0,UNIVERSITAS PAPUA,TEKNIK PERMINYAKAN,Prov. Papua Barat,Kab Manokwari,UNIPA,Teknik atau rekayasa,"Fisika, Matematika Tingkat Lanjut, Matematika",36.0,0.0,48.0,0.0,0.0,0.0,S1
921047.0,UNIVERSITAS PAPUA,PENDIDIKAN GURU SD,Prov. Papua Barat,Kab Manokwari,UNIPA,Pendidikan SD,"Matematika, Bahasa Indonesia",36.0,0.0,48.0,0.0,0.0,0.0,S1
931001.0,POLITEKNIK NEGERI FAKFAK,TEKNOLOGI REKAYASA KONSTRUKSI JALAN DAN JEMBATAN,Prov. Papua Barat,Kab Fak-fak,POLINEF,Teknik atau rekayasa,"Fisika, Matematika Tingkat Lanjut, Matematika",24.0,2.0,24.0,0.0,488.86,83.19,D4
931002.0,POLITEKNIK NEGERI FAKFAK,TEKNIK LISTRIK,Prov. Papua Barat,Kab Fak-fak,POLINEF,Teknik atau rekayasa,"Fisika, Matematika Tingkat Lanjut, Matematika",24.0,0.0,24.0,0.0,0.0,0.0,D3
931003.0,POLITEKNIK NEGERI FAKFAK,TEKNIK SIPIL,Prov. Papua Barat,Kab Fak-fak,POLINEF,Teknik atau rekayasa,"Fisika, Matematika Tingkat Lanjut, Matematika",48.0,0.0,48.0,0.0,0.0,0.0,D3
931004.0,POLITEKNIK NEGERI FAKFAK,MANAJEMEN INFORMATIKA,Prov. Papua Barat,Kab Fak-fak,POLINEF,Ilmu atau Sains Informasi,"Matematika Tingkat Lanjut, Matematika",48.0,0.0,48.0,0.0,0.0,0.0,D3
931005.0,POLITEKNIK NEGERI FAKFAK,AGROINDUSTRI,Prov. Papua Barat,Kab Fak-fak,POLINEF,"Bioteknologi, Biokewirausaha an, Bioinformatika","Biologi, Matematika",36.0,0.0,36.0,0.0,0.0,0.0,D3
931006.0,POLITEKNIK NEGERI FAKFAK,TEKNIK PERAWATAN DAN PERBAIKAN MESIN,Prov. Papua Barat,Kab Fak-fak,POLINEF,Teknik atau rekayasa,"Fisika, Matematika Tingkat Lanjut, Matematika",36.0,0.0,36.0,0.0,0.0,0.0,D3
